bill_number,session,chamber,action_date,action,order
HB0001,2023_1,House,2023-02-21,Referred to The Committee To Provide Justice To Otherwise Barred Victims Of Childhood Sexual Abuse,1
HB0001,2023_1,House,2023-02-21,Reported as committed,2
HB0001,2023_1,House,2023-02-21,First consideration,3
HB0001,2023_1,House,2023-02-21,Laid on the table,4
HB0001,2023_1,House,2023-02-23,Second consideration,5
HB0001,2023_1,House,2023-02-23,(Remarks see House Journal Page 41-42),6
HB0001,2023_1,House,2023-02-24,Third consideration and final passage,7
HB0001,2023_1,House,2023-02-24,(Remarks see House Journal Page 52-58),8
HB0002,2023_1,House,2023-02-21,Referred to The Committee To Provide Justice To Otherwise Barred Victims Of Childhood Sexual Abuse,1
HB0002,2023_1,House,2023-02-21,Reported as committed,2
HB0002,2023_1,House,2023-02-21,First consideration,3
HB0002,2023_1,House,2023-02-21,Laid on the table,4
HB0002,2023_1,House,2023-02-23,"Corrective Reprint, Printer's No. 8",5
HB0002,2023_1,House,2023-02-23,Second consideration,6
HB0002,2023_1,House,2023-02-23,(Remarks see House Journal Page 42-46),7
HB0002,2023_1,House,2023-02-24,Third consideration and final passage,8
HB0002,2023_1,House,2023-02-24,(Remarks see House Journal Page 58-62),9
