Date,State,Bill No,Title,Action
"May 20, 2025",AK,HB 57,Increases the Basic Input Into the State's Public School Funding Formula for the Base Student Allocation by $700,"Veto Override Passed
                           - House
                      

                      
                          (29 - 11)"
"May 20, 2025",AK,HB 55,Appropriates Funding for the State Mental Health Budget,"Conference Report Adopted
                           - House
                      

                      
                          (33 - 7)"
"May 20, 2025",AK,HB 35,Authorizes Tablet Use in Prisons,"Concurrence Vote Passed
                           - House
                      

                      
                          (28 - 12)"
"May 20, 2025",AK,SB 39,Prohibits Payday Loans and Restricts Loans to a Maximum 36% Annual Percentage Rate,"Bill Passed
                           - House
                      

                      
                          (24 - 16)"
"May 17, 2025",AK,SB 95,Establishes a Tax Credit Program that Rewards Companies that Invest in Child Care Programs for Their Workers,"Bill Passed
                           - House
                      

                      
                          (27 - 12)"
"May 17, 2025",AK,HB 174,Authorizes Rural School Fund Would be Able to Pay for Teacher Housing and Mount Edgecumbe High School in Sitka,"Bill Passed
                           - House
                      

                      
                          (34 - 5)"
"May 16, 2025",AK,HB 75,Amends Permanent Fund Dividend Division,"Concurrence Vote Passed
                           - House
                      

                      
                          (30 - 9)"
"May 16, 2025",AK,SB 96,Establishes a New Grant Program for Child Care and Expands the Number of Families Eligible for Child Care Assistance from the State.,"Bill Passed
                           - House
                      

                      
                          (35 - 4)"
"May 16, 2025",AK,SB 50,Amends State Law to Say That Boroughs' Comprehensive Plans may Include Housing Development,"Bill Passed
                           - House
                      

                      
                          (22 - 17)"
"May 13, 2025",AK,SB 57,Appropriates Funding for the Alaska State Capitol Budget,"Bill Passed
                           - House
                      

                      
                          (22 - 18)"
"May 12, 2025",AK,SB 183,Require State Officials to Turn Over Data in the Format Requested By The Legislative Auditor.,"Bill Passed
                           - House
                      

                      
                          (30 - 10)"
"May 7, 2025",AK,SB 113,Requires Companies that do Business in the State Via the Internet to Pay Alaska State Income Taxes,"Bill Passed
                           - House
                      

                      
                          (26 - 14)"
"May 2, 2025",AK,SB  47,Authorizes the Municipality of Anchorage to Use Local Money to Pay for Pothole Repairs on Canyon Road,"Bill Passed
                           - House
                      

                      
                          (35 - 4)"
"April 30, 2025",AK,HB 57,Increases the Basic Input Into the State's Public School Funding Formula for the Base Student Allocation by $700,"Concurrence Vote Passed
                           - House
                      

                      
                          (31 - 8)"
"April 28, 2025",AK,HB 16,Limits State Politicians' Ability to Accept Campaign Donations,"Bill Passed
                           - House
                      

                      
                          (22 - 18)"
"April 25, 2025",AK,HB 116,Authorizes Fishermen to Form Their Own Insurance Cooperatives,"Bill Passed
                           - House
                      

                      
                          (37 - 0)"
"April 22, 2025",AK,HB 69,Authorizes Open Enrollment for Students in Alaska,"Veto Override Failed
                           - House
                      

                      
                          (21 - 19)"
"April 11, 2025",AK,HB 69,Authorizes Open Enrollment for Students in Alaska,"Concurrence Vote Passed
                           - House
                      

                      
                          (21 - 16)"
"April 2, 2025",AK,SB 15,Reduces the Minimum Age to Serve Alcohol from 21 to 18,"Bill Passed
                           - House
                      

                      
                          (32 - 8)"
"March 28, 2025",AK,SB 43,Establishes March as Women's History Month,"Bill Passed
                           - House
                      

                      
                          (33 - 2)"
"March 19, 2025",AK,SSCR 1,Repeals Executive Order for the Establishment of Agricultural Department,"Joint Resolution Failed
                           - House
                      

                      
                          (18 - 22)"
"March 12, 2025",AK,HB 69,Authorizes Open Enrollment for Students in Alaska,"Bill Passed
                           - House
                      

                      
                          (24 - 16)"
"Feb. 28, 2025",AK,SB 87,Prohibits a Lawmaker's Salaries from Automatic Inflation Adjustment,"Bill Passed
                           - House
                      

                      
                          (36 - 0)"
"May 27, 2025",AK,SB 95,Establishes a Tax Credit Program that Rewards Companies that Invest in Child Care Programs for Their Workers,"Bill Passed
                           - Senate
                      

                      
                          (16 - 3)"
"May 20, 2025",AK,HB 57,Increases the Basic Input Into the State's Public School Funding Formula for the Base Student Allocation by $700,"Veto Override Passed
                           - Senate
                      

                      
                          (17 - 3)"
"May 12, 2025",AK,SB 26,Exempts the State from Daylight Savings Time,"Bill Passed
                           - Senate
                      

                      
                          (18 - 2)"
"May 12, 2025",AK,SB 64,Limits State Politicians' Ability to Accept Campaign Donations (Senate Version),"Bill Passed
                           - Senate
                      

                      
                          (14 - 6)"
"May 5, 2025",AK,SB 97,Limits the Number of Hunting Guides in a Specific Area By Selling Hunting Concessions,"Bill Passed
                           - Senate
                      

                      
                          (18 - 1)"
"May 5, 2025",AK,SB 96,Establishes a New Grant Program for Child Care and Expands the Number of Families Eligible for Child Care Assistance from the State.,"Bill Passed
                           - Senate
                      

                      
                          (18 - 1)"
"April 30, 2025",AK,HB 57,Increases the Basic Input Into the State's Public School Funding Formula for the Base Student Allocation by $700,"Bill Passed
                           - Senate
                      

                      
                          (17 - 3)"
"April 22, 2025",AK,HB 69,Authorizes Open Enrollment for Students in Alaska,"Veto Override Failed
                           - Senate
                      

                      
                          (12 - 8)"
"April 15, 2025",AK,SB 113,Requires Companies that do Business in the State Via the Internet to Pay Alaska State Income Taxes,"Bill Passed
                           - Senate
                      

                      
                          (16 - 4)"
"April 15, 2025",AK,SB 39,Prohibits Payday Loans and Restricts Loans to a Maximum 36% Annual Percentage Rate,"Bill Passed
                           - Senate
                      

                      
                          (14 - 6)"
"April 11, 2025",AK,HB 69,Authorizes Open Enrollment for Students in Alaska,"Bill Passed
                           - Senate
                      

                      
                          (11 - 9)"
"March 19, 2025",AK,SSCR 1,Repeals Executive Order for the Establishment of Agricultural Department,"Joint Resolution Passed
                           - Senate
                      

                      
                          (14 - 6)"
"March 10, 2025",AK,SB  47,Authorizes the Municipality of Anchorage to Use Local Money to Pay for Pothole Repairs on Canyon Road,"Bill Passed
                           - Senate
                      

                      
                          (18 - 1)"
"March 3, 2025",AK,SB 43,Establishes March as Women's History Month,"Bill Passed
                           - Senate
                      

                      
                          (19 - 0)"
"Feb. 10, 2025",AK,SB 15,Reduces the Minimum Age to Serve Alcohol from 21 to 18,"Bill Passed
                           - Senate
                      

                      
                          (19 - 0)"
"Feb. 7, 2025",AK,SB 87,Prohibits a Lawmaker's Salaries from Automatic Inflation Adjustment,"Bill Passed
                           - Senate
                      

                      
                          (19 - 0)"
