Date,State,Bill No,Title,Action
"May 8, 2024",CO,SB 24-065,Prohibits Individuals from Texting or Performing Other Functions on a Mobile Device While Operating a Motor Vehicle,"Conference Report Adopted
                           - Senate
                      

                      
                          (28 - 7)"
"May 8, 2024",CO,SB 24-065,Prohibits Individuals from Texting or Performing Other Functions on a Mobile Device While Operating a Motor Vehicle,"Conference Report Adopted
                           - House
                      

                      
                          (57 - 6)"
"May 8, 2024",CO,SB 24-233,Reduces Property Taxes for Most State Residents,"Concurrence Vote Passed
                           - Senate
                      

                      
                          (33 - 2)"
"May 8, 2024",CO,HB 24-1280,Establishes Grant Programs for Community-Based Organizations to Provide Appropriate Services for Migrants who Have ...,"Concurrence Vote Passed
                           - House
                      

                      
                          (41 - 20)"
"May 8, 2024",CO,SB 24-205,Authorizes Broad Artificial Intelligence (AI) Regulations Over Employment Decisions,"Concurrence Vote Passed
                           - Senate
                      

                      
                          (28 - 7)"
"May 8, 2024",CO,SB 24-231,Authorizes Certain Actions For Alcohol Retailers and Liquor License Holders,"Concurrence Vote Passed
                           - Senate
                      

                      
                          (34 - 1)"
"May 8, 2024",CO,HB 24-1307,Prohibits School Districts from Using Federal Funding to Hire Uncertified HVAC Contractors,"Concurrence Vote Passed
                           - House
                      

                      
                          (45 - 18)"
"May 8, 2024",CO,SB 24-182,Amends the ID Requirement for the Colorado Road and Community Safety Act,"Concurrence Vote Passed
                           - Senate
                      

                      
                          (22 - 12)"
"May 8, 2024",CO,SB 24-205,Authorizes Broad Artificial Intelligence (AI) Regulations Over Employment Decisions,"Bill Passed
                           - House
                      

                      
                          (41 - 22)"
"May 8, 2024",CO,SB 24-233,Reduces Property Taxes for Most State Residents,"Bill Passed
                           - House
                      

                      
                          (57 - 6)"
"May 8, 2024",CO,SB 24-231,Authorizes Certain Actions For Alcohol Retailers and Liquor License Holders,"Bill Passed
                           - House
                      

                      
                          (59 - 4)"
"May 8, 2024",CO,HB 24-1280,Establishes Grant Programs for Community-Based Organizations to Provide Appropriate Services for Migrants who Have ...,"Bill Passed
                           - Senate
                      

                      
                          (21 - 12)"
"May 8, 2024",CO,HB 24-1219,Expands State Funding for Firefighter Benefits to Include Part-Time and Volunteer Firefighters,"Bill Passed
                           - Senate
                      

                      
                          (31 - 2)"
"May 8, 2024",CO,SB 24-055,Expands Mental Health Support Programs for Individuals in the Agriculture Industry,"Bill Passed
                           - House
                      

                      
                          (59 - 4)"
"May 7, 2024",CO,HB 24-1313,Requires Cities to Allow For Denser Housing Development in Transit-Oriented Communities,"Concurrence Vote Passed
                           - House
                      

                      
                          (40 - 24)"
"May 7, 2024",CO,HB 24-1152,Establishes Requirements for Accessory Dwelling Units,"Concurrence Vote Passed
                           - House
                      

                      
                          (47 - 17)"
"May 7, 2024",CO,HB 24-1307,Prohibits School Districts from Using Federal Funding to Hire Uncertified HVAC Contractors,"Bill Passed
                           - Senate
                      

                      
                          (22 - 13)"
"May 7, 2024",CO,HB 24-1313,Requires Cities to Allow For Denser Housing Development in Transit-Oriented Communities,"Bill Passed
                           - Senate
                      

                      
                          (19 - 15)"
"May 7, 2024",CO,SB 24-182,Amends the ID Requirement for the Colorado Road and Community Safety Act,"Bill Passed
                           - House
                      

                      
                          (43 - 19)"
"May 7, 2024",CO,SB 24-078,Establishes Outdoor Nature-Based Preschool Programs as Child Care,"Bill Passed
                           - House
                      

                      
                          (53 - 10)"
"May 7, 2024",CO,HB 24-1004,Prohibits Certain Individuals Convicted of Certain Crimes from Receiving Licenses in Specific Occupations that are ...,"Bill Passed
                           - Senate
                      

                      
                          (35 - 0)"
"May 7, 2024",CO,HB 24-1008,Establishes New Wage Theft Protections for Construction Workers,"Bill Passed
                           - Senate
                      

                      
                          (23 - 12)"
"May 7, 2024",CO,SB 24-168,Requires the Colorado Department of Health Care Policy and Financing to Provide Reimbursement for Telehealth,"Bill Passed
                           - House
                      

                      
                          (61 - 1)"
"May 6, 2024",CO,HB 24-1379,Requires the State's Water Quality Control Commission to Establish Rules by the End of 2025,"Concurrence Vote Passed
                           - Senate
                      

                      
                          (25 - 9)"
"May 6, 2024",CO,SB 24-053,Establishes an Independent Study on an Evaluation of Racial Equity for Black Coloradans,"Concurrence Vote Passed
                           - Senate
                      

                      
                          (22 - 12)"
"May 6, 2024",CO,SB 24-210,Amends Various Election Laws Including Delaying Implementation of State Ranked Choice Voting,"Concurrence Vote Passed
                           - Senate
                      

                      
                          (28 - 6)"
"May 6, 2024",CO,SB 24-229,Requires State Regulators Codify Pre-Established Targets to Reduce Ozone (Nitrogen-Oxide) Emissions,"Concurrence Vote Passed
                           - Senate
                      

                      
                          (23 - 12)"
"May 6, 2024",CO,HB 24-1304,Prohibits Cities From Enforcing Minimum Parking Requirements,"Concurrence Vote Passed
                           - House
                      

                      
                          (40 - 22)"
"May 6, 2024",CO,HB 24-1216,Establishes Support for Juveniles in the Justice System to Graduate,"Concurrence Vote Passed
                           - House
                      

                      
                          (46 - 17)"
"May 6, 2024",CO,HB 24-1378,Establishes Greater Consumer Protection in Event Ticket Sales,"Concurrence Vote Passed
                           - House
                      

                      
                          (57 - 6)"
"May 6, 2024",CO,HB 24-1262,Appropriates Resources for the Usage of Maternal Midwives in Colorado Healthcare Industry,"Concurrence Vote Passed
                           - House
                      

                      
                          (54 - 8)"
"May 6, 2024",CO,SB 24-150,Requires Municipal Solid Waste Combustion Facilities be Ineligible for State Tax Incentives,"Concurrence Vote Passed
                           - Senate
                      

                      
                          (22 - 12)"
"May 6, 2024",CO,SB 24-113,Requires Employees and Volunteer Coaches Obtain a Criminal Background Check if They Travel for Games,"Concurrence Vote Passed
                           - Senate
                      

                      
                          (23 - 11)"
"May 6, 2024",CO,HB 24-1379,Requires the State's Water Quality Control Commission to Establish Rules by the End of 2025,"Concurrence Vote Passed
                           - House
                      

                      
                          (56 - 7)"
"May 6, 2024",CO,SB 24-150,Requires Municipal Solid Waste Combustion Facilities be Ineligible for State Tax Incentives,"Bill Passed
                           - House
                      

                      
                          (41 - 17)"
"May 6, 2024",CO,HB 24-1152,Establishes Requirements for Accessory Dwelling Units,"Bill Passed
                           - Senate
                      

                      
                          (20 - 15)"
"May 6, 2024",CO,SB 24-113,Requires Employees and Volunteer Coaches Obtain a Criminal Background Check if They Travel for Games,"Bill Passed
                           - House
                      

                      
                          (40 - 18)"
"May 6, 2024",CO,SB 24-229,Requires State Regulators Codify Pre-Established Targets to Reduce Ozone (Nitrogen-Oxide) Emissions,"Bill Passed
                           - House
                      

                      
                          (43 - 18)"
"May 6, 2024",CO,SB 24-210,Amends Various Election Laws Including Delaying Implementation of State Ranked Choice Voting,"Bill Passed
                           - House
                      

                      
                          (53 - 9)"
"May 6, 2024",CO,HB 24-1378,Establishes Greater Consumer Protection in Event Ticket Sales,"Bill Passed
                           - Senate
                      

                      
                          (25 - 9)"
"May 6, 2024",CO,HB 24-1001,Extends the State's Rural Jump-Start Program,"Bill Passed
                           - Senate
                      

                      
                          (25 - 9)"
"May 6, 2024",CO,HB 24-1282,Increases Measures to Support Success Rates of Ninth-Grade Students in Public High Schools in Colorado,"Bill Passed
                           - Senate
                      

                      
                          (25 - 9)"
"May 6, 2024",CO,SB 24-230,Increases Support for Statewide Remediation Services for the Environment,"Bill Passed
                           - House
                      

                      
                          (40 - 18)"
"May 6, 2024",CO,HB 24-1237,Establishes 3 new Programs Within the Division of Housing to Support the Development of Child Care Facilities,"Bill Passed
                           - Senate
                      

                      
                          (25 - 9)"
"May 5, 2024",CO,SB 24-149,Amends State Worker Compensation Insurance Laws,"Bill Passed
                           - House
                      

                      
                          (43 - 19)"
"May 4, 2024",CO,HB 24-1348,Requires Firearms be Kept in Lock Boxes when in Vehicles,"Conference Report Adopted
                           - House
                      

                      
                          (35 - 24)"
"May 4, 2024",CO,HB 24-1010,Prohibits Health Insurance Providers from Limiting Access to Certain Prescription Drugs,"Concurrence Vote Passed
                           - House
                      

                      
                          (50 - 10)"
"May 4, 2024",CO,HB 24-1080,"Requires Private Youth Sports Organizations Have an Adult Certified in First Aid, CPR, and AED Treatment","Concurrence Vote Passed
                           - House
                      

                      
                          (45 - 15)"
"May 4, 2024",CO,HB 24-1304,Prohibits Cities From Enforcing Minimum Parking Requirements,"Bill Passed
                           - Senate
                      

                      
                          (19 - 15)"
"May 4, 2024",CO,HB 24-1216,Establishes Support for Juveniles in the Justice System to Graduate,"Bill Passed
                           - Senate
                      

                      
                          (22 - 11)"
"May 4, 2024",CO,HB 24-1262,Appropriates Resources for the Usage of Maternal Midwives in Colorado Healthcare Industry,"Bill Passed
                           - Senate
                      

                      
                          (24 - 7)"
"May 4, 2024",CO,SB 24-190,Expands the Rural Opportunity Office's Role in Supporting Diversification in Workforce Training,"Bill Passed
                           - House
                      

                      
                          (47 - 14)"
"May 4, 2024",CO,HB 24-1260,Prohibits Employers from Disciplining Workers Who Refuse to Attend Employer-Sponsored Meetings,"Bill Passed
                           - Senate
                      

                      
                          (23 - 11)"
"May 4, 2024",CO,SB 24-230,Increases Support for Statewide Remediation Services for the Environment,"Bill Passed
                           - Senate
                      

                      
                          (21 - 12)"
"May 4, 2024",CO,HB 24-1219,Expands State Funding for Firefighter Benefits to Include Part-Time and Volunteer Firefighters,"Bill Passed
                           - House
                      

                      
                          (56 - 3)"
"May 3, 2024",CO,SB 24-053,Establishes an Independent Study on an Evaluation of Racial Equity for Black Coloradans,"Bill Passed
                           - House
                      

                      
                          (45 - 19)"
"May 3, 2024",CO,SB 24-171,Authorizes the Reintroduction of Wolverines Into the State,"Bill Passed
                           - House
                      

                      
                          (51 - 13)"
"May 3, 2024",CO,HB 24-1460,Requires Law Enforcement Agencies to Investigate Allegations of Misconduct,"Bill Passed
                           - House
                      

                      
                          (50 - 14)"
"May 2, 2024",CO,SB 24-055,Expands Mental Health Support Programs for Individuals in the Agriculture Industry,"Bill Passed
                           - Senate
                      

                      
                          (28 - 7)"
"May 1, 2024",CO,SB 24-100,Establishes Expanded Commercial Vehicle Safety Measures on Colorado Highways,"Concurrence Vote Passed
                           - Senate
                      

                      
                          (31 - 4)"
"May 1, 2024",CO,HB 24-1080,"Requires Private Youth Sports Organizations Have an Adult Certified in First Aid, CPR, and AED Treatment","Bill Passed
                           - Senate
                      

                      
                          (25 - 10)"
"May 1, 2024",CO,HB 24-1237,Establishes 3 new Programs Within the Division of Housing to Support the Development of Child Care Facilities,"Bill Passed
                           - House
                      

                      
                          (39 - 12)"
"May 1, 2024",CO,HB 24-1282,Increases Measures to Support Success Rates of Ninth-Grade Students in Public High Schools in Colorado,"Bill Passed
                           - House
                      

                      
                          (58 - 6)"
"April 30, 2024",CO,HB 24-1147,Requires Disclosure of the Usage of Deepfakes During an Election,"Concurrence Vote Passed
                           - House
                      

                      
                          (43 - 19)"
"April 30, 2024",CO,HB 24-1337,Amends Unit Ownership Rules Regarding Payment Owed to Community,"Concurrence Vote Passed
                           - House
                      

                      
                          (43 - 19)"
"April 30, 2024",CO,HB 24-1362,Authorizes Gray-Water Treatment Systems to be Installed in New State Construction Projects,"Concurrence Vote Passed
                           - House
                      

                      
                          (60 - 2)"
"April 30, 2024",CO,SB 24-131,Prohibits Carrying Firearms in Sensitive Spaces,"Concurrence Vote Passed
                           - Senate
                      

                      
                          (23 - 12)"
"April 30, 2024",CO,HB 24-1233,Amends Requirements to Delinquency Payment Rules of Unit Owners Associations,"Concurrence Vote Passed
                           - House
                      

                      
                          (52 - 10)"
"April 30, 2024",CO,SB 24-100,Establishes Expanded Commercial Vehicle Safety Measures on Colorado Highways,"Bill Passed
                           - House
                      

                      
                          (60 - 4)"
"April 29, 2024",CO,SB 24-131,Prohibits Carrying Firearms in Sensitive Spaces,"Bill Passed
                           - House
                      

                      
                          (43 - 21)"
"April 29, 2024",CO,HB 24-1337,Amends Unit Ownership Rules Regarding Payment Owed to Community,"Bill Passed
                           - Senate
                      

                      
                          (22 - 12)"
"April 29, 2024",CO,SB 24-020,Authorizes Restaurants to Serve To-Go Alcohol Permanently,"Bill Passed
                           - House
                      

                      
                          (60 - 3)"
"April 29, 2024",CO,HB 24-1001,Extends the State's Rural Jump-Start Program,"Bill Passed
                           - House
                      

                      
                          (59 - 5)"
"April 29, 2024",CO,SB 24-151,Requires the Division of Homeland Security Create Rules for the Removal of Telecommunications Infrastructure Manuf ...,"Bill Passed
                           - Senate
                      

                      
                          (33 - 1)"
"April 29, 2024",CO,HB 24-1260,Prohibits Employers from Disciplining Workers Who Refuse to Attend Employer-Sponsored Meetings,"Bill Passed
                           - House
                      

                      
                          (45 - 19)"
"April 26, 2024",CO,SB 24-078,Establishes Outdoor Nature-Based Preschool Programs as Child Care,"Bill Passed
                           - Senate
                      

                      
                          (26 - 9)"
"April 24, 2024",CO,HB 24-1147,Requires Disclosure of the Usage of Deepfakes During an Election,"Bill Passed
                           - Senate
                      

                      
                          (24 - 10)"
"April 24, 2024",CO,HB 24-1233,Amends Requirements to Delinquency Payment Rules of Unit Owners Associations,"Bill Passed
                           - Senate
                      

                      
                          (32 - 2)"
"April 24, 2024",CO,SB 24-149,Amends State Worker Compensation Insurance Laws,"Bill Passed
                           - Senate
                      

                      
                          (21 - 13)"
"April 22, 2024",CO,HB 24-1348,Requires Firearms be Kept in Lock Boxes when in Vehicles,"Bill Passed
                           - Senate
                      

                      
                          (21 - 13)"
"April 22, 2024",CO,HB 24-1174,Increases Requirements for Individuals Seeking to Obtain a Concealed-Carry Permit,"Bill Passed
                           - Senate
                      

                      
                          (20 - 14)"
"April 20, 2024",CO,HB 24-1353,Requires State Retail Firearm Dealers have a State Permit Along with a Federal License,"Bill Passed
                           - House
                      

                      
                          (40 - 21)"
"April 20, 2024",CO,HB 24-1270,Requires Gun Owners to Also Hold Liability Insurance,"Bill Passed
                           - House
                      

                      
                          (33 - 29)"
"April 20, 2024",CO,HB 24-1349,"Authorizes a Ballot Proposal to Establish a 9% Excise Tax on Ammo Vendors, Gun Dealers and Firearms Manufacturers","Bill Passed
                           - House
                      

                      
                          (44 - 18)"
"April 19, 2024",CO,HB 24-1136,Establishes New Social Media Safety Programs,"Concurrence Vote Passed
                           - House
                      

                      
                          (51 - 9)"
"April 19, 2024",CO,HB 24-1008,Establishes New Wage Theft Protections for Construction Workers,"Bill Passed
                           - House
                      

                      
                          (43 - 17)"
"April 19, 2024",CO,HB 24-1435,Authorizes Annual Projects for the Colorado Water Conservation Board,"Bill Passed
                           - House
                      

                      
                          (56 - 4)"
"April 19, 2024",CO,SB 24-190,Expands the Rural Opportunity Office's Role in Supporting Diversification in Workforce Training,"Bill Passed
                           - Senate
                      

                      
                          (30 - 3)"
"April 18, 2024",CO,HB 24-1136,Establishes New Social Media Safety Programs,"Bill Passed
                           - Senate
                      

                      
                          (28 - 7)"
"April 17, 2024",CO,SB 24-171,Authorizes the Reintroduction of Wolverines Into the State,"Bill Passed
                           - Senate
                      

                      
                          (29 - 5)"
"April 11, 2024",CO,SB 24-106,Authorizes the Right to Repair Faulty Construction,"Bill Passed
                           - Senate
                      

                      
                          (25 - 8)"
"April 8, 2024",CO,SB 24-066,Authorizes Tracking Gun and Ammunition Purchases Through Payment Networks,"Bill Passed
                           - House
                      

                      
                          (38 - 21)"
"April 5, 2024",CO,HB 24-1011,Requires Mortgage Servicers to Take Cergtain Actions Regarding the Disbursement of Insurance Proceeds to Borrowers,"Concurrence Vote Passed
                           - House
                      

                      
                          (45 - 9)"
"April 2, 2024",CO,HB 24-1011,Requires Mortgage Servicers to Take Cergtain Actions Regarding the Disbursement of Insurance Proceeds to Borrowers,"Bill Passed
                           - Senate
                      

                      
                          (28 - 7)"
"March 28, 2024",CO,HB 24-1098,"Establishes a ""For Cause"" Eviction Process","Concurrence Vote Passed
                           - House
                      

                      
                          (43 - 15)"
"March 28, 2024",CO,HB 24-1007,Prohibit Residential Occupancy Limits,"Concurrence Vote Passed
                           - House
                      

                      
                          (42 - 16)"
"March 28, 2024",CO,HB 24-1072,Increases Evidenciary Requirements in Criminal Proceedings,"Concurrence Vote Passed
                           - House
                      

                      
                          (56 - 2)"
"March 26, 2024",CO,HB 24-1081,Amends the Regulation of Sodium Nitrite,"Concurrence Vote Passed
                           - House
                      

                      
                          (59 - 3)"
"March 26, 2024",CO,HB 24-1098,"Establishes a ""For Cause"" Eviction Process","Bill Passed
                           - Senate
                      

                      
                          (19 - 15)"
"March 26, 2024",CO,HB 24-1100,Requires Coroners be Medically Certified,"Bill Passed
                           - Senate
                      

                      
                          (26 - 7)"
"March 25, 2024",CO,HB 24-1081,Amends the Regulation of Sodium Nitrite,"Bill Passed
                           - Senate
                      

                      
                          (24 - 1)"
"March 25, 2024",CO,HB 24-1254,Establishes New Regulations of Tissue Banks,"Bill Passed
                           - House
                      

                      
                          (62 - 1)"
"March 22, 2024",CO,SB 24-100,Establishes Expanded Commercial Vehicle Safety Measures on Colorado Highways,"Bill Passed
                           - Senate
                      

                      
                          (27 - 6)"
"March 19, 2024",CO,SB 24-079,Specifies Motorcycle Lane Filtering and Passing,"Concurrence Vote Passed
                           - Senate
                      

                      
                          (27 - 7)"
"March 19, 2024",CO,HB 24-1007,Prohibit Residential Occupancy Limits,"Bill Passed
                           - Senate
                      

                      
                          (21 - 13)"
"March 18, 2024",CO,SB 24-079,Specifies Motorcycle Lane Filtering and Passing,"Bill Passed
                           - House
                      

                      
                          (36 - 27)"
"March 18, 2024",CO,HJR 24-1020,Establishes Recognition of Latino/a Advocacy Day,"Joint Resolution Passed
                           - House
                      

                      
                          (52 - 11)"
"March 15, 2024",CO,HB 24-1139,Amends Death Benefit Statutes after Remarriage,"Concurrence Vote Passed
                           - House
                      

                      
                          (57 - 6)"
"March 15, 2024",CO,SB 24-020,Authorizes Restaurants to Serve To-Go Alcohol Permanently,"Bill Passed
                           - Senate
                      

                      
                          (29 - 2)"
"March 13, 2024",CO,HB 24-1139,Amends Death Benefit Statutes after Remarriage,"Concurrence Vote Passed
                           - Senate
                      

                      
                          (29 - 5)"
"March 11, 2024",CO,HB 24-1174,Increases Requirements for Individuals Seeking to Obtain a Concealed-Carry Permit,"Bill Passed
                           - House
                      

                      
                          (43 - 16)"
"March 5, 2024",CO,HB 24-1131,Amends and Redistricts Local College Districts,"Bill Passed
                           - House
                      

                      
                          (60 - 5)"
"Feb. 29, 2024",CO,SB 24-005,Prohibits Landscaping Practices for Water Conservations Purposes,"Bill Passed
                           - House
                      

                      
                          (48 - 14)"
"Feb. 28, 2024",CO,SB 24-035,Classifies Human Trafficking as a Crime of Violence,"Bill Passed
                           - Senate
                      

                      
                          (33 - 1)"
"Feb. 23, 2024",CO,SB 24-1091,Prohibits the use of Fire-hardened Building Materials in Residential Real Property,"Bill Passed
                           - Senate
                      

                      
                          (24 - 7)"
"Feb. 21, 2024",CO,SB 24-066,Authorizes Tracking Gun and Ammunition Purchases Through Payment Networks,"Bill Passed
                           - Senate
                      

                      
                          (22 - 11)"
"Feb. 20, 2024",CO,HB 24-1100,Requires Coroners be Medically Certified,"Bill Passed
                           - House
                      

                      
                          (43 - 14)"
"Feb. 12, 2024",CO,HB 24-1093,Authorizes Provisional Peace Officer Certification for Former Military Members,"Bill Passed
                           - House
                      

                      
                          (59 - 5)"
"Feb. 12, 2024",CO,HB 24-1139,Amends Death Benefit Statutes after Remarriage,"Bill Passed
                           - House
                      

                      
                          (56 - 8)"
"Feb. 9, 2024",CO,HB 24-1058,Expands Colorado Privacy Act to Include Biological and Neural Data as Sensitive,"Bill Passed
                           - House
                      

                      
                          (59 - 3)"
"Feb. 9, 2024",CO,HB 24-1017,Establishes a Foster Care Bill of Rights,"Bill Passed
                           - House
                      

                      
                          (43 - 19)"
"Feb. 5, 2024",CO,SB 24-1091,Prohibits the use of Fire-hardened Building Materials in Residential Real Property,"Bill Passed
                           - House
                      

                      
                          (49 - 15)"
"Feb. 2, 2024",CO,SB 24-058,Requires Landowners Post Warnings on Potential Dangers,"Bill Passed
                           - Senate
                      

                      
                          (27 - 0)"
"Jan. 31, 2024",CO,SB 24-005,Prohibits Landscaping Practices for Water Conservations Purposes,"Bill Passed
                           - Senate
                      

                      
                          (28 - 5)"
