roll_call_id,people_id,vote,vote_desc
1442454,683,1,Yea
1442454,712,1,Yea
1442454,765,1,Yea
1442454,772,1,Yea
1442454,773,1,Yea
1442454,783,1,Yea
1442454,794,1,Yea
1442454,1477,1,Yea
1442454,13742,1,Yea
1442454,13743,1,Yea
1442454,16765,1,Yea
1442454,17727,1,Yea
1442454,17793,1,Yea
1442454,21451,1,Yea
1442455,683,1,Yea
1442455,712,1,Yea
1442455,765,1,Yea
1442455,772,1,Yea
1442455,773,1,Yea
1442455,776,1,Yea
1442455,783,1,Yea
1442455,794,1,Yea
1442455,1477,1,Yea
1442455,11333,1,Yea
1442455,13730,1,Yea
1442455,13742,1,Yea
1442455,13743,1,Yea
1442455,16066,1,Yea
1442455,16765,1,Yea
1442455,17709,1,Yea
1442455,17727,1,Yea
1442455,17733,1,Yea
1442455,17746,1,Yea
1442455,17793,1,Yea
1442455,17821,1,Yea
1442455,18932,1,Yea
1442455,19452,1,Yea
1442455,19453,1,Yea
1442455,19465,1,Yea
1442455,19473,1,Yea
1442455,19503,1,Yea
1442455,21407,1,Yea
1442455,21451,1,Yea
1442455,22448,1,Yea
1442455,22910,1,Yea
1442455,23029,1,Yea
1442455,24780,1,Yea
1442455,24981,1,Yea
1442455,24982,1,Yea
1442455,24983,1,Yea
1442455,25001,1,Yea
1442455,25022,1,Yea
1442455,25023,1,Yea
1442455,25043,1,Yea
1442456,683,1,Yea
1442456,712,1,Yea
1442456,765,1,Yea
1442456,772,1,Yea
1442456,773,1,Yea
1442456,776,1,Yea
1442456,783,1,Yea
1442456,794,1,Yea
1442456,1477,1,Yea
1442456,11333,1,Yea
1442456,13730,1,Yea
1442456,13742,1,Yea
1442456,13743,1,Yea
1442456,16066,1,Yea
1442456,16765,1,Yea
1442456,17709,1,Yea
1442456,17727,1,Yea
1442456,17733,1,Yea
1442456,17746,1,Yea
1442456,17793,1,Yea
1442456,17821,1,Yea
1442456,18932,1,Yea
1442456,19452,1,Yea
1442456,19453,1,Yea
1442456,19465,1,Yea
1442456,19473,1,Yea
1442456,19503,1,Yea
1442456,21407,1,Yea
1442456,21451,1,Yea
1442456,22448,1,Yea
1442456,22910,1,Yea
1442456,23029,1,Yea
1442456,24780,1,Yea
1442456,24981,1,Yea
1442456,24982,1,Yea
1442456,24983,1,Yea
1442456,25001,1,Yea
1442456,25022,1,Yea
1442456,25023,1,Yea
1442456,25043,1,Yea
1442457,683,1,Yea
1442457,712,1,Yea
1442457,765,1,Yea
1442457,772,1,Yea
1442457,773,1,Yea
1442457,776,1,Yea
1442457,783,1,Yea
1442457,794,1,Yea
1442457,1477,1,Yea
1442457,11333,1,Yea
1442457,13730,1,Yea
1442457,13742,1,Yea
1442457,13743,1,Yea
1442457,16066,1,Yea
1442457,16765,1,Yea
1442457,17709,1,Yea
1442457,17727,1,Yea
1442457,17733,1,Yea
1442457,17746,1,Yea
1442457,17793,1,Yea
1442457,17821,1,Yea
1442457,18932,1,Yea
1442457,19452,1,Yea
1442457,19453,1,Yea
1442457,19465,1,Yea
1442457,19473,1,Yea
1442457,19503,2,Nay
1442457,21407,1,Yea
1442457,21451,1,Yea
1442457,22448,1,Yea
1442457,22910,1,Yea
1442457,23029,1,Yea
1442457,24780,1,Yea
1442457,24981,1,Yea
1442457,24982,1,Yea
1442457,24983,1,Yea
1442457,25001,1,Yea
1442457,25022,1,Yea
1442457,25023,1,Yea
1442457,25043,1,Yea
1442304,683,1,Yea
1442304,712,1,Yea
1442304,765,1,Yea
1442304,772,1,Yea
1442304,773,1,Yea
1442304,783,1,Yea
1442304,794,1,Yea
1442304,1477,1,Yea
1442304,13742,1,Yea
1442304,13743,1,Yea
1442304,16765,1,Yea
1442304,17727,1,Yea
1442304,17793,1,Yea
1442304,21451,1,Yea
1442468,683,1,Yea
1442468,712,1,Yea
1442468,765,1,Yea
1442468,772,1,Yea
1442468,773,1,Yea
1442468,776,1,Yea
1442468,783,1,Yea
1442468,794,1,Yea
1442468,1477,1,Yea
1442468,11333,1,Yea
1442468,13730,1,Yea
1442468,13742,1,Yea
1442468,13743,1,Yea
1442468,16066,1,Yea
1442468,16765,1,Yea
1442468,17709,1,Yea
1442468,17727,1,Yea
1442468,17733,1,Yea
1442468,17746,1,Yea
1442468,17793,1,Yea
1442468,17821,1,Yea
1442468,18932,1,Yea
1442468,19452,1,Yea
1442468,19453,1,Yea
1442468,19465,1,Yea
1442468,19473,1,Yea
1442468,19503,1,Yea
1442468,21407,1,Yea
1442468,21451,1,Yea
1442468,22448,1,Yea
1442468,22910,1,Yea
1442468,23029,1,Yea
1442468,24780,1,Yea
1442468,24981,1,Yea
1442468,24982,1,Yea
1442468,24983,1,Yea
1442468,25001,1,Yea
1442468,25022,1,Yea
1442468,25023,1,Yea
1442468,25043,1,Yea
1442469,683,1,Yea
1442469,712,1,Yea
1442469,765,1,Yea
1442469,772,1,Yea
1442469,773,1,Yea
1442469,776,1,Yea
1442469,783,1,Yea
1442469,794,1,Yea
1442469,1477,1,Yea
1442469,11333,1,Yea
1442469,13730,1,Yea
1442469,13742,1,Yea
1442469,13743,1,Yea
1442469,16066,1,Yea
1442469,16765,1,Yea
1442469,17709,1,Yea
1442469,17727,1,Yea
1442469,17733,1,Yea
1442469,17746,1,Yea
1442469,17793,1,Yea
1442469,17821,1,Yea
1442469,18932,1,Yea
1442469,19452,1,Yea
1442469,19453,1,Yea
1442469,19465,1,Yea
1442469,19473,1,Yea
1442469,19503,1,Yea
1442469,21407,1,Yea
1442469,21451,1,Yea
1442469,22448,1,Yea
1442469,22910,1,Yea
1442469,23029,1,Yea
1442469,24780,1,Yea
1442469,24981,1,Yea
1442469,24982,1,Yea
1442469,24983,1,Yea
1442469,25001,1,Yea
1442469,25022,1,Yea
1442469,25023,1,Yea
1442469,25043,1,Yea
1442470,683,1,Yea
1442470,712,1,Yea
1442470,765,1,Yea
1442470,772,1,Yea
1442470,773,1,Yea
1442470,776,1,Yea
1442470,783,1,Yea
1442470,794,1,Yea
1442470,1477,1,Yea
1442470,11333,1,Yea
1442470,13730,1,Yea
1442470,13742,1,Yea
1442470,13743,1,Yea
1442470,16066,1,Yea
1442470,16765,1,Yea
1442470,17709,1,Yea
1442470,17727,1,Yea
1442470,17733,1,Yea
1442470,17746,1,Yea
1442470,17793,1,Yea
1442470,17821,1,Yea
1442470,18932,1,Yea
1442470,19452,1,Yea
1442470,19453,1,Yea
1442470,19465,1,Yea
1442470,19473,1,Yea
1442470,19503,2,Nay
1442470,21407,1,Yea
1442470,21451,1,Yea
1442470,22448,1,Yea
1442470,22910,1,Yea
1442470,23029,1,Yea
1442470,24780,1,Yea
1442470,24981,1,Yea
1442470,24982,1,Yea
1442470,24983,1,Yea
1442470,25001,1,Yea
1442470,25022,1,Yea
1442470,25023,1,Yea
1442470,25043,1,Yea
1461344,673,1,Yea
1461344,713,1,Yea
1461344,748,1,Yea
1461344,892,1,Yea
1461344,1465,1,Yea
1461344,1478,1,Yea
1461344,1479,1,Yea
1461344,13731,1,Yea
1461344,16075,1,Yea
1461344,16093,1,Yea
1461344,16226,4,Absent
1461344,17728,1,Yea
1461344,18551,1,Yea
1461344,19471,1,Yea
1461344,21409,1,Yea
1461344,21410,1,Yea
1461344,21413,1,Yea
1461344,21450,1,Yea
1461344,22455,1,Yea
1461344,23028,1,Yea
1461344,23032,1,Yea
1461344,24376,1,Yea
1461345,673,1,Yea
1461345,689,1,Yea
1461345,706,1,Yea
1461345,713,1,Yea
1461345,731,1,Yea
1461345,748,1,Yea
1461345,756,1,Yea
1461345,758,1,Yea
1461345,759,1,Yea
1461345,760,1,Yea
1461345,892,1,Yea
1461345,894,1,Yea
1461345,1465,1,Yea
1461345,1469,4,Absent
1461345,1472,1,Yea
1461345,1478,1,Yea
1461345,1479,1,Yea
1461345,11026,1,Yea
1461345,13731,1,Yea
1461345,13732,1,Yea
1461345,13739,1,Yea
1461345,13746,1,Yea
1461345,13783,1,Yea
1461345,16061,1,Yea
1461345,16072,4,Absent
1461345,16075,1,Yea
1461345,16092,1,Yea
1461345,16093,1,Yea
1461345,16226,4,Absent
1461345,16261,1,Yea
1461345,17728,1,Yea
1461345,17740,4,Absent
1461345,17806,4,Absent
1461345,18551,1,Yea
1461345,19445,1,Yea
1461345,19454,1,Yea
1461345,19471,1,Yea
1461345,19508,1,Yea
1461345,20158,1,Yea
1461345,21409,1,Yea
1461345,21410,1,Yea
1461345,21411,1,Yea
1461345,21413,1,Yea
1461345,21444,1,Yea
1461345,21445,4,Absent
1461345,21446,1,Yea
1461345,21449,1,Yea
1461345,21450,1,Yea
1461345,21452,1,Yea
1461345,22416,1,Yea
1461345,22455,1,Yea
1461345,22994,1,Yea
1461345,22995,4,Absent
1461345,23002,1,Yea
1461345,23016,1,Yea
1461345,23018,1,Yea
1461345,23019,1,Yea
1461345,23028,1,Yea
1461345,23030,1,Yea
1461345,23031,1,Yea
1461345,23032,1,Yea
1461345,23033,1,Yea
1461345,23034,1,Yea
1461345,23037,1,Yea
1461345,23040,1,Yea
1461345,24376,1,Yea
1461345,24377,1,Yea
1461345,24955,1,Yea
1461345,24970,1,Yea
1461345,24971,1,Yea
1461345,24972,1,Yea
1461345,24973,1,Yea
1461345,24974,1,Yea
1461345,24975,1,Yea
1461345,24976,1,Yea
1461345,24977,1,Yea
1461345,24978,4,Absent
1461345,24979,1,Yea
1461345,24980,1,Yea
1461345,24986,1,Yea
1461345,24987,1,Yea
1461345,24988,1,Yea
1461345,24989,1,Yea
1461345,24990,1,Yea
1461345,24991,1,Yea
1461345,24998,1,Yea
1461345,24999,1,Yea
1461345,25008,1,Yea
1461345,25009,1,Yea
1461345,25017,1,Yea
1461345,25018,1,Yea
1461345,25019,1,Yea
1461345,25020,1,Yea
1461345,25037,1,Yea
1461345,25038,1,Yea
1461345,25039,1,Yea
1461345,25040,4,Absent
1461345,25041,1,Yea
1461345,25042,1,Yea
1461345,25046,1,Yea
1461346,673,1,Yea
1461346,689,1,Yea
1461346,706,1,Yea
1461346,713,1,Yea
1461346,731,1,Yea
1461346,748,1,Yea
1461346,756,1,Yea
1461346,758,1,Yea
1461346,759,1,Yea
1461346,760,1,Yea
1461346,892,1,Yea
1461346,894,1,Yea
1461346,1465,1,Yea
1461346,1469,4,Absent
1461346,1472,1,Yea
1461346,1478,1,Yea
1461346,1479,1,Yea
1461346,11026,1,Yea
1461346,13731,1,Yea
1461346,13732,1,Yea
1461346,13739,1,Yea
1461346,13746,1,Yea
1461346,13783,1,Yea
1461346,16061,1,Yea
1461346,16072,4,Absent
1461346,16075,1,Yea
1461346,16092,1,Yea
1461346,16093,1,Yea
1461346,16226,4,Absent
1461346,16261,1,Yea
1461346,17728,1,Yea
1461346,17740,4,Absent
1461346,17806,1,Yea
1461346,18551,1,Yea
1461346,19445,1,Yea
1461346,19454,1,Yea
1461346,19471,1,Yea
1461346,19508,1,Yea
1461346,20158,1,Yea
1461346,21409,1,Yea
1461346,21410,1,Yea
1461346,21411,1,Yea
1461346,21413,1,Yea
1461346,21444,1,Yea
1461346,21445,4,Absent
1461346,21446,1,Yea
1461346,21449,1,Yea
1461346,21450,1,Yea
1461346,21452,1,Yea
1461346,22416,1,Yea
1461346,22455,1,Yea
1461346,22994,1,Yea
1461346,22995,4,Absent
1461346,23002,1,Yea
1461346,23016,1,Yea
1461346,23018,1,Yea
1461346,23019,1,Yea
1461346,23028,1,Yea
1461346,23030,1,Yea
1461346,23031,1,Yea
1461346,23032,1,Yea
1461346,23033,1,Yea
1461346,23034,1,Yea
1461346,23037,1,Yea
1461346,23040,1,Yea
1461346,24376,1,Yea
1461346,24377,1,Yea
1461346,24955,1,Yea
1461346,24970,1,Yea
1461346,24971,1,Yea
1461346,24972,1,Yea
1461346,24973,1,Yea
1461346,24974,1,Yea
1461346,24975,1,Yea
1461346,24976,1,Yea
1461346,24977,1,Yea
1461346,24978,4,Absent
1461346,24979,1,Yea
1461346,24980,1,Yea
1461346,24986,1,Yea
1461346,24987,1,Yea
1461346,24988,1,Yea
1461346,24989,1,Yea
1461346,24990,1,Yea
1461346,24991,1,Yea
1461346,24998,1,Yea
1461346,24999,1,Yea
1461346,25008,1,Yea
1461346,25009,1,Yea
1461346,25017,1,Yea
1461346,25018,1,Yea
1461346,25019,1,Yea
1461346,25020,1,Yea
1461346,25037,1,Yea
1461346,25038,1,Yea
1461346,25039,1,Yea
1461346,25040,4,Absent
1461346,25041,1,Yea
1461346,25042,1,Yea
1461346,25046,1,Yea
1462140,683,1,Yea
1462140,712,1,Yea
1462140,765,1,Yea
1462140,772,1,Yea
1462140,773,1,Yea
1462140,776,2,Nay
1462140,783,2,Nay
1462140,794,2,Nay
1462140,1477,1,Yea
1462140,13742,1,Yea
1462140,13743,2,Nay
1462140,16765,2,Nay
1462140,17727,1,Yea
1462140,17793,1,Yea
1462140,21451,1,Yea
1462141,683,1,Yea
1462141,712,1,Yea
1462141,765,1,Yea
1462141,772,1,Yea
1462141,773,1,Yea
1462141,776,2,Nay
1462141,783,2,Nay
1462141,794,2,Nay
1462141,1477,1,Yea
1462141,11333,2,Nay
1462141,13730,4,Absent
1462141,13742,1,Yea
1462141,13743,2,Nay
1462141,16066,2,Nay
1462141,16765,2,Nay
1462141,17709,1,Yea
1462141,17727,4,Absent
1462141,17733,1,Yea
1462141,17746,2,Nay
1462141,17793,1,Yea
1462141,17821,2,Nay
1462141,18932,2,Nay
1462141,19452,1,Yea
1462141,19453,1,Yea
1462141,19465,1,Yea
1462141,19473,2,Nay
1462141,19503,2,Nay
1462141,21407,1,Yea
1462141,21451,1,Yea
1462141,22448,1,Yea
1462141,22910,2,Nay
1462141,23029,4,Absent
1462141,24780,1,Yea
1462141,24981,1,Yea
1462141,24982,1,Yea
1462141,24983,1,Yea
1462141,25001,2,Nay
1462141,25022,2,Nay
1462141,25023,2,Nay
1462141,25043,2,Nay
1442303,673,1,Yea
1442303,713,1,Yea
1442303,748,1,Yea
1442303,892,1,Yea
1442303,1465,1,Yea
1442303,1478,1,Yea
1442303,1479,1,Yea
1442303,13731,1,Yea
1442303,16075,1,Yea
1442303,16093,1,Yea
1442303,16226,1,Yea
1442303,17728,1,Yea
1442303,18551,1,Yea
1442303,19471,1,Yea
1442303,21409,1,Yea
1442303,21410,1,Yea
1442303,21413,1,Yea
1442303,21450,1,Yea
1442303,22455,1,Yea
1442303,23028,1,Yea
1442303,23032,1,Yea
1442303,24376,1,Yea
1442459,673,1,Yea
1442459,689,1,Yea
1442459,706,1,Yea
1442459,713,1,Yea
1442459,731,1,Yea
1442459,748,1,Yea
1442459,756,1,Yea
1442459,758,1,Yea
1442459,759,1,Yea
1442459,760,1,Yea
1442459,892,1,Yea
1442459,894,1,Yea
1442459,1465,1,Yea
1442459,1469,1,Yea
1442459,1472,1,Yea
1442459,1478,1,Yea
1442459,1479,1,Yea
1442459,11026,1,Yea
1442459,13731,1,Yea
1442459,13732,1,Yea
1442459,13739,1,Yea
1442459,13746,1,Yea
1442459,13783,1,Yea
1442459,16061,1,Yea
1442459,16072,1,Yea
1442459,16075,1,Yea
1442459,16092,1,Yea
1442459,16093,1,Yea
1442459,16226,1,Yea
1442459,16261,1,Yea
1442459,17728,1,Yea
1442459,17740,1,Yea
1442459,17806,4,Absent
1442459,18551,1,Yea
1442459,19445,1,Yea
1442459,19454,1,Yea
1442459,19471,1,Yea
1442459,19508,1,Yea
1442459,20158,1,Yea
1442459,21409,1,Yea
1442459,21410,1,Yea
1442459,21411,1,Yea
1442459,21413,1,Yea
1442459,21444,1,Yea
1442459,21445,1,Yea
1442459,21446,1,Yea
1442459,21449,1,Yea
1442459,21450,1,Yea
1442459,21452,1,Yea
1442459,22416,1,Yea
1442459,22455,1,Yea
1442459,22994,1,Yea
1442459,22995,1,Yea
1442459,23002,1,Yea
1442459,23016,1,Yea
1442459,23018,1,Yea
1442459,23019,1,Yea
1442459,23028,1,Yea
1442459,23030,1,Yea
1442459,23031,1,Yea
1442459,23032,1,Yea
1442459,23033,1,Yea
1442459,23034,1,Yea
1442459,23037,1,Yea
1442459,23040,1,Yea
1442459,24376,1,Yea
1442459,24377,1,Yea
1442459,24955,1,Yea
1442459,24970,1,Yea
1442459,24971,1,Yea
1442459,24972,1,Yea
1442459,24973,1,Yea
1442459,24974,1,Yea
1442459,24975,1,Yea
1442459,24976,1,Yea
1442459,24977,1,Yea
1442459,24978,1,Yea
1442459,24979,1,Yea
1442459,24980,1,Yea
1442459,24986,1,Yea
1442459,24987,1,Yea
1442459,24988,1,Yea
1442459,24989,1,Yea
1442459,24990,1,Yea
1442459,24991,1,Yea
1442459,24998,1,Yea
1442459,24999,1,Yea
1442459,25008,1,Yea
1442459,25009,1,Yea
1442459,25017,1,Yea
1442459,25018,1,Yea
1442459,25019,1,Yea
1442459,25020,1,Yea
1442459,25037,1,Yea
1442459,25038,1,Yea
1442459,25039,1,Yea
1442459,25040,1,Yea
1442459,25041,1,Yea
1442459,25042,1,Yea
1442459,25046,1,Yea
1442460,673,1,Yea
1442460,689,1,Yea
1442460,706,1,Yea
1442460,713,1,Yea
1442460,731,1,Yea
1442460,748,1,Yea
1442460,756,1,Yea
1442460,758,1,Yea
1442460,759,1,Yea
1442460,760,1,Yea
1442460,892,1,Yea
1442460,894,1,Yea
1442460,1465,1,Yea
1442460,1469,1,Yea
1442460,1472,1,Yea
1442460,1478,1,Yea
1442460,1479,1,Yea
1442460,11026,1,Yea
1442460,13731,1,Yea
1442460,13732,1,Yea
1442460,13739,1,Yea
1442460,13746,1,Yea
1442460,13783,2,Nay
1442460,16061,1,Yea
1442460,16072,1,Yea
1442460,16075,1,Yea
1442460,16092,1,Yea
1442460,16093,1,Yea
1442460,16226,1,Yea
1442460,16261,1,Yea
1442460,17728,1,Yea
1442460,17740,2,Nay
1442460,17806,1,Yea
1442460,18551,1,Yea
1442460,19445,1,Yea
1442460,19454,1,Yea
1442460,19471,1,Yea
1442460,19508,1,Yea
1442460,20158,1,Yea
1442460,21409,1,Yea
1442460,21410,1,Yea
1442460,21411,1,Yea
1442460,21413,1,Yea
1442460,21444,1,Yea
1442460,21445,1,Yea
1442460,21446,1,Yea
1442460,21449,1,Yea
1442460,21450,1,Yea
1442460,21452,1,Yea
1442460,22416,1,Yea
1442460,22455,1,Yea
1442460,22994,1,Yea
1442460,22995,2,Nay
1442460,23002,1,Yea
1442460,23016,1,Yea
1442460,23018,1,Yea
1442460,23019,1,Yea
1442460,23028,1,Yea
1442460,23030,1,Yea
1442460,23031,1,Yea
1442460,23032,1,Yea
1442460,23033,1,Yea
1442460,23034,1,Yea
1442460,23037,1,Yea
1442460,23040,1,Yea
1442460,24376,1,Yea
1442460,24377,1,Yea
1442460,24955,1,Yea
1442460,24970,1,Yea
1442460,24971,1,Yea
1442460,24972,1,Yea
1442460,24973,1,Yea
1442460,24974,1,Yea
1442460,24975,1,Yea
1442460,24976,1,Yea
1442460,24977,1,Yea
1442460,24978,1,Yea
1442460,24979,1,Yea
1442460,24980,1,Yea
1442460,24986,1,Yea
1442460,24987,1,Yea
1442460,24988,1,Yea
1442460,24989,1,Yea
1442460,24990,1,Yea
1442460,24991,1,Yea
1442460,24998,1,Yea
1442460,24999,2,Nay
1442460,25008,1,Yea
1442460,25009,1,Yea
1442460,25017,1,Yea
1442460,25018,1,Yea
1442460,25019,1,Yea
1442460,25020,2,Nay
1442460,25037,1,Yea
1442460,25038,1,Yea
1442460,25039,1,Yea
1442460,25040,1,Yea
1442460,25041,2,Nay
1442460,25042,1,Yea
1442460,25046,1,Yea
1442461,683,1,Yea
1442461,712,1,Yea
1442461,765,1,Yea
1442461,772,1,Yea
1442461,773,1,Yea
1442461,776,1,Yea
1442461,783,1,Yea
1442461,794,1,Yea
1442461,1477,1,Yea
1442461,13742,1,Yea
1442461,13743,1,Yea
1442461,16765,1,Yea
1442461,17727,1,Yea
1442461,17793,1,Yea
1442461,21451,1,Yea
1442462,683,1,Yea
1442462,712,1,Yea
1442462,765,1,Yea
1442462,772,1,Yea
1442462,773,1,Yea
1442462,776,1,Yea
1442462,783,1,Yea
1442462,794,1,Yea
1442462,1477,1,Yea
1442462,11333,1,Yea
1442462,13730,1,Yea
1442462,13742,1,Yea
1442462,13743,1,Yea
1442462,16066,1,Yea
1442462,16765,1,Yea
1442462,17709,1,Yea
1442462,17727,1,Yea
1442462,17733,1,Yea
1442462,17746,1,Yea
1442462,17793,1,Yea
1442462,17821,1,Yea
1442462,18932,1,Yea
1442462,19452,1,Yea
1442462,19453,1,Yea
1442462,19465,1,Yea
1442462,19473,1,Yea
1442462,19503,1,Yea
1442462,21407,1,Yea
1442462,21451,1,Yea
1442462,22448,1,Yea
1442462,22910,1,Yea
1442462,23029,1,Yea
1442462,24780,1,Yea
1442462,24981,1,Yea
1442462,24982,1,Yea
1442462,24983,1,Yea
1442462,25001,1,Yea
1442462,25022,1,Yea
1442462,25023,1,Yea
1442462,25043,1,Yea
1442463,683,1,Yea
1442463,712,1,Yea
1442463,765,1,Yea
1442463,772,1,Yea
1442463,773,1,Yea
1442463,776,1,Yea
1442463,783,1,Yea
1442463,794,1,Yea
1442463,1477,1,Yea
1442463,11333,1,Yea
1442463,13730,1,Yea
1442463,13742,1,Yea
1442463,13743,1,Yea
1442463,16066,1,Yea
1442463,16765,1,Yea
1442463,17709,1,Yea
1442463,17727,1,Yea
1442463,17733,1,Yea
1442463,17746,1,Yea
1442463,17793,1,Yea
1442463,17821,1,Yea
1442463,18932,1,Yea
1442463,19452,1,Yea
1442463,19453,1,Yea
1442463,19465,1,Yea
1442463,19473,1,Yea
1442463,19503,2,Nay
1442463,21407,1,Yea
1442463,21451,1,Yea
1442463,22448,1,Yea
1442463,22910,1,Yea
1442463,23029,1,Yea
1442463,24780,1,Yea
1442463,24981,1,Yea
1442463,24982,1,Yea
1442463,24983,1,Yea
1442463,25001,1,Yea
1442463,25022,1,Yea
1442463,25023,1,Yea
1442463,25043,1,Yea
1442293,673,1,Yea
1442293,713,1,Yea
1442293,748,1,Yea
1442293,892,1,Yea
1442293,1465,1,Yea
1442293,1478,1,Yea
1442293,1479,1,Yea
1442293,13731,1,Yea
1442293,16075,1,Yea
1442293,16093,1,Yea
1442293,16226,1,Yea
1442293,17728,1,Yea
1442293,18551,1,Yea
1442293,19471,1,Yea
1442293,21409,1,Yea
1442293,21410,1,Yea
1442293,21413,1,Yea
1442293,21450,1,Yea
1442293,22455,1,Yea
1442293,23028,1,Yea
1442293,23032,1,Yea
1442293,24376,1,Yea
1442345,683,1,Yea
1442345,712,1,Yea
1442345,765,1,Yea
1442345,772,1,Yea
1442345,773,1,Yea
1442345,776,1,Yea
1442345,783,1,Yea
1442345,794,1,Yea
1442345,1477,1,Yea
1442345,13742,1,Yea
1442345,13743,1,Yea
1442345,16765,1,Yea
1442345,17727,1,Yea
1442345,17793,1,Yea
1442345,21451,1,Yea
1442421,673,1,Yea
1442421,689,1,Yea
1442421,706,1,Yea
1442421,713,1,Yea
1442421,731,1,Yea
1442421,748,1,Yea
1442421,756,1,Yea
1442421,758,1,Yea
1442421,759,1,Yea
1442421,760,1,Yea
1442421,892,1,Yea
1442421,894,1,Yea
1442421,1465,1,Yea
1442421,1469,1,Yea
1442421,1472,1,Yea
1442421,1478,1,Yea
1442421,1479,1,Yea
1442421,11026,1,Yea
1442421,13731,1,Yea
1442421,13732,1,Yea
1442421,13739,1,Yea
1442421,13746,1,Yea
1442421,13783,1,Yea
1442421,16061,1,Yea
1442421,16072,1,Yea
1442421,16075,1,Yea
1442421,16092,1,Yea
1442421,16093,1,Yea
1442421,16226,1,Yea
1442421,16261,1,Yea
1442421,17728,1,Yea
1442421,17740,1,Yea
1442421,17806,4,Absent
1442421,18551,1,Yea
1442421,19445,1,Yea
1442421,19454,1,Yea
1442421,19471,1,Yea
1442421,19508,1,Yea
1442421,20158,1,Yea
1442421,21409,1,Yea
1442421,21410,1,Yea
1442421,21411,1,Yea
1442421,21413,1,Yea
1442421,21444,1,Yea
1442421,21445,1,Yea
1442421,21446,1,Yea
1442421,21449,1,Yea
1442421,21450,1,Yea
1442421,21452,1,Yea
1442421,22416,1,Yea
1442421,22455,1,Yea
1442421,22994,1,Yea
1442421,22995,1,Yea
1442421,23002,1,Yea
1442421,23016,1,Yea
1442421,23018,1,Yea
1442421,23019,1,Yea
1442421,23028,1,Yea
1442421,23030,1,Yea
1442421,23031,1,Yea
1442421,23032,1,Yea
1442421,23033,1,Yea
1442421,23034,1,Yea
1442421,23037,1,Yea
1442421,23040,1,Yea
1442421,24376,1,Yea
1442421,24377,1,Yea
1442421,24955,1,Yea
1442421,24970,1,Yea
1442421,24971,1,Yea
1442421,24972,1,Yea
1442421,24973,1,Yea
1442421,24974,1,Yea
1442421,24975,1,Yea
1442421,24976,1,Yea
1442421,24977,1,Yea
1442421,24978,1,Yea
1442421,24979,1,Yea
1442421,24980,1,Yea
1442421,24986,1,Yea
1442421,24987,1,Yea
1442421,24988,1,Yea
1442421,24989,1,Yea
1442421,24990,1,Yea
1442421,24991,1,Yea
1442421,24998,1,Yea
1442421,24999,1,Yea
1442421,25008,1,Yea
1442421,25009,1,Yea
1442421,25017,1,Yea
1442421,25018,1,Yea
1442421,25019,1,Yea
1442421,25020,1,Yea
1442421,25037,1,Yea
1442421,25038,1,Yea
1442421,25039,1,Yea
1442421,25040,1,Yea
1442421,25041,1,Yea
1442421,25042,1,Yea
1442421,25046,1,Yea
1442422,673,1,Yea
1442422,689,1,Yea
1442422,706,1,Yea
1442422,713,1,Yea
1442422,731,1,Yea
1442422,748,1,Yea
1442422,756,1,Yea
1442422,758,1,Yea
1442422,759,1,Yea
1442422,760,1,Yea
1442422,892,1,Yea
1442422,894,1,Yea
1442422,1465,1,Yea
1442422,1469,1,Yea
1442422,1472,1,Yea
1442422,1478,1,Yea
1442422,1479,1,Yea
1442422,11026,1,Yea
1442422,13731,1,Yea
1442422,13732,1,Yea
1442422,13739,1,Yea
1442422,13746,1,Yea
1442422,13783,2,Nay
1442422,16061,1,Yea
1442422,16072,1,Yea
1442422,16075,1,Yea
1442422,16092,1,Yea
1442422,16093,1,Yea
1442422,16226,1,Yea
1442422,16261,1,Yea
1442422,17728,1,Yea
1442422,17740,2,Nay
1442422,17806,1,Yea
1442422,18551,1,Yea
1442422,19445,1,Yea
1442422,19454,1,Yea
1442422,19471,1,Yea
1442422,19508,1,Yea
1442422,20158,1,Yea
1442422,21409,1,Yea
1442422,21410,1,Yea
1442422,21411,1,Yea
1442422,21413,1,Yea
1442422,21444,1,Yea
1442422,21445,1,Yea
1442422,21446,1,Yea
1442422,21449,1,Yea
1442422,21450,1,Yea
1442422,21452,1,Yea
1442422,22416,1,Yea
1442422,22455,1,Yea
1442422,22994,1,Yea
1442422,22995,2,Nay
1442422,23002,1,Yea
1442422,23016,1,Yea
1442422,23018,1,Yea
1442422,23019,1,Yea
1442422,23028,1,Yea
1442422,23030,1,Yea
1442422,23031,1,Yea
1442422,23032,1,Yea
1442422,23033,1,Yea
1442422,23034,1,Yea
1442422,23037,1,Yea
1442422,23040,1,Yea
1442422,24376,1,Yea
1442422,24377,1,Yea
1442422,24955,1,Yea
1442422,24970,1,Yea
1442422,24971,1,Yea
1442422,24972,1,Yea
1442422,24973,1,Yea
1442422,24974,1,Yea
1442422,24975,1,Yea
1442422,24976,1,Yea
1442422,24977,1,Yea
1442422,24978,1,Yea
1442422,24979,1,Yea
1442422,24980,1,Yea
1442422,24986,1,Yea
1442422,24987,1,Yea
1442422,24988,1,Yea
1442422,24989,1,Yea
1442422,24990,1,Yea
1442422,24991,1,Yea
1442422,24998,1,Yea
1442422,24999,2,Nay
1442422,25008,1,Yea
1442422,25009,1,Yea
1442422,25017,1,Yea
1442422,25018,1,Yea
1442422,25019,1,Yea
1442422,25020,2,Nay
1442422,25037,1,Yea
1442422,25038,1,Yea
1442422,25039,1,Yea
1442422,25040,1,Yea
1442422,25041,2,Nay
1442422,25042,1,Yea
1442422,25046,1,Yea
1442423,683,1,Yea
1442423,712,1,Yea
1442423,765,1,Yea
1442423,772,1,Yea
1442423,773,1,Yea
1442423,776,1,Yea
1442423,783,1,Yea
1442423,794,1,Yea
1442423,1477,1,Yea
1442423,11333,1,Yea
1442423,13730,1,Yea
1442423,13742,1,Yea
1442423,13743,1,Yea
1442423,16066,1,Yea
1442423,16765,1,Yea
1442423,17709,1,Yea
1442423,17727,1,Yea
1442423,17733,1,Yea
1442423,17746,1,Yea
1442423,17793,1,Yea
1442423,17821,1,Yea
1442423,18932,1,Yea
1442423,19452,1,Yea
1442423,19453,1,Yea
1442423,19465,1,Yea
1442423,19473,1,Yea
1442423,19503,1,Yea
1442423,21407,1,Yea
1442423,21451,1,Yea
1442423,22448,1,Yea
1442423,22910,1,Yea
1442423,23029,1,Yea
1442423,24780,1,Yea
1442423,24981,1,Yea
1442423,24982,1,Yea
1442423,24983,1,Yea
1442423,25001,1,Yea
1442423,25022,1,Yea
1442423,25023,1,Yea
1442423,25043,1,Yea
1442424,683,1,Yea
1442424,712,1,Yea
1442424,765,1,Yea
1442424,772,1,Yea
1442424,773,1,Yea
1442424,776,1,Yea
1442424,783,1,Yea
1442424,794,1,Yea
1442424,1477,1,Yea
1442424,11333,1,Yea
1442424,13730,1,Yea
1442424,13742,1,Yea
1442424,13743,1,Yea
1442424,16066,1,Yea
1442424,16765,1,Yea
1442424,17709,1,Yea
1442424,17727,1,Yea
1442424,17733,1,Yea
1442424,17746,1,Yea
1442424,17793,1,Yea
1442424,17821,1,Yea
1442424,18932,1,Yea
1442424,19452,1,Yea
1442424,19453,1,Yea
1442424,19465,1,Yea
1442424,19473,1,Yea
1442424,19503,2,Nay
1442424,21407,1,Yea
1442424,21451,1,Yea
1442424,22448,1,Yea
1442424,22910,1,Yea
1442424,23029,1,Yea
1442424,24780,1,Yea
1442424,24981,1,Yea
1442424,24982,1,Yea
1442424,24983,1,Yea
1442424,25001,1,Yea
1442424,25022,1,Yea
1442424,25023,1,Yea
1442424,25043,1,Yea
1442458,673,1,Yea
1442458,689,1,Yea
1442458,706,1,Yea
1442458,713,1,Yea
1442458,731,1,Yea
1442458,748,1,Yea
1442458,756,4,Absent
1442458,758,1,Yea
1442458,759,1,Yea
1442458,760,1,Yea
1442458,892,1,Yea
1442458,894,1,Yea
1442458,1465,1,Yea
1442458,1469,1,Yea
1442458,1472,1,Yea
1442458,1478,1,Yea
1442458,1479,1,Yea
1442458,11026,1,Yea
1442458,13731,1,Yea
1442458,13732,1,Yea
1442458,13739,1,Yea
1442458,13746,1,Yea
1442458,13783,1,Yea
1442458,16061,1,Yea
1442458,16072,1,Yea
1442458,16075,1,Yea
1442458,16092,1,Yea
1442458,16093,1,Yea
1442458,16226,1,Yea
1442458,16261,1,Yea
1442458,17728,1,Yea
1442458,17740,3,NV
1442458,17806,1,Yea
1442458,18551,1,Yea
1442458,19445,1,Yea
1442458,19454,1,Yea
1442458,19471,1,Yea
1442458,19508,1,Yea
1442458,20158,1,Yea
1442458,21409,1,Yea
1442458,21410,1,Yea
1442458,21411,1,Yea
1442458,21413,1,Yea
1442458,21444,1,Yea
1442458,21445,1,Yea
1442458,21446,1,Yea
1442458,21449,1,Yea
1442458,21450,1,Yea
1442458,21452,1,Yea
1442458,22416,1,Yea
1442458,22455,1,Yea
1442458,22994,1,Yea
1442458,22995,1,Yea
1442458,23002,1,Yea
1442458,23016,1,Yea
1442458,23018,1,Yea
1442458,23019,1,Yea
1442458,23028,1,Yea
1442458,23030,1,Yea
1442458,23031,1,Yea
1442458,23032,1,Yea
1442458,23033,1,Yea
1442458,23034,1,Yea
1442458,23037,1,Yea
1442458,23040,1,Yea
1442458,24376,1,Yea
1442458,24377,1,Yea
1442458,24955,1,Yea
1442458,24970,1,Yea
1442458,24971,1,Yea
1442458,24972,1,Yea
1442458,24973,1,Yea
1442458,24974,1,Yea
1442458,24975,1,Yea
1442458,24976,1,Yea
1442458,24977,1,Yea
1442458,24978,1,Yea
1442458,24979,1,Yea
1442458,24980,1,Yea
1442458,24986,1,Yea
1442458,24987,1,Yea
1442458,24988,1,Yea
1442458,24989,1,Yea
1442458,24990,1,Yea
1442458,24991,1,Yea
1442458,24998,1,Yea
1442458,24999,1,Yea
1442458,25008,1,Yea
1442458,25009,1,Yea
1442458,25017,1,Yea
1442458,25018,1,Yea
1442458,25019,1,Yea
1442458,25020,1,Yea
1442458,25037,1,Yea
1442458,25038,1,Yea
1442458,25039,1,Yea
1442458,25040,1,Yea
1442458,25041,1,Yea
1442458,25042,1,Yea
1442458,25046,1,Yea
1444836,673,1,Yea
1444836,689,1,Yea
1444836,706,1,Yea
1444836,713,1,Yea
1444836,731,1,Yea
1444836,748,1,Yea
1444836,756,1,Yea
1444836,758,1,Yea
1444836,759,1,Yea
1444836,760,1,Yea
1444836,892,1,Yea
1444836,894,1,Yea
1444836,1465,1,Yea
1444836,1469,1,Yea
1444836,1472,1,Yea
1444836,1478,1,Yea
1444836,1479,1,Yea
1444836,11026,1,Yea
1444836,13731,4,Absent
1444836,13732,1,Yea
1444836,13739,1,Yea
1444836,13746,1,Yea
1444836,13783,1,Yea
1444836,16061,1,Yea
1444836,16072,1,Yea
1444836,16075,1,Yea
1444836,16092,1,Yea
1444836,16093,1,Yea
1444836,16226,1,Yea
1444836,16261,1,Yea
1444836,17728,1,Yea
1444836,17740,1,Yea
1444836,17806,1,Yea
1444836,18551,1,Yea
1444836,19445,1,Yea
1444836,19454,1,Yea
1444836,19471,1,Yea
1444836,19508,1,Yea
1444836,20158,1,Yea
1444836,21409,1,Yea
1444836,21410,1,Yea
1444836,21411,1,Yea
1444836,21413,1,Yea
1444836,21444,1,Yea
1444836,21445,1,Yea
1444836,21446,1,Yea
1444836,21449,1,Yea
1444836,21450,1,Yea
1444836,21452,1,Yea
1444836,22416,1,Yea
1444836,22455,1,Yea
1444836,22994,1,Yea
1444836,22995,1,Yea
1444836,23002,1,Yea
1444836,23016,1,Yea
1444836,23018,1,Yea
1444836,23019,1,Yea
1444836,23028,1,Yea
1444836,23030,1,Yea
1444836,23031,1,Yea
1444836,23032,1,Yea
1444836,23033,1,Yea
1444836,23034,1,Yea
1444836,23037,1,Yea
1444836,23040,1,Yea
1444836,24376,1,Yea
1444836,24377,1,Yea
1444836,24955,1,Yea
1444836,24970,1,Yea
1444836,24971,1,Yea
1444836,24972,1,Yea
1444836,24973,1,Yea
1444836,24974,1,Yea
1444836,24975,1,Yea
1444836,24976,1,Yea
1444836,24977,1,Yea
1444836,24978,1,Yea
1444836,24979,1,Yea
1444836,24980,1,Yea
1444836,24986,1,Yea
1444836,24987,1,Yea
1444836,24988,1,Yea
1444836,24989,1,Yea
1444836,24990,1,Yea
1444836,24991,1,Yea
1444836,24998,1,Yea
1444836,24999,1,Yea
1444836,25008,1,Yea
1444836,25009,4,Absent
1444836,25017,1,Yea
1444836,25018,1,Yea
1444836,25019,1,Yea
1444836,25020,1,Yea
1444836,25037,1,Yea
1444836,25038,1,Yea
1444836,25039,1,Yea
1444836,25040,1,Yea
1444836,25041,1,Yea
1444836,25042,1,Yea
1444836,25046,1,Yea
1444837,673,1,Yea
1444837,689,1,Yea
1444837,706,1,Yea
1444837,713,1,Yea
1444837,731,1,Yea
1444837,748,1,Yea
1444837,756,1,Yea
1444837,758,1,Yea
1444837,759,1,Yea
1444837,760,1,Yea
1444837,892,1,Yea
1444837,894,1,Yea
1444837,1465,1,Yea
1444837,1469,1,Yea
1444837,1472,1,Yea
1444837,1478,1,Yea
1444837,1479,1,Yea
1444837,11026,1,Yea
1444837,13731,4,Absent
1444837,13732,1,Yea
1444837,13739,1,Yea
1444837,13746,1,Yea
1444837,13783,1,Yea
1444837,16061,1,Yea
1444837,16072,1,Yea
1444837,16075,1,Yea
1444837,16092,1,Yea
1444837,16093,1,Yea
1444837,16226,1,Yea
1444837,16261,1,Yea
1444837,17728,1,Yea
1444837,17740,1,Yea
1444837,17806,1,Yea
1444837,18551,1,Yea
1444837,19445,1,Yea
1444837,19454,1,Yea
1444837,19471,1,Yea
1444837,19508,1,Yea
1444837,20158,1,Yea
1444837,21409,1,Yea
1444837,21410,1,Yea
1444837,21411,1,Yea
1444837,21413,1,Yea
1444837,21444,1,Yea
1444837,21445,1,Yea
1444837,21446,1,Yea
1444837,21449,1,Yea
1444837,21450,1,Yea
1444837,21452,1,Yea
1444837,22416,1,Yea
1444837,22455,1,Yea
1444837,22994,1,Yea
1444837,22995,1,Yea
1444837,23002,1,Yea
1444837,23016,1,Yea
1444837,23018,1,Yea
1444837,23019,1,Yea
1444837,23028,1,Yea
1444837,23030,1,Yea
1444837,23031,1,Yea
1444837,23032,1,Yea
1444837,23033,1,Yea
1444837,23034,1,Yea
1444837,23037,1,Yea
1444837,23040,1,Yea
1444837,24376,1,Yea
1444837,24377,1,Yea
1444837,24955,1,Yea
1444837,24970,1,Yea
1444837,24971,1,Yea
1444837,24972,1,Yea
1444837,24973,1,Yea
1444837,24974,1,Yea
1444837,24975,1,Yea
1444837,24976,1,Yea
1444837,24977,1,Yea
1444837,24978,1,Yea
1444837,24979,1,Yea
1444837,24980,1,Yea
1444837,24986,1,Yea
1444837,24987,1,Yea
1444837,24988,1,Yea
1444837,24989,1,Yea
1444837,24990,1,Yea
1444837,24991,1,Yea
1444837,24998,1,Yea
1444837,24999,1,Yea
1444837,25008,1,Yea
1444837,25009,1,Yea
1444837,25017,1,Yea
1444837,25018,1,Yea
1444837,25019,1,Yea
1444837,25020,1,Yea
1444837,25037,1,Yea
1444837,25038,1,Yea
1444837,25039,1,Yea
1444837,25040,1,Yea
1444837,25041,1,Yea
1444837,25042,1,Yea
1444837,25046,1,Yea
1442688,673,1,Yea
1442688,689,1,Yea
1442688,706,1,Yea
1442688,713,1,Yea
1442688,731,1,Yea
1442688,748,1,Yea
1442688,756,1,Yea
1442688,758,1,Yea
1442688,759,1,Yea
1442688,760,1,Yea
1442688,892,1,Yea
1442688,894,1,Yea
1442688,1465,1,Yea
1442688,1469,1,Yea
1442688,1472,1,Yea
1442688,1478,1,Yea
1442688,1479,1,Yea
1442688,11026,1,Yea
1442688,13731,1,Yea
1442688,13732,1,Yea
1442688,13739,1,Yea
1442688,13746,1,Yea
1442688,13783,1,Yea
1442688,16061,1,Yea
1442688,16072,1,Yea
1442688,16075,1,Yea
1442688,16092,1,Yea
1442688,16093,1,Yea
1442688,16226,1,Yea
1442688,16261,1,Yea
1442688,17728,1,Yea
1442688,17740,1,Yea
1442688,17806,1,Yea
1442688,18551,1,Yea
1442688,19445,1,Yea
1442688,19454,1,Yea
1442688,19471,1,Yea
1442688,19508,1,Yea
1442688,20158,1,Yea
1442688,21409,1,Yea
1442688,21410,1,Yea
1442688,21411,1,Yea
1442688,21413,1,Yea
1442688,21444,1,Yea
1442688,21445,1,Yea
1442688,21446,1,Yea
1442688,21449,1,Yea
1442688,21450,1,Yea
1442688,21452,1,Yea
1442688,22416,1,Yea
1442688,22455,1,Yea
1442688,22994,1,Yea
1442688,22995,1,Yea
1442688,23002,1,Yea
1442688,23016,1,Yea
1442688,23018,1,Yea
1442688,23019,1,Yea
1442688,23028,1,Yea
1442688,23030,1,Yea
1442688,23031,1,Yea
1442688,23032,1,Yea
1442688,23033,1,Yea
1442688,23034,1,Yea
1442688,23037,1,Yea
1442688,23040,1,Yea
1442688,24376,1,Yea
1442688,24377,1,Yea
1442688,24955,1,Yea
1442688,24970,1,Yea
1442688,24971,1,Yea
1442688,24972,1,Yea
1442688,24973,1,Yea
1442688,24974,1,Yea
1442688,24975,1,Yea
1442688,24976,1,Yea
1442688,24977,1,Yea
1442688,24978,1,Yea
1442688,24979,1,Yea
1442688,24980,1,Yea
1442688,24986,1,Yea
1442688,24987,1,Yea
1442688,24988,1,Yea
1442688,24989,1,Yea
1442688,24990,1,Yea
1442688,24991,1,Yea
1442688,24998,1,Yea
1442688,24999,1,Yea
1442688,25008,1,Yea
1442688,25009,1,Yea
1442688,25017,1,Yea
1442688,25018,1,Yea
1442688,25019,1,Yea
1442688,25020,1,Yea
1442688,25037,1,Yea
1442688,25038,1,Yea
1442688,25039,1,Yea
1442688,25040,1,Yea
1442688,25041,1,Yea
1442688,25042,1,Yea
1442688,25046,1,Yea
1442689,673,1,Yea
1442689,689,1,Yea
1442689,706,1,Yea
1442689,713,1,Yea
1442689,731,1,Yea
1442689,748,1,Yea
1442689,756,1,Yea
1442689,758,1,Yea
1442689,759,1,Yea
1442689,760,1,Yea
1442689,892,1,Yea
1442689,894,1,Yea
1442689,1465,1,Yea
1442689,1469,1,Yea
1442689,1472,1,Yea
1442689,1478,1,Yea
1442689,1479,1,Yea
1442689,11026,1,Yea
1442689,13731,4,Absent
1442689,13732,1,Yea
1442689,13739,1,Yea
1442689,13746,1,Yea
1442689,13783,1,Yea
1442689,16061,1,Yea
1442689,16072,1,Yea
1442689,16075,1,Yea
1442689,16092,1,Yea
1442689,16093,1,Yea
1442689,16226,1,Yea
1442689,16261,1,Yea
1442689,17728,1,Yea
1442689,17740,1,Yea
1442689,17806,2,Nay
1442689,18551,1,Yea
1442689,19445,1,Yea
1442689,19454,1,Yea
1442689,19471,1,Yea
1442689,19508,1,Yea
1442689,20158,1,Yea
1442689,21409,1,Yea
1442689,21410,1,Yea
1442689,21411,1,Yea
1442689,21413,4,Absent
1442689,21444,4,Absent
1442689,21445,1,Yea
1442689,21446,1,Yea
1442689,21449,1,Yea
1442689,21450,1,Yea
1442689,21452,1,Yea
1442689,22416,1,Yea
1442689,22455,1,Yea
1442689,22994,4,Absent
1442689,22995,1,Yea
1442689,23002,1,Yea
1442689,23016,1,Yea
1442689,23018,1,Yea
1442689,23019,1,Yea
1442689,23028,1,Yea
1442689,23030,1,Yea
1442689,23031,1,Yea
1442689,23032,1,Yea
1442689,23033,1,Yea
1442689,23034,1,Yea
1442689,23037,1,Yea
1442689,23040,1,Yea
1442689,24376,1,Yea
1442689,24377,1,Yea
1442689,24955,1,Yea
1442689,24970,1,Yea
1442689,24971,1,Yea
1442689,24972,1,Yea
1442689,24973,1,Yea
1442689,24974,1,Yea
1442689,24975,1,Yea
1442689,24976,1,Yea
1442689,24977,1,Yea
1442689,24978,1,Yea
1442689,24979,1,Yea
1442689,24980,1,Yea
1442689,24986,1,Yea
1442689,24987,1,Yea
1442689,24988,1,Yea
1442689,24989,1,Yea
1442689,24990,1,Yea
1442689,24991,1,Yea
1442689,24998,1,Yea
1442689,24999,1,Yea
1442689,25008,1,Yea
1442689,25009,1,Yea
1442689,25017,1,Yea
1442689,25018,1,Yea
1442689,25019,1,Yea
1442689,25020,1,Yea
1442689,25037,1,Yea
1442689,25038,1,Yea
1442689,25039,1,Yea
1442689,25040,1,Yea
1442689,25041,1,Yea
1442689,25042,1,Yea
1442689,25046,1,Yea
1442690,683,1,Yea
1442690,712,1,Yea
1442690,765,1,Yea
1442690,772,1,Yea
1442690,773,1,Yea
1442690,776,1,Yea
1442690,783,1,Yea
1442690,794,1,Yea
1442690,1477,1,Yea
1442690,11333,1,Yea
1442690,13730,1,Yea
1442690,13742,1,Yea
1442690,13743,1,Yea
1442690,16066,1,Yea
1442690,16765,1,Yea
1442690,17709,1,Yea
1442690,17727,1,Yea
1442690,17733,1,Yea
1442690,17746,1,Yea
1442690,17793,1,Yea
1442690,17821,1,Yea
1442690,18932,1,Yea
1442690,19452,1,Yea
1442690,19453,1,Yea
1442690,19465,1,Yea
1442690,19473,1,Yea
1442690,19503,1,Yea
1442690,21407,1,Yea
1442690,21451,1,Yea
1442690,22448,1,Yea
1442690,22910,1,Yea
1442690,23029,1,Yea
1442690,24780,1,Yea
1442690,24981,1,Yea
1442690,24982,1,Yea
1442690,24983,1,Yea
1442690,25001,1,Yea
1442690,25022,1,Yea
1442690,25023,1,Yea
1442690,25043,1,Yea
1442685,673,1,Yea
1442685,689,1,Yea
1442685,706,1,Yea
1442685,713,1,Yea
1442685,731,1,Yea
1442685,748,1,Yea
1442685,756,4,Absent
1442685,758,1,Yea
1442685,759,1,Yea
1442685,760,1,Yea
1442685,892,1,Yea
1442685,894,1,Yea
1442685,1465,1,Yea
1442685,1469,1,Yea
1442685,1472,1,Yea
1442685,1478,1,Yea
1442685,1479,1,Yea
1442685,11026,1,Yea
1442685,13731,1,Yea
1442685,13732,1,Yea
1442685,13739,1,Yea
1442685,13746,1,Yea
1442685,13783,1,Yea
1442685,16061,1,Yea
1442685,16072,1,Yea
1442685,16075,1,Yea
1442685,16092,1,Yea
1442685,16093,1,Yea
1442685,16226,1,Yea
1442685,16261,1,Yea
1442685,17728,1,Yea
1442685,17740,1,Yea
1442685,17806,1,Yea
1442685,18551,1,Yea
1442685,19445,1,Yea
1442685,19454,1,Yea
1442685,19471,1,Yea
1442685,19508,1,Yea
1442685,20158,1,Yea
1442685,21409,1,Yea
1442685,21410,1,Yea
1442685,21411,1,Yea
1442685,21413,1,Yea
1442685,21444,1,Yea
1442685,21445,1,Yea
1442685,21446,1,Yea
1442685,21449,1,Yea
1442685,21450,1,Yea
1442685,21452,1,Yea
1442685,22416,1,Yea
1442685,22455,1,Yea
1442685,22994,1,Yea
1442685,22995,1,Yea
1442685,23002,1,Yea
1442685,23016,1,Yea
1442685,23018,1,Yea
1442685,23019,1,Yea
1442685,23028,1,Yea
1442685,23030,1,Yea
1442685,23031,1,Yea
1442685,23032,1,Yea
1442685,23033,1,Yea
1442685,23034,1,Yea
1442685,23037,1,Yea
1442685,23040,1,Yea
1442685,24376,1,Yea
1442685,24377,1,Yea
1442685,24955,1,Yea
1442685,24970,1,Yea
1442685,24971,1,Yea
1442685,24972,1,Yea
1442685,24973,1,Yea
1442685,24974,1,Yea
1442685,24975,1,Yea
1442685,24976,1,Yea
1442685,24977,1,Yea
1442685,24978,1,Yea
1442685,24979,1,Yea
1442685,24980,1,Yea
1442685,24986,1,Yea
1442685,24987,1,Yea
1442685,24988,1,Yea
1442685,24989,1,Yea
1442685,24990,1,Yea
1442685,24991,1,Yea
1442685,24998,1,Yea
1442685,24999,1,Yea
1442685,25008,1,Yea
1442685,25009,1,Yea
1442685,25017,1,Yea
1442685,25018,1,Yea
1442685,25019,1,Yea
1442685,25020,1,Yea
1442685,25037,1,Yea
1442685,25038,1,Yea
1442685,25039,1,Yea
1442685,25040,1,Yea
1442685,25041,1,Yea
1442685,25042,1,Yea
1442685,25046,1,Yea
1442686,683,1,Yea
1442686,712,1,Yea
1442686,765,1,Yea
1442686,772,1,Yea
1442686,773,1,Yea
1442686,776,1,Yea
1442686,783,1,Yea
1442686,794,1,Yea
1442686,1477,1,Yea
1442686,11333,1,Yea
1442686,13730,1,Yea
1442686,13742,1,Yea
1442686,13743,1,Yea
1442686,16066,1,Yea
1442686,16765,1,Yea
1442686,17709,1,Yea
1442686,17727,1,Yea
1442686,17733,1,Yea
1442686,17746,1,Yea
1442686,17793,1,Yea
1442686,17821,2,Nay
1442686,18932,1,Yea
1442686,19452,1,Yea
1442686,19453,1,Yea
1442686,19465,1,Yea
1442686,19473,1,Yea
1442686,19503,1,Yea
1442686,21407,1,Yea
1442686,21451,1,Yea
1442686,22448,1,Yea
1442686,22910,1,Yea
1442686,23029,1,Yea
1442686,24780,1,Yea
1442686,24981,1,Yea
1442686,24982,1,Yea
1442686,24983,1,Yea
1442686,25001,1,Yea
1442686,25022,1,Yea
1442686,25023,1,Yea
1442686,25043,1,Yea
1442687,683,1,Yea
1442687,712,1,Yea
1442687,765,1,Yea
1442687,772,1,Yea
1442687,773,1,Yea
1442687,776,1,Yea
1442687,783,1,Yea
1442687,794,1,Yea
1442687,1477,1,Yea
1442687,11333,1,Yea
1442687,13730,1,Yea
1442687,13742,1,Yea
1442687,13743,1,Yea
1442687,16066,1,Yea
1442687,16765,1,Yea
1442687,17709,1,Yea
1442687,17727,1,Yea
1442687,17733,1,Yea
1442687,17746,1,Yea
1442687,17793,1,Yea
1442687,17821,1,Yea
1442687,18932,1,Yea
1442687,19452,1,Yea
1442687,19453,1,Yea
1442687,19465,1,Yea
1442687,19473,1,Yea
1442687,19503,1,Yea
1442687,21407,1,Yea
1442687,21451,1,Yea
1442687,22448,1,Yea
1442687,22910,1,Yea
1442687,23029,1,Yea
1442687,24780,1,Yea
1442687,24981,1,Yea
1442687,24982,1,Yea
1442687,24983,1,Yea
1442687,25001,1,Yea
1442687,25022,1,Yea
1442687,25023,1,Yea
1442687,25043,1,Yea
1442430,683,1,Yea
1442430,712,1,Yea
1442430,765,1,Yea
1442430,772,1,Yea
1442430,773,1,Yea
1442430,776,1,Yea
1442430,783,1,Yea
1442430,794,1,Yea
1442430,1477,1,Yea
1442430,11333,1,Yea
1442430,13730,1,Yea
1442430,13742,1,Yea
1442430,13743,1,Yea
1442430,16066,1,Yea
1442430,16765,1,Yea
1442430,17709,1,Yea
1442430,17727,1,Yea
1442430,17733,1,Yea
1442430,17746,1,Yea
1442430,17793,1,Yea
1442430,17821,1,Yea
1442430,18932,1,Yea
1442430,19452,1,Yea
1442430,19453,1,Yea
1442430,19465,1,Yea
1442430,19473,1,Yea
1442430,19503,1,Yea
1442430,21407,1,Yea
1442430,21451,1,Yea
1442430,22448,1,Yea
1442430,22910,1,Yea
1442430,23029,1,Yea
1442430,24780,1,Yea
1442430,24981,1,Yea
1442430,24982,1,Yea
1442430,24983,1,Yea
1442430,25001,1,Yea
1442430,25022,1,Yea
1442430,25023,1,Yea
1442430,25043,1,Yea
1442431,683,1,Yea
1442431,712,1,Yea
1442431,765,1,Yea
1442431,772,1,Yea
1442431,773,1,Yea
1442431,776,1,Yea
1442431,783,1,Yea
1442431,794,1,Yea
1442431,1477,1,Yea
1442431,11333,1,Yea
1442431,13730,1,Yea
1442431,13742,1,Yea
1442431,13743,1,Yea
1442431,16066,1,Yea
1442431,16765,1,Yea
1442431,17709,1,Yea
1442431,17727,1,Yea
1442431,17733,1,Yea
1442431,17746,1,Yea
1442431,17793,1,Yea
1442431,17821,1,Yea
1442431,18932,1,Yea
1442431,19452,1,Yea
1442431,19453,1,Yea
1442431,19465,1,Yea
1442431,19473,1,Yea
1442431,19503,1,Yea
1442431,21407,1,Yea
1442431,21451,1,Yea
1442431,22448,1,Yea
1442431,22910,1,Yea
1442431,23029,1,Yea
1442431,24780,1,Yea
1442431,24981,1,Yea
1442431,24982,1,Yea
1442431,24983,1,Yea
1442431,25001,1,Yea
1442431,25022,1,Yea
1442431,25023,1,Yea
1442431,25043,1,Yea
1442433,673,1,Yea
1442433,689,1,Yea
1442433,706,1,Yea
1442433,713,1,Yea
1442433,731,1,Yea
1442433,748,1,Yea
1442433,756,1,Yea
1442433,758,1,Yea
1442433,759,1,Yea
1442433,760,1,Yea
1442433,892,1,Yea
1442433,894,1,Yea
1442433,1465,1,Yea
1442433,1469,1,Yea
1442433,1472,1,Yea
1442433,1478,1,Yea
1442433,1479,1,Yea
1442433,11026,1,Yea
1442433,13731,4,Absent
1442433,13732,1,Yea
1442433,13739,1,Yea
1442433,13746,1,Yea
1442433,13783,1,Yea
1442433,16061,1,Yea
1442433,16072,1,Yea
1442433,16075,1,Yea
1442433,16092,1,Yea
1442433,16093,1,Yea
1442433,16226,1,Yea
1442433,16261,1,Yea
1442433,17728,1,Yea
1442433,17740,1,Yea
1442433,17806,1,Yea
1442433,18551,1,Yea
1442433,19445,1,Yea
1442433,19454,1,Yea
1442433,19471,1,Yea
1442433,19508,1,Yea
1442433,20158,1,Yea
1442433,21409,1,Yea
1442433,21410,1,Yea
1442433,21411,1,Yea
1442433,21413,1,Yea
1442433,21444,1,Yea
1442433,21445,1,Yea
1442433,21446,1,Yea
1442433,21449,1,Yea
1442433,21450,1,Yea
1442433,21452,1,Yea
1442433,22416,1,Yea
1442433,22455,1,Yea
1442433,22994,1,Yea
1442433,22995,1,Yea
1442433,23002,1,Yea
1442433,23016,1,Yea
1442433,23018,1,Yea
1442433,23019,1,Yea
1442433,23028,1,Yea
1442433,23030,1,Yea
1442433,23031,1,Yea
1442433,23032,1,Yea
1442433,23033,1,Yea
1442433,23034,1,Yea
1442433,23037,1,Yea
1442433,23040,1,Yea
1442433,24376,1,Yea
1442433,24377,1,Yea
1442433,24955,1,Yea
1442433,24970,1,Yea
1442433,24971,1,Yea
1442433,24972,1,Yea
1442433,24973,1,Yea
1442433,24974,1,Yea
1442433,24975,1,Yea
1442433,24976,1,Yea
1442433,24977,1,Yea
1442433,24978,1,Yea
1442433,24979,1,Yea
1442433,24980,1,Yea
1442433,24986,1,Yea
1442433,24987,1,Yea
1442433,24988,1,Yea
1442433,24989,1,Yea
1442433,24990,1,Yea
1442433,24991,1,Yea
1442433,24998,1,Yea
1442433,24999,4,Absent
1442433,25008,1,Yea
1442433,25009,1,Yea
1442433,25017,1,Yea
1442433,25018,1,Yea
1442433,25019,1,Yea
1442433,25020,1,Yea
1442433,25037,1,Yea
1442433,25038,1,Yea
1442433,25039,1,Yea
1442433,25040,1,Yea
1442433,25041,1,Yea
1442433,25042,1,Yea
1442433,25046,1,Yea
1442435,683,1,Yea
1442435,712,1,Yea
1442435,765,1,Yea
1442435,772,1,Yea
1442435,773,1,Yea
1442435,776,1,Yea
1442435,783,1,Yea
1442435,794,1,Yea
1442435,1477,1,Yea
1442435,11333,1,Yea
1442435,13730,1,Yea
1442435,13742,1,Yea
1442435,13743,1,Yea
1442435,16066,1,Yea
1442435,16765,1,Yea
1442435,17709,1,Yea
1442435,17727,1,Yea
1442435,17733,1,Yea
1442435,17746,1,Yea
1442435,17793,1,Yea
1442435,17821,1,Yea
1442435,18932,1,Yea
1442435,19452,1,Yea
1442435,19453,1,Yea
1442435,19465,1,Yea
1442435,19473,1,Yea
1442435,19503,1,Yea
1442435,21407,1,Yea
1442435,21451,1,Yea
1442435,22448,1,Yea
1442435,22910,1,Yea
1442435,23029,1,Yea
1442435,24780,1,Yea
1442435,24981,1,Yea
1442435,24982,1,Yea
1442435,24983,1,Yea
1442435,25001,1,Yea
1442435,25022,1,Yea
1442435,25023,1,Yea
1442435,25043,1,Yea
1463117,683,1,Yea
1463117,765,1,Yea
1463117,772,1,Yea
1463117,773,1,Yea
1463117,776,1,Yea
1463117,794,1,Yea
1463117,1477,1,Yea
1463117,13742,1,Yea
1463117,16765,1,Yea
1463117,17727,1,Yea
1463117,17793,1,Yea
1463117,21451,1,Yea
1463118,683,1,Yea
1463118,712,1,Yea
1463118,765,1,Yea
1463118,772,1,Yea
1463118,773,1,Yea
1463118,776,1,Yea
1463118,783,1,Yea
1463118,794,1,Yea
1463118,1477,1,Yea
1463118,11333,4,Absent
1463118,13730,1,Yea
1463118,13742,1,Yea
1463118,13743,4,Absent
1463118,16066,1,Yea
1463118,16765,1,Yea
1463118,17709,1,Yea
1463118,17727,1,Yea
1463118,17733,1,Yea
1463118,17746,1,Yea
1463118,17793,1,Yea
1463118,17821,1,Yea
1463118,18932,1,Yea
1463118,19452,1,Yea
1463118,19453,1,Yea
1463118,19465,1,Yea
1463118,19473,1,Yea
1463118,19503,4,Absent
1463118,21407,1,Yea
1463118,21451,1,Yea
1463118,22448,1,Yea
1463118,22910,1,Yea
1463118,23029,4,Absent
1463118,24780,1,Yea
1463118,24981,1,Yea
1463118,24982,1,Yea
1463118,24983,1,Yea
1463118,25001,1,Yea
1463118,25022,4,Absent
1463118,25023,1,Yea
1463118,25043,4,Absent
1463119,683,1,Yea
1463119,712,1,Yea
1463119,765,1,Yea
1463119,772,1,Yea
1463119,773,1,Yea
1463119,776,1,Yea
1463119,783,1,Yea
1463119,794,1,Yea
1463119,1477,1,Yea
1463119,11333,4,Absent
1463119,13730,1,Yea
1463119,13742,1,Yea
1463119,13743,4,Absent
1463119,16066,1,Yea
1463119,16765,1,Yea
1463119,17709,1,Yea
1463119,17727,1,Yea
1463119,17733,1,Yea
1463119,17746,1,Yea
1463119,17793,1,Yea
1463119,17821,1,Yea
1463119,18932,1,Yea
1463119,19452,1,Yea
1463119,19453,1,Yea
1463119,19465,1,Yea
1463119,19473,1,Yea
1463119,19503,4,Absent
1463119,21407,1,Yea
1463119,21451,1,Yea
1463119,22448,1,Yea
1463119,22910,1,Yea
1463119,23029,4,Absent
1463119,24780,1,Yea
1463119,24981,1,Yea
1463119,24982,1,Yea
1463119,24983,1,Yea
1463119,25001,1,Yea
1463119,25022,4,Absent
1463119,25023,1,Yea
1463119,25043,4,Absent
1463120,683,1,Yea
1463120,712,1,Yea
1463120,765,1,Yea
1463120,772,1,Yea
1463120,773,1,Yea
1463120,776,1,Yea
1463120,783,1,Yea
1463120,794,1,Yea
1463120,1477,1,Yea
1463120,11333,4,Absent
1463120,13730,1,Yea
1463120,13742,1,Yea
1463120,13743,1,Yea
1463120,16066,1,Yea
1463120,16765,1,Yea
1463120,17709,1,Yea
1463120,17727,1,Yea
1463120,17733,1,Yea
1463120,17746,1,Yea
1463120,17793,1,Yea
1463120,17821,1,Yea
1463120,18932,1,Yea
1463120,19452,1,Yea
1463120,19453,1,Yea
1463120,19465,1,Yea
1463120,19473,1,Yea
1463120,19503,1,Yea
1463120,21407,1,Yea
1463120,21451,1,Yea
1463120,22448,1,Yea
1463120,22910,1,Yea
1463120,23029,1,Yea
1463120,24780,1,Yea
1463120,24981,1,Yea
1463120,24982,1,Yea
1463120,24983,1,Yea
1463120,25001,1,Yea
1463120,25022,1,Yea
1463120,25023,1,Yea
1463120,25043,4,Absent
1463121,673,1,Yea
1463121,713,1,Yea
1463121,748,1,Yea
1463121,892,1,Yea
1463121,1465,4,Absent
1463121,1478,1,Yea
1463121,1479,1,Yea
1463121,13731,1,Yea
1463121,16075,1,Yea
1463121,16093,4,Absent
1463121,16226,1,Yea
1463121,17728,1,Yea
1463121,18551,1,Yea
1463121,19471,1,Yea
1463121,21409,1,Yea
1463121,21410,4,Absent
1463121,21413,1,Yea
1463121,21450,1,Yea
1463121,22455,1,Yea
1463121,23028,1,Yea
1463121,23032,1,Yea
1463121,24376,1,Yea
1463122,673,1,Yea
1463122,689,1,Yea
1463122,706,1,Yea
1463122,713,1,Yea
1463122,731,4,Absent
1463122,748,1,Yea
1463122,756,4,Absent
1463122,758,4,Absent
1463122,759,1,Yea
1463122,760,4,Absent
1463122,892,1,Yea
1463122,894,1,Yea
1463122,1465,4,Absent
1463122,1469,1,Yea
1463122,1472,4,Absent
1463122,1478,1,Yea
1463122,1479,1,Yea
1463122,11026,1,Yea
1463122,13731,1,Yea
1463122,13732,1,Yea
1463122,13739,1,Yea
1463122,13746,1,Yea
1463122,13783,1,Yea
1463122,16061,1,Yea
1463122,16072,1,Yea
1463122,16075,1,Yea
1463122,16092,4,Absent
1463122,16093,4,Absent
1463122,16226,1,Yea
1463122,16261,1,Yea
1463122,17728,1,Yea
1463122,17740,1,Yea
1463122,17806,4,Absent
1463122,18551,1,Yea
1463122,19445,1,Yea
1463122,19454,1,Yea
1463122,19471,1,Yea
1463122,19508,1,Yea
1463122,20158,1,Yea
1463122,21409,1,Yea
1463122,21410,4,Absent
1463122,21411,1,Yea
1463122,21413,1,Yea
1463122,21444,4,Absent
1463122,21445,1,Yea
1463122,21446,1,Yea
1463122,21449,1,Yea
1463122,21450,1,Yea
1463122,21452,1,Yea
1463122,22416,4,Absent
1463122,22455,1,Yea
1463122,22994,1,Yea
1463122,22995,1,Yea
1463122,23002,4,Absent
1463122,23016,1,Yea
1463122,23018,1,Yea
1463122,23019,1,Yea
1463122,23028,1,Yea
1463122,23030,1,Yea
1463122,23031,1,Yea
1463122,23032,1,Yea
1463122,23033,4,Absent
1463122,23034,1,Yea
1463122,23037,1,Yea
1463122,23040,1,Yea
1463122,24376,1,Yea
1463122,24377,1,Yea
1463122,24955,4,Absent
1463122,24970,1,Yea
1463122,24971,1,Yea
1463122,24972,1,Yea
1463122,24973,1,Yea
1463122,24974,4,Absent
1463122,24975,1,Yea
1463122,24976,1,Yea
1463122,24977,1,Yea
1463122,24978,1,Yea
1463122,24979,4,Absent
1463122,24980,1,Yea
1463122,24986,1,Yea
1463122,24987,1,Yea
1463122,24988,4,Absent
1463122,24989,1,Yea
1463122,24990,1,Yea
1463122,24991,1,Yea
1463122,24998,1,Yea
1463122,24999,1,Yea
1463122,25008,4,Absent
1463122,25009,4,Absent
1463122,25017,1,Yea
1463122,25018,1,Yea
1463122,25019,1,Yea
1463122,25020,1,Yea
1463122,25037,1,Yea
1463122,25038,1,Yea
1463122,25039,1,Yea
1463122,25040,1,Yea
1463122,25041,1,Yea
1463122,25042,1,Yea
1463122,25046,1,Yea
1463123,673,1,Yea
1463123,689,1,Yea
1463123,706,1,Yea
1463123,713,1,Yea
1463123,731,4,Absent
1463123,748,1,Yea
1463123,756,4,Absent
1463123,758,4,Absent
1463123,759,1,Yea
1463123,760,4,Absent
1463123,892,1,Yea
1463123,894,1,Yea
1463123,1465,4,Absent
1463123,1469,1,Yea
1463123,1472,4,Absent
1463123,1478,1,Yea
1463123,1479,1,Yea
1463123,11026,1,Yea
1463123,13731,1,Yea
1463123,13732,1,Yea
1463123,13739,1,Yea
1463123,13746,1,Yea
1463123,13783,1,Yea
1463123,16061,1,Yea
1463123,16072,1,Yea
1463123,16075,1,Yea
1463123,16092,4,Absent
1463123,16093,4,Absent
1463123,16226,1,Yea
1463123,16261,1,Yea
1463123,17728,1,Yea
1463123,17740,1,Yea
1463123,17806,1,Yea
1463123,18551,1,Yea
1463123,19445,1,Yea
1463123,19454,1,Yea
1463123,19471,1,Yea
1463123,19508,1,Yea
1463123,20158,1,Yea
1463123,21409,1,Yea
1463123,21410,4,Absent
1463123,21411,1,Yea
1463123,21413,1,Yea
1463123,21444,4,Absent
1463123,21445,1,Yea
1463123,21446,1,Yea
1463123,21449,1,Yea
1463123,21450,1,Yea
1463123,21452,1,Yea
1463123,22416,4,Absent
1463123,22455,1,Yea
1463123,22994,1,Yea
1463123,22995,1,Yea
1463123,23002,4,Absent
1463123,23016,1,Yea
1463123,23018,1,Yea
1463123,23019,1,Yea
1463123,23028,1,Yea
1463123,23030,1,Yea
1463123,23031,1,Yea
1463123,23032,1,Yea
1463123,23033,4,Absent
1463123,23034,1,Yea
1463123,23037,1,Yea
1463123,23040,1,Yea
1463123,24376,1,Yea
1463123,24377,1,Yea
1463123,24955,4,Absent
1463123,24970,1,Yea
1463123,24971,1,Yea
1463123,24972,1,Yea
1463123,24973,1,Yea
1463123,24974,4,Absent
1463123,24975,1,Yea
1463123,24976,1,Yea
1463123,24977,1,Yea
1463123,24978,1,Yea
1463123,24979,4,Absent
1463123,24980,1,Yea
1463123,24986,1,Yea
1463123,24987,1,Yea
1463123,24988,4,Absent
1463123,24989,1,Yea
1463123,24990,1,Yea
1463123,24991,1,Yea
1463123,24998,1,Yea
1463123,24999,1,Yea
1463123,25008,4,Absent
1463123,25009,4,Absent
1463123,25017,1,Yea
1463123,25018,1,Yea
1463123,25019,1,Yea
1463123,25020,1,Yea
1463123,25037,1,Yea
1463123,25038,1,Yea
1463123,25039,1,Yea
1463123,25040,1,Yea
1463123,25041,1,Yea
1463123,25042,1,Yea
1463123,25046,1,Yea
1463111,673,1,Yea
1463111,713,1,Yea
1463111,748,1,Yea
1463111,892,1,Yea
1463111,1465,4,Absent
1463111,1478,1,Yea
1463111,1479,1,Yea
1463111,13731,1,Yea
1463111,16075,1,Yea
1463111,16093,4,Absent
1463111,16226,1,Yea
1463111,17728,1,Yea
1463111,18551,1,Yea
1463111,19471,1,Yea
1463111,21409,1,Yea
1463111,21410,4,Absent
1463111,21413,1,Yea
1463111,21450,1,Yea
1463111,22455,1,Yea
1463111,23028,1,Yea
1463111,23032,1,Yea
1463111,24376,4,Absent
1463112,683,1,Yea
1463112,712,1,Yea
1463112,765,1,Yea
1463112,772,1,Yea
1463112,773,1,Yea
1463112,776,1,Yea
1463112,783,1,Yea
1463112,794,1,Yea
1463112,1477,1,Yea
1463112,13742,1,Yea
1463112,16765,1,Yea
1463112,17727,1,Yea
1463112,17793,1,Yea
1463112,21451,1,Yea
1463113,683,1,Yea
1463113,712,1,Yea
1463113,765,1,Yea
1463113,772,1,Yea
1463113,773,1,Yea
1463113,776,1,Yea
1463113,783,1,Yea
1463113,794,1,Yea
1463113,1477,1,Yea
1463113,11333,4,Absent
1463113,13730,1,Yea
1463113,13742,1,Yea
1463113,13743,1,Yea
1463113,16066,1,Yea
1463113,16765,1,Yea
1463113,17709,1,Yea
1463113,17727,1,Yea
1463113,17733,1,Yea
1463113,17746,1,Yea
1463113,17793,1,Yea
1463113,17821,1,Yea
1463113,18932,1,Yea
1463113,19452,1,Yea
1463113,19453,1,Yea
1463113,19465,1,Yea
1463113,19473,1,Yea
1463113,19503,1,Yea
1463113,21407,1,Yea
1463113,21451,1,Yea
1463113,22448,1,Yea
1463113,22910,1,Yea
1463113,23029,1,Yea
1463113,24780,1,Yea
1463113,24981,1,Yea
1463113,24982,1,Yea
1463113,24983,1,Yea
1463113,25001,1,Yea
1463113,25022,1,Yea
1463113,25023,1,Yea
1463113,25043,4,Absent
1463114,683,1,Yea
1463114,712,1,Yea
1463114,765,1,Yea
1463114,772,1,Yea
1463114,773,1,Yea
1463114,776,1,Yea
1463114,783,1,Yea
1463114,794,1,Yea
1463114,1477,1,Yea
1463114,11333,4,Absent
1463114,13730,1,Yea
1463114,13742,1,Yea
1463114,13743,1,Yea
1463114,16066,1,Yea
1463114,16765,1,Yea
1463114,17709,1,Yea
1463114,17727,1,Yea
1463114,17733,1,Yea
1463114,17746,1,Yea
1463114,17793,1,Yea
1463114,17821,1,Yea
1463114,18932,1,Yea
1463114,19452,1,Yea
1463114,19453,1,Yea
1463114,19465,1,Yea
1463114,19473,1,Yea
1463114,19503,1,Yea
1463114,21407,1,Yea
1463114,21451,1,Yea
1463114,22448,1,Yea
1463114,22910,1,Yea
1463114,23029,1,Yea
1463114,24780,1,Yea
1463114,24981,1,Yea
1463114,24982,1,Yea
1463114,24983,1,Yea
1463114,25001,1,Yea
1463114,25022,1,Yea
1463114,25023,1,Yea
1463114,25043,4,Absent
1463115,673,1,Yea
1463115,689,1,Yea
1463115,706,1,Yea
1463115,713,1,Yea
1463115,731,4,Absent
1463115,748,1,Yea
1463115,756,4,Absent
1463115,758,4,Absent
1463115,759,1,Yea
1463115,760,1,Yea
1463115,892,1,Yea
1463115,894,1,Yea
1463115,1465,4,Absent
1463115,1469,1,Yea
1463115,1472,4,Absent
1463115,1478,1,Yea
1463115,1479,1,Yea
1463115,11026,1,Yea
1463115,13731,1,Yea
1463115,13732,1,Yea
1463115,13739,1,Yea
1463115,13746,1,Yea
1463115,13783,1,Yea
1463115,16061,1,Yea
1463115,16072,1,Yea
1463115,16075,1,Yea
1463115,16092,4,Absent
1463115,16093,4,Absent
1463115,16226,1,Yea
1463115,16261,1,Yea
1463115,17728,1,Yea
1463115,17740,1,Yea
1463115,17806,4,Absent
1463115,18551,1,Yea
1463115,19445,1,Yea
1463115,19454,1,Yea
1463115,19471,1,Yea
1463115,19508,1,Yea
1463115,20158,1,Yea
1463115,21409,1,Yea
1463115,21410,4,Absent
1463115,21411,1,Yea
1463115,21413,1,Yea
1463115,21444,4,Absent
1463115,21445,1,Yea
1463115,21446,1,Yea
1463115,21449,1,Yea
1463115,21450,1,Yea
1463115,21452,1,Yea
1463115,22416,4,Absent
1463115,22455,1,Yea
1463115,22994,1,Yea
1463115,22995,1,Yea
1463115,23002,4,Absent
1463115,23016,1,Yea
1463115,23018,1,Yea
1463115,23019,1,Yea
1463115,23028,1,Yea
1463115,23030,1,Yea
1463115,23031,1,Yea
1463115,23032,1,Yea
1463115,23033,4,Absent
1463115,23034,1,Yea
1463115,23037,1,Yea
1463115,23040,1,Yea
1463115,24376,1,Yea
1463115,24377,1,Yea
1463115,24955,4,Absent
1463115,24970,1,Yea
1463115,24971,1,Yea
1463115,24972,1,Yea
1463115,24973,1,Yea
1463115,24974,4,Absent
1463115,24975,1,Yea
1463115,24976,1,Yea
1463115,24977,1,Yea
1463115,24978,1,Yea
1463115,24979,4,Absent
1463115,24980,1,Yea
1463115,24986,1,Yea
1463115,24987,1,Yea
1463115,24988,4,Absent
1463115,24989,1,Yea
1463115,24990,1,Yea
1463115,24991,1,Yea
1463115,24998,1,Yea
1463115,24999,1,Yea
1463115,25008,4,Absent
1463115,25009,4,Absent
1463115,25017,1,Yea
1463115,25018,1,Yea
1463115,25019,1,Yea
1463115,25020,1,Yea
1463115,25037,1,Yea
1463115,25038,1,Yea
1463115,25039,1,Yea
1463115,25040,1,Yea
1463115,25041,1,Yea
1463115,25042,1,Yea
1463115,25046,1,Yea
1463116,673,1,Yea
1463116,689,1,Yea
1463116,706,1,Yea
1463116,713,1,Yea
1463116,731,4,Absent
1463116,748,1,Yea
1463116,756,4,Absent
1463116,758,4,Absent
1463116,759,1,Yea
1463116,760,1,Yea
1463116,892,1,Yea
1463116,894,1,Yea
1463116,1465,4,Absent
1463116,1469,1,Yea
1463116,1472,4,Absent
1463116,1478,1,Yea
1463116,1479,1,Yea
1463116,11026,1,Yea
1463116,13731,1,Yea
1463116,13732,1,Yea
1463116,13739,1,Yea
1463116,13746,1,Yea
1463116,13783,1,Yea
1463116,16061,1,Yea
1463116,16072,1,Yea
1463116,16075,1,Yea
1463116,16092,4,Absent
1463116,16093,4,Absent
1463116,16226,1,Yea
1463116,16261,1,Yea
1463116,17728,1,Yea
1463116,17740,1,Yea
1463116,17806,1,Yea
1463116,18551,1,Yea
1463116,19445,1,Yea
1463116,19454,1,Yea
1463116,19471,1,Yea
1463116,19508,1,Yea
1463116,20158,1,Yea
1463116,21409,1,Yea
1463116,21410,4,Absent
1463116,21411,1,Yea
1463116,21413,1,Yea
1463116,21444,4,Absent
1463116,21445,1,Yea
1463116,21446,1,Yea
1463116,21449,1,Yea
1463116,21450,1,Yea
1463116,21452,1,Yea
1463116,22416,4,Absent
1463116,22455,1,Yea
1463116,22994,1,Yea
1463116,22995,1,Yea
1463116,23002,4,Absent
1463116,23016,1,Yea
1463116,23018,1,Yea
1463116,23019,1,Yea
1463116,23028,1,Yea
1463116,23030,1,Yea
1463116,23031,1,Yea
1463116,23032,1,Yea
1463116,23033,4,Absent
1463116,23034,1,Yea
1463116,23037,1,Yea
1463116,23040,1,Yea
1463116,24376,1,Yea
1463116,24377,1,Yea
1463116,24955,4,Absent
1463116,24970,1,Yea
1463116,24971,1,Yea
1463116,24972,1,Yea
1463116,24973,1,Yea
1463116,24974,4,Absent
1463116,24975,1,Yea
1463116,24976,1,Yea
1463116,24977,1,Yea
1463116,24978,1,Yea
1463116,24979,4,Absent
1463116,24980,1,Yea
1463116,24986,1,Yea
1463116,24987,1,Yea
1463116,24988,4,Absent
1463116,24989,1,Yea
1463116,24990,1,Yea
1463116,24991,1,Yea
1463116,24998,1,Yea
1463116,24999,1,Yea
1463116,25008,4,Absent
1463116,25009,4,Absent
1463116,25017,1,Yea
1463116,25018,1,Yea
1463116,25019,1,Yea
1463116,25020,1,Yea
1463116,25037,1,Yea
1463116,25038,1,Yea
1463116,25039,1,Yea
1463116,25040,1,Yea
1463116,25041,1,Yea
1463116,25042,1,Yea
1463116,25046,1,Yea
