"sponsor","data_name","legiscan_id","term","chamber","district","party","LES","LES_rank","BILL_wshare","AIC_wshare","ABC_wshare","PASS_wshare","LAW_wshare","all_bills","all_aic","all_abc","all_pass","all_law","ss_bills","ss_aic","ss_abc","ss_pass","ss_law","s_bills","s_aic","s_abc","s_pass","s_law","c_bills","c_aic","c_abc","c_pass","c_law","LES_nw","num_sponsored_bills","sponsor_pass_rate","sponsor_law_rate","num_cosponsored_bills"
"Jimmie Gazaway","gazaway",18012,"2023_2024","House","HD-031","R",7.10789499735036,1,0.0607392090979581,0.0734214390602056,0.0666888962987663,0.0763358778625954,0.0746905676483141,47,40,40,36,35,0,0,0,0,0,47,40,40,36,35,0,0,0,0,0,7.18974448344466,47,0.765957446808511,0.74468085106383,NA
"Lee Johnson","l. johnson",20742,"2023_2024","House","HD-047","R",5.84928081671302,2,0.0672008270871026,0.0550660792951542,0.0566855618539513,0.0551314673452078,0.0554844216816048,52,30,34,26,26,0,0,0,0,0,52,30,34,26,26,0,0,0,0,0,5.91544420888549,52,0.5,0.5,NA
"Deann Vaught","vaught",16926,"2023_2024","House","HD-087","R",4.5622214175511,3,0.0491082967174981,0.0440528634361234,0.0433477825941981,0.044529262086514,0.0448143405889885,38,24,26,21,21,0,0,0,0,0,38,24,26,21,21,0,0,0,0,0,4.61406274805591,38,0.552631578947368,0.552631578947368,NA
"David Ray","ray",21894,"2023_2024","House","HD-069","R",4.55893989049142,4,0.0387697079348669,0.0440528634361234,0.0450150050016672,0.0487701441899915,0.049082373026035,30,24,27,23,23,0,0,0,0,0,30,24,27,23,23,0,0,0,0,0,4.61138812349732,30,0.766666666666667,0.766666666666667,NA
"Aaron Pilkington","pilkington",18016,"2023_2024","House","HD-045","R",4.16162682291309,5,0.0403204962522616,0.0462555066079295,0.0420140046682227,0.0385920271416455,0.0388390951771233,32,26,26,19,19,0,0,0,0,0,31,25,25,18,18,1,1,1,1,1,4.35718513351697,32,0.59375,0.59375,NA
"Robin Lundstrum","lundstrum",16336,"2023_2024","House","HD-018","R",3.51084113064662,6,0.0387697079348669,0.0312041116005874,0.0400133377792597,0.0318066157760814,0.0320102432778489,30,17,24,15,15,0,0,0,0,0,30,17,24,15,15,0,0,0,0,0,3.55056140822025,30,0.5,0.5,NA
"John Maddox","maddox",18015,"2023_2024","House","HD-086","R",3.18592658918763,7,0.0258464719565779,0.0312041116005874,0.0283427809269757,0.036047497879559,0.0362782757148954,20,17,17,17,17,0,0,0,0,0,20,17,17,17,17,0,0,0,0,0,3.22270138512902,20,0.85,0.85,NA
"Les Warren","warren",18018,"2023_2024","House","HD-084","R",2.45472381762076,8,0.0206771775652623,0.0238619676945668,0.021673891297099,0.0275657336726039,0.0277422108408024,16,13,13,13,13,0,0,0,0,0,16,13,13,13,13,0,0,0,0,0,2.48300908897319,16,0.8125,0.8125,NA
"Howard Beaty","beaty jr.",21766,"2023_2024","House","HD-095","R",2.39643237250357,9,0.0206771775652623,0.025697503671072,0.0233411137045682,0.0254452926208651,0.0234741784037559,16,14,14,12,11,0,0,0,0,0,16,14,14,12,11,0,0,0,0,0,2.4240149793956,16,0.75,0.6875,NA
"Jeff Wardlaw","wardlaw",12578,"2023_2024","House","HD-094","R",2.32749452658231,10,0.0193848539674334,0.025697503671072,0.0233411137045682,0.0233248515691264,0.0234741784037559,14,13,13,10,10,1,1,1,1,1,13,12,12,9,9,0,0,0,0,0,2.16940789038275,14,0.714285714285714,0.714285714285714,NA
"Stephen Meeks","s. meeks",10667,"2023_2024","House","HD-042","R",2.29797579052905,11,0.0232618247609201,0.0220264317180617,0.021673891297099,0.0233248515691264,0.0234741784037559,17,11,12,10,10,1,1,1,1,1,16,10,11,9,9,0,0,0,0,0,2.13925999910218,17,0.588235294117647,0.588235294117647,NA
"Julie Mayberry","j. mayberry",16911,"2023_2024","House","HD-092","R",2.24144994797076,12,0.024554148358749,0.025697503671072,0.0266755585195065,0.0169635284139101,0.0170721297481861,19,14,16,8,8,0,0,0,0,0,19,14,16,8,8,0,0,0,0,0,2.26687618065348,19,0.421052631578947,0.421052631578947,NA
"Mary Bentley","bentley",16900,"2023_2024","House","HD-054","R",2.13377321451746,13,0.0168002067717757,0.0220264317180617,0.0200066688896299,0.0233248515691264,0.0234741784037559,12,11,11,10,10,1,1,1,1,1,11,10,10,9,9,0,0,0,0,0,1.97351404071324,12,0.833333333333333,0.833333333333333,NA
"Andrew Collins","a. collins",20762,"2023_2024","House","HD-073","D",2.07388584345818,14,0.0206771775652623,0.0220264317180617,0.021673891297099,0.0190839694656489,0.0192061459667093,15,11,12,9,9,1,1,1,0,0,14,10,11,9,9,0,0,0,0,0,1.99961109892014,15,0.6,0.6,NA
"Mark Berry","m. berry",21978,"2023_2024","House","HD-026","R",1.88778975822419,15,0.0142155595761179,0.0183553597650514,0.0183394464821607,0.0212044105173876,0.0213401621852326,11,10,11,10,10,0,0,0,0,0,11,10,11,10,10,0,0,0,0,0,1.90963119682283,11,0.909090909090909,0.909090909090909,NA
"Stan Berry","m. berry",20763,"2023_2024","House","HD-044","R",1.88778975822419,15,0.0142155595761179,0.0183553597650514,0.0183394464821607,0.0212044105173876,0.0213401621852326,11,10,11,10,10,0,0,0,0,0,11,10,11,10,10,0,0,0,0,0,1.90963119682283,11,0.909090909090909,0.909090909090909,NA
"Frances Cavenaugh","cavenaugh",18008,"2023_2024","House","HD-030","R",1.8430344337918,17,0.0206771775652623,0.0165198237885463,0.0200066688896299,0.0169635284139101,0.0170721297481861,16,9,12,8,8,0,0,0,0,0,16,9,12,8,8,0,0,0,0,0,1.86387838840189,16,0.5,0.5,NA
"Carol Dalby","dalby",18683,"2023_2024","House","HD-100","R",1.82800692891717,18,0.012923235978289,0.0183553597650514,0.0166722240746916,0.0212044105173876,0.0213401621852326,10,10,10,10,10,0,0,0,0,0,10,10,10,10,10,0,0,0,0,0,1.84923074038957,10,1,1,NA
"Carlton Wing","wing",18020,"2023_2024","House","HD-070","R",1.64520623602546,19,0.0116309123804601,0.0165198237885463,0.0150050016672224,0.0190839694656489,0.0192061459667093,9,9,9,9,9,0,0,0,0,0,9,9,9,9,9,0,0,0,0,0,1.66430766635061,9,1,1,NA
"Charlene Fite","c. fite",14943,"2023_2024","House","HD-024","R",1.61904902847318,20,0.012923235978289,0.0165198237885463,0.0166722240746916,0.0169635284139101,0.0170721297481861,10,9,10,8,8,0,0,0,0,0,10,9,10,8,8,0,0,0,0,0,1.63773197357968,10,0.8,0.8,NA
"Bruce Cozart","cozart",12719,"2023_2024","House","HD-091","R",1.55926619916616,21,0.0116309123804601,0.0165198237885463,0.0150050016672224,0.0169635284139101,0.0170721297481861,9,9,9,8,8,0,0,0,0,0,9,9,9,8,8,0,0,0,0,0,1.57733151714641,9,0.888888888888889,0.888888888888889,NA
"Brian Evans","evans",19943,"2023_2024","House","HD-068","R",1.51615907155199,22,0.0116309123804601,0.0165198237885463,0.0150050016672224,0.0169635284139101,0.0149381135296628,9,9,9,8,7,0,0,0,0,0,9,9,9,8,7,0,0,0,0,0,1.53370300742719,9,0.888888888888889,0.777777777777778,NA
"Grant Hodges","g. hodges",16380,"2023_2024","House","HD-014","R",1.41770248957747,23,0.0142155595761179,0.012848751835536,0.0133377792597533,0.0148430873621713,0.0149381135296628,11,7,8,7,7,0,0,0,0,0,11,7,8,7,7,0,0,0,0,0,1.43387110117272,11,0.636363636363636,0.636363636363636,NA
"Delia Haak","haak",22203,"2023_2024","House","HD-017","R",1.33176245271818,24,0.0142155595761179,0.012848751835536,0.0133377792597533,0.0127226463104326,0.0128040973111396,11,7,8,6,6,0,0,0,0,0,11,7,8,6,6,0,0,0,0,0,1.34689495196852,11,0.545454545454545,0.545454545454545,NA
"Kendon Underwood","underwood",21768,"2023_2024","House","HD-016","R",1.30565751604204,25,0.012923235978289,0.012848751835536,0.0133377792597533,0.0127226463104326,0.0128040973111396,9,6,7,5,5,1,1,1,1,1,8,5,6,4,4,0,0,0,0,0,1.13563550244064,9,0.555555555555556,0.555555555555556,NA
"Jeremy Wooldridge","mcclure",24180,"2023_2024","House","HD-001","R",1.27960485024202,26,0.00904626518480227,0.012848751835536,0.0116705568522841,0.0148430873621713,0.0149381135296628,6,6,6,6,6,1,1,1,1,1,5,5,5,5,5,0,0,0,0,0,1.10953844423374,6,1,1,NA
"Rick McClure","mcclure",22171,"2023_2024","House","HD-029","R",1.27960485024202,26,0.00904626518480227,0.012848751835536,0.0116705568522841,0.0148430873621713,0.0149381135296628,6,6,6,6,6,1,1,1,1,1,5,5,5,5,5,0,0,0,0,0,1.10953844423374,6,1,1,NA
"Jack Ladyman","ladyman",16335,"2023_2024","House","HD-032","R",1.24247475264049,28,0.0116309123804601,0.0110132158590308,0.0133377792597533,0.0127226463104326,0.0128040973111396,9,6,8,6,6,0,0,0,0,0,9,6,8,6,6,0,0,0,0,0,1.25667573258919,9,0.666666666666667,0.666666666666667,NA
"Mindy McAlindon","mcalindon",23888,"2023_2024","House","HD-010","R",1.1936125425066,29,0.0116309123804601,0.012848751835536,0.0133377792597533,0.0106022052586938,0.0106700810926163,8,6,7,5,5,1,1,1,0,0,7,5,6,5,5,0,0,0,0,0,1.10929912695173,8,0.625,0.625,NA
"Shad Pearce","pearce",24174,"2023_2024","House","HD-040","R",1.18557416928093,30,0.0105970535021969,0.0113803230543319,0.0103367789263088,0.0131467345207803,0.0132309005548442,9,7,7,7,7,0,0,0,0,0,8,6,6,6,6,1,1,1,1,1,1.34713426925053,9,0.777777777777778,0.777777777777778,NA
"Dwight Tosh","tosh",16338,"2023_2024","House","HD-038","R",1.16750760583046,31,0.0103385887826312,0.012848751835536,0.0133377792597533,0.0106022052586938,0.0106700810926163,8,7,8,5,5,0,0,0,0,0,8,7,8,5,5,0,0,0,0,0,1.18090967629756,8,0.625,0.625,NA
"Zack Gramlich","gramlich",23887,"2023_2024","House","HD-050","R",1.0968041573503,32,0.00775394158697338,0.0110132158590308,0.0100033344448149,0.0127226463104326,0.0128040973111396,6,6,6,6,6,0,0,0,0,0,6,6,6,6,6,0,0,0,0,0,1.10953844423374,6,1,1,NA
"Les Eaves","eaves",16907,"2023_2024","House","HD-058","R",1.0630739938433,33,0.0103385887826312,0.0110132158590308,0.0100033344448149,0.0106022052586938,0.0106700810926163,8,6,6,5,5,0,0,0,0,0,8,6,6,5,5,0,0,0,0,0,1.07523504600737,8,0.625,0.625,NA
"Wade Andrews","andrews",23640,"2023_2024","House","HD-098","R",1.02599616711789,34,0.0103385887826312,0.0091776798825257,0.0100033344448149,0.0106022052586938,0.0106700810926163,8,5,6,5,5,0,0,0,0,0,8,5,6,5,5,0,0,0,0,0,1.03768857760589,8,0.625,0.625,NA
"Wayne Long","long",23990,"2023_2024","House","HD-039","R",0.992266003610889,35,0.012923235978289,0.0091776798825257,0.0100033344448149,0.00848176420695505,0.00853606487409304,9,4,5,3,3,1,1,1,1,1,8,3,4,2,2,0,0,0,0,0,0.818462105340565,9,0.333333333333333,0.333333333333333,NA
"RJ Hawk","hawk",23377,"2023_2024","House","HD-081","R",0.984706912938739,36,0.00904626518480227,0.0110132158590308,0.0116705568522841,0.00848176420695505,0.00853606487409304,7,6,7,4,4,0,0,0,0,0,7,6,7,4,4,0,0,0,0,0,0.995986602258606,7,0.571428571428571,0.571428571428571,NA
"Mark Perry","perry",11360,"2023_2024","House","HD-066","D",0.94010840113473,37,0.00775394158697338,0.0091776798825257,0.00833611203734578,0.0106022052586938,0.0106700810926163,6,5,5,5,5,0,0,0,0,0,6,5,5,5,5,0,0,0,0,0,0.950951745683701,6,0.833333333333333,0.833333333333333,NA
"Rebecca Burkes","burkes",23884,"2023_2024","House","HD-011","R",0.94010840113473,37,0.00775394158697338,0.0091776798825257,0.00833611203734578,0.0106022052586938,0.0106700810926163,5,4,4,4,4,1,1,1,1,1,4,3,3,3,3,0,0,0,0,0,0.766028671644744,5,0.8,0.8,NA
"Bart Schulz","schulz",24177,"2023_2024","House","HD-028","R",0.880273300951581,39,0.00904626518480227,0.0091776798825257,0.00833611203734578,0.00848176420695505,0.00853606487409304,7,5,5,4,4,0,0,0,0,0,7,5,5,4,4,0,0,0,0,0,0.890311971968418,7,0.571428571428571,0.571428571428571,NA
"Matt Brown","m. brown",24173,"2023_2024","House","HD-055","R",0.8095175815953,40,0.00904626518480227,0.00734214390602056,0.00666888962987663,0.00848176420695505,0.00853606487409304,7,4,4,4,4,0,0,0,0,0,7,4,4,4,4,0,0,0,0,0,0.81870142262258,7,0.571428571428571,0.571428571428571,NA
"Austin Mccollum","mccollum",18025,"2023_2024","House","HD-008","R",0.783412644919157,41,0.00775394158697338,0.00734214390602056,0.00666888962987663,0.00848176420695505,0.00853606487409304,6,4,4,4,4,0,0,0,0,0,6,4,4,4,4,0,0,0,0,0,0.792365047133662,6,0.666666666666667,0.666666666666667,NA
"Steve Unger","unger",23985,"2023_2024","House","HD-019","R",0.783360374043028,42,0.0103385887826312,0.00734214390602056,0.00833611203734578,0.00636132315521628,0.00640204865556978,8,4,5,3,3,0,0,0,0,0,8,4,5,3,3,0,0,0,0,0,0.792125729851647,8,0.375,0.375,NA
"Lane Jean","jean",10662,"2023_2024","House","HD-099","R",0.731202771566869,43,0.00516929439131559,0.00734214390602056,0.00666888962987663,0.00848176420695505,0.00853606487409304,4,4,4,4,4,0,0,0,0,0,4,4,4,4,4,0,0,0,0,0,0.739692296155826,4,1,1,NA
"Matthew Shepherd","m. shepherd",12110,"2023_2024","House","HD-097","R",0.731202771566869,43,0.00516929439131559,0.00734214390602056,0.00666888962987663,0.00848176420695505,0.00853606487409304,4,4,4,4,4,0,0,0,0,0,4,4,4,4,4,0,0,0,0,0,0.739692296155826,4,1,1,NA
"Lanny Fite","l. fite",16352,"2023_2024","House","HD-083","R",0.731150500690741,45,0.00775394158697338,0.00734214390602056,0.00833611203734578,0.00636132315521628,0.00640204865556978,6,4,5,3,3,0,0,0,0,0,6,4,5,3,3,0,0,0,0,0,0.739452978873812,6,0.5,0.5,NA
"Scott Richardson","r. scott richardson",23991,"2023_2024","House","HD-013","R",0.704993293138469,46,0.00904626518480227,0.00734214390602056,0.0100033344448149,0.00424088210347752,0.00426803243704652,7,4,6,2,2,0,0,0,0,0,7,4,6,2,2,0,0,0,0,0,0.712877286102879,7,0.285714285714286,0.285714285714286,NA
"Stetson Painter","painter",23981,"2023_2024","House","HD-003","R",0.694072673965337,47,0.00775394158697338,0.00550660792951542,0.00833611203734578,0.00636132315521628,0.00640204865556978,6,3,5,3,3,0,0,0,0,0,6,3,5,3,3,0,0,0,0,0,0.701906510472325,6,0.5,0.5,NA
"Ashley Hudson","hudson",22204,"2023_2024","House","HD-075","D",0.66039478133446,48,0.00775394158697338,0.00550660792951542,0.00666888962987663,0.00636132315521628,0.00640204865556978,6,3,4,3,3,0,0,0,0,0,6,3,4,3,3,0,0,0,0,0,0.667842429527974,6,0.5,0.5,NA
"Denise Ennett","ennett",21594,"2023_2024","House","HD-080","D",0.652821825379727,49,0.00904626518480227,0.00550660792951542,0.00500166722240747,0.00636132315521628,0.00640204865556978,7,3,3,3,3,0,0,0,0,0,7,3,3,3,3,0,0,0,0,0,0.660114724072541,7,0.428571428571429,0.428571428571429,NA
"Richard McGrew","mcgrew",21628,"2023_2024","House","HD-085","R",0.611532571200571,50,0.00775394158697338,0.00734214390602056,0.00666888962987663,0.00424088210347752,0.00426803243704652,6,4,4,2,2,0,0,0,0,0,6,4,4,2,2,0,0,0,0,0,0.61841274872526,6,0.333333333333333,0.333333333333333,NA
"Brit McKenzie","b. mckenzie",24372,"2023_2024","House","HD-007","R",0.600611952027439,51,0.00646161798914448,0.00550660792951542,0.00500166722240747,0.00636132315521628,0.00640204865556978,5,3,3,3,3,0,0,0,0,0,5,3,3,3,3,0,0,0,0,0,0.607441973094705,5,0.6,0.6,NA
"Brandon Achor","achor",24170,"2023_2024","House","HD-071","R",0.574507015351296,52,0.00516929439131559,0.00550660792951542,0.00500166722240747,0.00636132315521628,0.00640204865556978,4,3,3,3,3,0,0,0,0,0,4,3,3,3,3,0,0,0,0,0,0.581105597605788,4,0.75,0.75,NA
"Matt Duffield","duffield",23947,"2023_2024","House","HD-053","R",0.574507015351296,52,0.00516929439131559,0.00550660792951542,0.00500166722240747,0.00636132315521628,0.00640204865556978,4,3,3,3,3,0,0,0,0,0,4,3,3,3,3,0,0,0,0,0,0.581105597605788,4,0.75,0.75,NA
"Danny Watson","watson",18019,"2023_2024","House","HD-088","R",0.559322697848284,54,0.00516929439131559,0.00734214390602056,0.00666888962987663,0.00424088210347752,0.00426803243704652,4,4,4,2,2,0,0,0,0,0,4,4,4,2,2,0,0,0,0,0,0.565739997747424,4,0.5,0.5,NA
"Jack Fortner","fortner",18010,"2023_2024","House","HD-004","R",0.548402078675152,55,0.00387697079348669,0.00550660792951542,0.00500166722240747,0.00636132315521628,0.00640204865556978,2,2,2,2,2,1,1,1,1,1,1,1,1,1,1,0,0,0,0,0,0.369846148077913,2,1,1,NA
"Mark McElroy","m. mcelroy",14955,"2023_2024","House","HD-062","R",0.548402078675152,55,0.00387697079348669,0.00550660792951542,0.00500166722240747,0.00636132315521628,0.00640204865556978,3,3,3,3,3,0,0,0,0,0,3,3,3,3,3,0,0,0,0,0,0.55476922211687,3,1,1,NA
"Mike Holcomb","holcomb",14948,"2023_2024","House","HD-093","R",0.548402078675152,55,0.00387697079348669,0.00550660792951542,0.00500166722240747,0.00636132315521628,0.00640204865556978,3,3,3,3,3,0,0,0,0,0,3,3,3,3,3,0,0,0,0,0,0.55476922211687,3,1,1,NA
"Steve Hollowell","holcomb",18684,"2023_2024","House","HD-037","R",0.548402078675152,55,0.00387697079348669,0.00550660792951542,0.00500166722240747,0.00636132315521628,0.00640204865556978,3,3,3,3,3,0,0,0,0,0,3,3,3,3,3,0,0,0,0,0,0.55476922211687,3,1,1,NA
"Justin Gonzales","gonzales",16909,"2023_2024","House","HD-089","R",0.548349807799024,59,0.00646161798914448,0.00550660792951542,0.00666888962987663,0.00424088210347752,0.00426803243704652,5,3,4,2,2,0,0,0,0,0,5,3,4,2,2,0,0,0,0,0,0.554529904834855,5,0.4,0.4,NA
"Jamie Scott","scott",20781,"2023_2024","House","HD-072","D",0.54025916369723,60,0.00801240630653916,0.00403817914831131,0.0053351117039013,0.00466497031382528,0.00469483568075117,7,3,4,3,3,0,0,0,0,0,6,2,3,2,2,1,1,1,1,1,0.694178805016892,7,0.428571428571429,0.428571428571429,NA
"Jeremiah Moore","j. moore",24171,"2023_2024","House","HD-061","R",0.514671915168147,61,0.00646161798914448,0.00550660792951542,0.00500166722240747,0.00424088210347752,0.00426803243704652,5,3,3,2,2,0,0,0,0,0,5,3,3,2,2,0,0,0,0,0,0.520465823890505,5,0.4,0.4,NA
"Marcus Richmond","richmond",16919,"2023_2024","House","HD-052","R",0.488566978492003,62,0.00516929439131559,0.00550660792951542,0.00500166722240747,0.00424088210347752,0.00426803243704652,4,3,3,2,2,0,0,0,0,0,4,3,3,2,2,0,0,0,0,0,0.494129448401587,4,0.5,0.5,NA
"Jon Eubanks","eubanks",12108,"2023_2024","House","HD-046","R",0.485167044397476,63,0.00516929439131559,0.00367107195301028,0.00666888962987663,0.00424088210347752,0.00426803243704652,4,2,4,2,2,0,0,0,0,0,4,2,4,2,2,0,0,0,0,0,0.49064706094445,4,0.5,0.5,NA
"Milton Nicks","nicks",16917,"2023_2024","House","HD-035","D",0.462462041815859,64,0.00387697079348669,0.00550660792951542,0.00500166722240747,0.00424088210347752,0.00426803243704652,3,3,3,2,2,0,0,0,0,0,3,3,3,2,2,0,0,0,0,0,0.467793072912669,3,0.666666666666667,0.666666666666667,NA
"Rick Beck","beck",16898,"2023_2024","House","HD-043","R",0.417811259135722,65,0.00516929439131559,0.00367107195301028,0.00333444481493831,0.00424088210347752,0.00426803243704652,4,2,2,2,2,0,0,0,0,0,4,2,2,2,2,0,0,0,0,0,0.422518899055749,4,0.5,0.5,NA
"Fred Allen","f. allen",10661,"2023_2024","House","HD-077","D",0.391706322459578,66,0.00387697079348669,0.00367107195301028,0.00333444481493831,0.00424088210347752,0.00426803243704652,3,2,2,2,2,0,0,0,0,0,3,2,2,2,2,0,0,0,0,0,0.396182523566831,3,0.666666666666667,0.666666666666667,NA
"Vivian Flowers","v. flowers",16925,"2023_2024","House","HD-065","D",0.384081095628717,67,0.00775394158697338,0.00367107195301028,0.00333444481493831,0.00212044105173876,0.00213401621852326,6,2,2,1,1,0,0,0,0,0,6,2,2,1,1,0,0,0,0,0,0.388215500829384,6,0.166666666666667,0.166666666666667,NA
"Kendra Moore","k. moore",24181,"2023_2024","House","HD-023","R",0.365601385783435,68,0.00258464719565779,0.00367107195301028,0.00333444481493831,0.00424088210347752,0.00426803243704652,2,2,2,2,2,0,0,0,0,0,2,2,2,2,2,0,0,0,0,0,0.369846148077913,2,1,1,NA
"Sonia Eubanks Barker","barker",18006,"2023_2024","House","HD-096","R",0.365601385783435,68,0.00258464719565779,0.00367107195301028,0.00333444481493831,0.00424088210347752,0.00426803243704652,2,2,2,2,2,0,0,0,0,0,2,2,2,2,2,0,0,0,0,0,0.369846148077913,2,1,1,NA
"Nicole Clowney","clowney",20768,"2023_2024","House","HD-021","D",0.357976158952573,70,0.00646161798914448,0.00367107195301028,0.00333444481493831,0.00212044105173876,0.00213401621852326,5,2,2,1,1,0,0,0,0,0,5,2,2,1,1,0,0,0,0,0,0.361879125340466,5,0.2,0.2,NA
"Cameron Cooper","c. cooper",20765,"2023_2024","House","HD-057","R",0.320898332227169,71,0.00646161798914448,0.00183553597650514,0.00333444481493831,0.00212044105173876,0.00213401621852326,5,1,2,1,1,0,0,0,0,0,5,1,2,1,1,0,0,0,0,0,0.324332656938979,5,0.2,0.2,NA
"Johnny Rye","rye",18017,"2023_2024","House","HD-036","R",0.31416552675751,72,0.00542775911088136,0.00220264317180617,0.00366788929643214,0.00212044105173876,0.00213401621852326,5,2,3,1,1,0,0,0,0,0,4,1,2,1,1,1,1,1,0,0,0.395943206284817,5,0.2,0.2,NA
"Chad Puryear","puryear",24175,"2023_2024","House","HD-025","R",0.279661348924142,73,0.00258464719565779,0.00367107195301028,0.00333444481493831,0.00212044105173876,0.00213401621852326,2,2,2,1,1,0,0,0,0,0,2,2,2,1,1,0,0,0,0,0,0.282869998873712,2,0.5,0.5,NA
"Tara Shephard","t. shephard",24179,"2023_2024","House","HD-079","D",0.279661348924142,73,0.00258464719565779,0.00367107195301028,0.00333444481493831,0.00212044105173876,0.00213401621852326,2,2,2,1,1,0,0,0,0,0,2,2,2,1,1,0,0,0,0,0,0.282869998873712,2,0.5,0.5,NA
"Denise Garner","d. garner",20770,"2023_2024","House","HD-020","D",0.261115502920148,75,0.00516929439131559,0.00183553597650514,0.00166722240746916,0.00212044105173876,0.00213401621852326,4,1,1,1,1,0,0,0,0,0,4,1,1,1,1,0,0,0,0,0,0.26393220050571,4,0.25,0.25,NA
"Richard Womack","womack",14965,"2023_2024","House","HD-090","R",0.26106323204402,76,0.00775394158697338,0.00183553597650514,0.00333444481493831,0,0,6,1,2,0,0,0,0,0,0,0,6,1,2,0,0,0,0,0,0,0,0.263692883223696,6,0,0,NA
"DeAnna Hodges","d. hodges",23885,"2023_2024","House","HD-009","R",0.235010566244005,77,0.00387697079348669,0.00183553597650514,0.00166722240746916,0.00212044105173876,0.00213401621852326,3,1,1,1,1,0,0,0,0,0,3,1,1,1,1,0,0,0,0,0,0.237595825016792,3,0.333333333333333,0.333333333333333,NA
"Joey Carr","joey carr",24172,"2023_2024","House","HD-034","R",0.208905629567861,78,0.00258464719565779,0.00183553597650514,0.00166722240746916,0.00212044105173876,0.00213401621852326,2,1,1,1,1,0,0,0,0,0,2,1,1,1,1,0,0,0,0,0,0.211259449527874,2,0.5,0.5,NA
"Ken Ferguson","k. ferguson",16912,"2023_2024","House","HD-064","D",0.208905629567861,78,0.00258464719565779,0.00183553597650514,0.00166722240746916,0.00212044105173876,0.00213401621852326,2,1,1,1,1,0,0,0,0,0,2,1,1,1,1,0,0,0,0,0,0.211259449527874,2,0.5,0.5,NA
"Ryan Rose","rose",24176,"2023_2024","House","HD-048","R",0.208905629567861,78,0.00258464719565779,0.00183553597650514,0.00166722240746916,0.00212044105173876,0.00213401621852326,2,1,1,1,1,0,0,0,0,0,2,1,1,1,1,0,0,0,0,0,0.211259449527874,2,0.5,0.5,NA
"Karilyn Brown","k. brown",17040,"2023_2024","House","HD-067","R",0.208853358691733,81,0.00516929439131559,0.00183553597650514,0.00333444481493831,0,0,4,1,2,0,0,0,0,0,0,0,4,1,2,0,0,0,0,0,0,0,0.21102013224586,4,0,0,NA
"Jim Wooten","wooten",20783,"2023_2024","House","HD-059","R",0.205453424597206,82,0.00516929439131559,0,0.00500166722240747,0,0,4,0,3,0,0,0,0,0,0,0,4,0,3,0,0,0,0,0,0,0,0.207537744788724,4,0,0,NA
"Jay Richardson","j. richardson",20779,"2023_2024","House","HD-049","D",0.193721312064849,83,0.00258464719565779,0.00367107195301028,0.00333444481493831,0,0,2,2,2,0,0,0,0,0,0,0,2,2,2,0,0,0,0,0,0,0,0.195893849669511,2,0,0,NA
"Deborah Ferguson","d. ferguson",14942,"2023_2024","House","HD-063","D",0.182800692891717,84,0.0012923235978289,0.00183553597650514,0.00166722240746916,0.00212044105173876,0.00213401621852326,1,1,1,1,1,0,0,0,0,0,1,1,1,1,1,0,0,0,0,0,0.184923074038957,1,1,1,NA
"Hope Duke","duke",23886,"2023_2024","House","HD-012","R",0.182800692891717,84,0.0012923235978289,0.00183553597650514,0.00166722240746916,0.00212044105173876,0.00213401621852326,1,1,1,1,1,0,0,0,0,0,1,1,1,1,1,0,0,0,0,0,0.184923074038957,1,1,1,NA
"Jon Milligan","milligan",22205,"2023_2024","House","HD-033","R",0.182800692891717,84,0.0012923235978289,0.00183553597650514,0.00166722240746916,0.00212044105173876,0.00213401621852326,1,1,1,1,1,0,0,0,0,0,1,1,1,1,1,0,0,0,0,0,0.184923074038957,1,1,1,NA
"Roger Lynch","lynch",18014,"2023_2024","House","HD-060","R",0.182800692891717,84,0.0012923235978289,0.00183553597650514,0.00166722240746916,0.00212044105173876,0.00213401621852326,1,1,1,1,1,0,0,0,0,0,1,1,1,1,1,0,0,0,0,0,0.184923074038957,1,1,1,NA
"Stephen Magie","magie",14954,"2023_2024","House","HD-056","D",0.182800692891717,84,0.0012923235978289,0.00183553597650514,0.00166722240746916,0.00212044105173876,0.00213401621852326,1,1,1,1,1,0,0,0,0,0,1,1,1,1,1,0,0,0,0,0,0.184923074038957,1,1,1,NA
"Steven Walker","walker",24615,"2023_2024","House","HD-027","R",0.182800692891717,84,0.0012923235978289,0.00183553597650514,0.00166722240746916,0.00212044105173876,0.00213401621852326,1,1,1,1,1,0,0,0,0,0,1,1,1,1,1,0,0,0,0,0,0.184923074038957,1,1,1,NA
"Tony Furman","furman",21767,"2023_2024","House","HD-082","R",0.182800692891717,84,0.0012923235978289,0.00183553597650514,0.00166722240746916,0.00212044105173876,0.00213401621852326,1,1,1,1,1,0,0,0,0,0,1,1,1,1,1,0,0,0,0,0,0.184923074038957,1,1,1,NA
"Cindy Crawford","crawford",20769,"2023_2024","House","HD-051","R",0.145670595290185,91,0.00387697079348669,0,0.00333444481493831,0,0,3,0,2,0,0,0,0,0,0,0,3,0,2,0,0,0,0,0,0,0,0.147137288355455,3,0,0,NA
"Tippi McCullough","mccullough",20776,"2023_2024","House","HD-074","D",0.104419746704575,92,0.00516929439131559,0,0,0,0,4,0,0,0,0,0,0,0,0,0,4,0,0,0,0,0,0,0,0,0,0.105345501955671,4,0,0,NA
"Joy Springer","springer",21629,"2023_2024","House","HD-076","D",0.0968606560324245,93,0.0012923235978289,0.00183553597650514,0.00166722240746916,0,0,1,1,1,0,0,0,0,0,0,0,1,1,1,0,0,0,0,0,0,0,0.0979469248347556,1,0,0,NA
"Josh Miller","miller",14957,"2023_2024","House","HD-041","R",0.0522098733522874,94,0.00258464719565779,0,0,0,0,2,0,0,0,0,0,0,0,0,0,2,0,0,0,0,0,0,0,0,0,0.0526727509778357,2,0,0,NA
"David Whitaker","d. whitaker",14938,"2023_2024","House","HD-022","D",0.0261049366761437,95,0.0012923235978289,0,0,0,0,1,0,0,0,0,0,0,0,0,0,1,0,0,0,0,0,0,0,0,0,0.0263363754889179,1,0,0,NA
"Harlan Breaux","breaux",20764,"2023_2024","House","HD-006","R",0.0261049366761437,95,0.0012923235978289,0,0,0,0,1,0,0,0,0,0,0,0,0,0,1,0,0,0,0,0,0,0,0,0,0.0263363754889179,1,0,0,NA
"John Carr","john carr",22170,"2023_2024","House","HD-015","R",0.0261049366761437,95,0.0012923235978289,0,0,0,0,1,0,0,0,0,0,0,0,0,0,1,0,0,0,0,0,0,0,0,0,0.0263363754889179,1,0,0,NA
"Keith Brooks","brooks",22202,"2023_2024","House","HD-078","R",0.0261049366761437,95,0.0012923235978289,0,0,0,0,1,0,0,0,0,0,0,0,0,0,1,0,0,0,0,0,0,0,0,0,0.0263363754889179,1,0,0,NA
"Ron Mcnair","mcnair",16916,"2023_2024","House","HD-005","R",0.0261049366761437,95,0.0012923235978289,0,0,0,0,1,0,0,0,0,0,0,0,0,0,1,0,0,0,0,0,0,0,0,0,0.0263363754889179,1,0,0,NA
"Trey Steimel","steimel",24178,"2023_2024","House","HD-002","R",0.0261049366761437,95,0.0012923235978289,0,0,0,0,1,0,0,0,0,0,0,0,0,0,1,0,0,0,0,0,0,0,0,0,0.0263363754889179,1,0,0,NA
"Jill Bryant","j. bryant",22169,"2023_2024","House","HD-096","R",0,101,0,0,0,0,0,0,0,0,0,0,0,0,0,0,0,0,0,0,0,0,0,0,0,0,0,0,23,0.521739130434783,0.391304347826087,NA
"Missy Irvin","irvin",12101,"2023_2024","Senate","SD-024","R",4.18500857074391,1,0.106542056074766,0.116531165311653,0.123569794050343,0.122857142857143,0.128358208955224,55,41,52,41,41,2,2,2,2,2,53,39,50,39,39,0,0,0,0,0,4.15618199400927,55,0.745454545454545,0.745454545454545,NA
"Kim Hammer","k. hammer",12186,"2023_2024","Senate","SD-016","R",2.7409718718193,2,0.0672897196261682,0.0813008130081301,0.0823798627002288,0.08,0.0805970149253731,35,29,35,27,26,1,1,1,1,1,34,28,34,26,25,0,0,0,0,0,2.75075491670955,35,0.771428571428571,0.742857142857143,NA
"Jonathan Dismang","j. dismang",11831,"2023_2024","Senate","SD-018","R",2.57254653190188,3,0.0616822429906542,0.0758807588075881,0.0663615560640732,0.08,0.0835820895522388,32,27,28,27,27,1,1,1,1,1,31,26,27,26,26,0,0,0,0,0,2.57697880534753,32,0.84375,0.84375,NA
"Jane English","j. english",10657,"2023_2024","Senate","SD-013","R",1.64490389524399,4,0.0411214953271028,0.0487804878048781,0.045766590389016,0.0485714285714286,0.0507462686567164,22,18,20,17,17,0,0,0,0,0,22,18,20,17,17,0,0,0,0,0,1.70636743484231,22,0.772727272727273,0.772727272727273,NA
"Jim Dotson","j. dotson",14940,"2023_2024","Senate","SD-034","R",1.6298944504083,5,0.0392523364485981,0.0514905149051491,0.045766590389016,0.0485714285714286,0.0477611940298507,21,19,20,17,16,0,0,0,0,0,21,19,20,17,16,0,0,0,0,0,1.69084319054309,21,0.80952380952381,0.761904761904762,NA
"John Payton","j. payton",14959,"2023_2024","Senate","SD-022","R",1.33561008768273,6,0.0635514018691589,0.018970189701897,0.0732265446224256,0.0171428571428571,0.017910447761194,33,6,31,5,5,1,1,1,1,1,32,5,30,4,4,0,0,0,0,0,1.28789127680248,33,0.151515151515152,0.151515151515152,NA
"Joshua Bryant","j. bryant",22172,"2023_2024","Senate","SD-032","R",1.28883117083827,7,0.0448598130841121,0.037940379403794,0.034324942791762,0.0371428571428571,0.0298507462686567,23,13,14,12,9,1,1,1,1,1,22,12,13,11,8,0,0,0,0,0,1.2432993106534,23,0.521739130434783,0.391304347826087,NA
"David Wallace","d. wallace",16339,"2023_2024","Senate","SD-019","R",1.18404493422961,8,0.0317757009345794,0.035230352303523,0.0320366132723112,0.0342857142857143,0.0358208955223881,17,13,14,12,12,0,0,0,0,0,17,13,14,12,12,0,0,0,0,0,1.22810566794617,17,0.705882352941177,0.705882352941177,NA
"Clint Penzo","c. penzo",18685,"2023_2024","Senate","SD-031","R",1.14487454362458,9,0.0429906542056075,0.032520325203252,0.0297482837528604,0.0314285714285714,0.026865671641791,22,11,12,10,8,1,1,1,1,1,21,10,11,9,7,0,0,0,0,0,1.09385654339611,22,0.454545454545455,0.363636363636364,NA
"Justin Boyd","j. boyd",16902,"2023_2024","Senate","SD-027","R",1.14479259778101,10,0.0261682242990654,0.035230352303523,0.0320366132723112,0.0342857142857143,0.0358208955223881,14,13,14,12,12,0,0,0,0,0,14,13,14,12,12,0,0,0,0,0,1.18779856621872,14,0.857142857142857,0.857142857142857,NA
"Bart Hester","hester",14972,"2023_2024","Senate","SD-033","R",1.12288821359249,11,0.0280373831775701,0.032520325203252,0.0297482837528604,0.0342857142857143,0.0358208955223881,15,12,13,12,12,0,0,0,0,0,15,12,13,12,12,0,0,0,0,0,1.16496749357841,15,0.8,0.8,NA
"Mark Johnson","m. johnson",20017,"2023_2024","Senate","SD-017","R",1.11764113186917,12,0.0355140186915888,0.029810298102981,0.0389016018306636,0.0285714285714286,0.026865671641791,19,11,17,10,9,0,0,0,0,0,19,11,17,10,9,0,0,0,0,0,1.15809861203609,19,0.526315789473684,0.473684210526316,NA
"Alan Clark","a. clark",14966,"2023_2024","Senate","SD-007","R",1.09150828472834,13,0.0355140186915888,0.035230352303523,0.0297482837528604,0.0285714285714286,0.026865671641791,19,13,13,10,9,0,0,0,0,0,19,13,13,10,9,0,0,0,0,0,1.1313413783265,19,0.526315789473684,0.473684210526316,NA
"Ricky Hill","hill",20405,"2023_2024","Senate","SD-011","R",1.06761757050774,14,0.0224299065420561,0.032520325203252,0.0274599542334096,0.0342857142857143,0.0358208955223881,12,12,12,12,12,0,0,0,0,0,12,12,12,12,12,0,0,0,0,0,1.10811192849399,12,1,1,NA
"Clarke Tucker","c. tucker",16924,"2023_2024","Senate","SD-014","D",1.01105014549467,15,0.0429906542056075,0.024390243902439,0.0274599542334096,0.0257142857142857,0.0238805970149254,23,9,12,9,8,0,0,0,0,0,23,9,12,9,8,0,0,0,0,0,1.04702229092028,23,0.391304347826087,0.347826086956522,NA
"Jimmy Hickey","hickey",14973,"2023_2024","Senate","SD-004","R",0.978649439632095,16,0.0205607476635514,0.029810298102981,0.0251716247139588,0.0314285714285714,0.0328358208955224,10,10,10,10,10,1,1,1,1,1,9,9,9,9,9,0,0,0,0,0,0.923426607078325,10,1,1,NA
"Jim Petty","j. petty",23293,"2023_2024","Senate","SD-029","R",0.943026619155041,17,0.0242990654205607,0.029810298102981,0.0251716247139588,0.0285714285714286,0.026865671641791,13,11,11,10,9,0,0,0,0,0,13,11,11,10,9,0,0,0,0,0,0.978193628439347,13,0.769230769230769,0.692307692307692,NA
"Breanne Davis","b. davis",20838,"2023_2024","Senate","SD-025","R",0.942017757354581,18,0.0261682242990654,0.02710027100271,0.022883295194508,0.0285714285714286,0.0298507462686567,13,9,9,9,9,1,1,1,1,1,12,8,8,8,8,0,0,0,0,0,0.884826748673756,13,0.692307692307692,0.692307692307692,NA
"Gary Stubblefield","g. stubblefield",12483,"2023_2024","Senate","SD-026","R",0.881869898517923,19,0.0205607476635514,0.02710027100271,0.022883295194508,0.0285714285714286,0.026865671641791,10,9,9,9,8,1,1,1,1,1,9,8,8,8,7,0,0,0,0,0,0.822712793363754,10,0.9,0.8,NA
"Blake Johnson","b. johnson",16381,"2023_2024","Senate","SD-021","R",0.812154104090876,20,0.0242990654205607,0.024390243902439,0.0205949656750572,0.0228571428571429,0.0238805970149254,13,9,9,8,8,0,0,0,0,0,13,9,9,8,8,0,0,0,0,0,0.842186561757868,13,0.615384615384615,0.615384615384615,NA
"Matt Stone","stone",24309,"2023_2024","Senate","SD-002","R",0.759817655492746,21,0.0168224299065421,0.024390243902439,0.0205949656750572,0.0228571428571429,0.0238805970149254,9,9,9,8,8,0,0,0,0,0,9,9,9,8,8,0,0,0,0,0,0.788443759454605,9,0.888888888888889,0.888888888888889,NA
"Steve Crowell","crowell",23946,"2023_2024","Senate","SD-003","R",0.753931577940381,22,0.0186915887850467,0.021680216802168,0.0205949656750572,0.0228571428571429,0.0238805970149254,10,8,9,8,8,0,0,0,0,0,10,8,9,8,8,0,0,0,0,0,0.782161150171266,10,0.8,0.8,NA
"Ben Gilmore","gilmore",21699,"2023_2024","Senate","SD-001","R",0.675113364727646,23,0.0205607476635514,0.018970189701897,0.0160183066361556,0.02,0.0208955223880597,10,6,6,6,6,1,1,1,1,1,9,5,5,5,5,0,0,0,0,0,0.607798766550258,10,0.6,0.6,NA
"Tyler Dees","dees",24308,"2023_2024","Senate","SD-035","R",0.635861028279048,24,0.0149532710280374,0.018970189701897,0.0160183066361556,0.02,0.0208955223880597,7,6,6,6,6,1,1,1,1,1,6,5,5,5,5,0,0,0,0,0,0.567491664822811,7,0.857142857142857,0.857142857142857,NA
"Ronald Caldwell","caldwell",14968,"2023_2024","Senate","SD-010","R",0.600238207801994,25,0.0186915887850467,0.018970189701897,0.0160183066361556,0.0171428571428571,0.0149253731343284,10,7,7,6,5,0,0,0,0,0,10,7,7,6,5,0,0,0,0,0,0.622258686183832,10,0.6,0.5,NA
"Greg Leding","g. leding",11991,"2023_2024","Senate","SD-030","D",0.563870983692062,26,0.0280373831775701,0.010840108401084,0.0183066361556064,0.0114285714285714,0.0119402985074627,15,4,8,4,4,0,0,0,0,0,15,4,8,4,4,0,0,0,0,0,0.583357202593199,15,0.266666666666667,0.266666666666667,NA
"Bryan King","b. king",12159,"2023_2024","Senate","SD-028","R",0.510938848031691,27,0.0280373831775701,0.010840108401084,0.0137299771167048,0.0114285714285714,0.00895522388059702,15,4,6,4,3,0,0,0,0,0,15,4,6,4,3,0,0,0,0,0,0.528453422296697,15,0.266666666666667,0.2,NA
"Dan Sullivan","d. sullivan",16337,"2023_2024","Senate","SD-020","R",0.484092990826823,28,0.0149532710280374,0.013550135501355,0.011441647597254,0.0142857142857143,0.0149253731343284,6,3,3,3,3,2,2,2,2,2,4,1,1,1,1,0,0,0,0,0,0.317335083850945,6,0.5,0.5,NA
"Matt McKee","m. mckee",23201,"2023_2024","Senate","SD-006","R",0.473943073163913,29,0.011214953271028,0.013550135501355,0.0137299771167048,0.0142857142857143,0.0149253731343284,6,5,6,5,5,0,0,0,0,0,6,5,6,5,5,0,0,0,0,0,0.491697467471952,6,0.833333333333333,0.833333333333333,NA
"Scott Flippo","flippo",16963,"2023_2024","Senate","SD-023","R",0.33497700111452,30,0.00747663551401869,0.010840108401084,0.0091533180778032,0.0114285714285714,0.00895522388059702,4,4,4,4,3,0,0,0,0,0,4,4,4,4,3,0,0,0,0,0,0.347563789248776,4,1,0.75,NA
"Linda Chesterfield","l. chesterfield",10772,"2023_2024","Senate","SD-012","D",0.217188598199888,31,0.00934579439252336,0.00542005420054201,0.0045766590389016,0.00571428571428571,0.00597014925373134,5,2,2,2,2,0,0,0,0,0,5,2,2,2,2,0,0,0,0,0,0.224992423143112,5,0.4,0.4,NA
"Reginald Murdock","r. murdock",12470,"2023_2024","Senate","SD-009","D",0.088968130875645,32,0.00186915887850467,0.002710027100271,0.0022883295194508,0.00285714285714286,0.00298507462686567,1,1,1,1,1,0,0,0,0,0,1,1,1,1,1,0,0,0,0,0,0.0923426607078325,1,1,1,NA
"Stephanie Flowers","s. flowers",12236,"2023_2024","Senate","SD-008","D",0.0480726084875853,33,0.00186915887850467,0.002710027100271,0.0022883295194508,0,0,1,1,1,0,0,0,0,0,0,0,1,1,1,0,0,0,0,0,0,0,0.0497024737919447,1,0,0,NA
"Frederick Love","f. love",12464,"2023_2024","Senate","SD-015","D",0.0130841121495327,34,0.00186915887850467,0,0,0,0,1,0,0,0,0,0,0,0,0,0,1,0,0,0,0,0,0,0,0,0,0.0134357005758157,1,0,0,NA
"Terry Rice","rose",12468,"2023_2024","Senate","SD-005","R",0,35,0,0,0,0,0,0,0,0,0,0,0,0,0,0,0,0,0,0,0,0,0,0,0,0,0,0,2,0.5,0.5,NA
