session,bill_num,primary_sponsor,short_title,bill_url,bill_type,sponsors,cosponsors,summary
2023C,HB 1C,Appropriations Committee,Disaster Relief,http://flsenate.gov/Session/Bill/2023C/1C,GENERAL BILL,Appropriations Committee; Shoaf,"Andrade; Bankson; Barnaby; Berfield; Brannan; Caruso; Leek; López, J.; Lopez, V.; Maney; McClain; Melo; Plakon; Rizo; Rudman; Salzman; Smith; Tant; Trabulsy; Valdés"," Revising provisions related disaster relief including counties and municipalities impacted by specified disasters, loan programs, grant programs, appropriations, My Safe Florida Home Program, & tax relief.
    
        APPROPRIATION:
        $416,955,100"
2023C,SB 2C,Sen. Simon,Disaster Relief,http://flsenate.gov/Session/Bill/2023C/2C,GENERAL BILL,Simon,," Providing a tangible personal property assessment limitation, during a certain timeframe and in certain counties, for certain agricultural equipment rendered unable to be used due to Hurricane Idalia; providing a sales tax exemption for the purchase, within a certain timeframe and in certain counties, of certain fencing materials used to replace or repair fences damaged by Hurricane Idalia on agricultural lands; specifying a requirement for the Department of Financial Services in implementing the My Safe Florida Home Program; extending the date for future review and repeal of provisions related to the Florida Emergency Management Assistance Foundation, etc.
    
        APPROPRIATION:
        $416,955,100"
2023C,HB 3C,Rep. Tomkow,Family Empowerment Scholarship Program,http://flsenate.gov/Session/Bill/2023C/3C,GENERAL BILL,Tomkow,"Bankson; Barnaby; Berfield; Brackett; Caruso; Chamberlin; Fine; Garcia; Gottlieb; Leek; Lopez, V.; Maney; McClain; Melo; Payne; Persons-Mulicka; Plakon; Plasencia; Rizo; Salzman; Smith; Trabulsy", Revises number of students eligible to participate in Family Empowerment Scholarship Program.
2023C,SB 4C,Sen. Collins,Family Empowerment Scholarship Program,http://flsenate.gov/Session/Bill/2023C/4C,GENERAL BILL,Collins,," Revising the number of certain students eligible to participate in the Family Empowerment Scholarship Program, etc."
2023C,HB 5C,Rep. Snyder,Scrutinized Companies,http://flsenate.gov/Session/Bill/2023C/5C,GENERAL BILL,Snyder,"Bankson; Barnaby; Berfield; Canady; Caruso; Chamberlin; Garcia; Leek; López, J.; Lopez, V.; Maney; McClain; Payne; Plakon; Porras; Rizo; Salzman; Smith; Trabulsy"," Revises provisions related to scrutinized companies including definitions, criteria for being identified as scrutinized company, name of scrutinized company list, assembly & updating of such list, removal from such list, & government contracting."
2023C,SB 6C,Sen. Calatayud,Security Grants,http://flsenate.gov/Session/Bill/2023C/6C,GENERAL BILL,Calatayud,," Expanding the Nonprofit Security Grant Program to include additional organizations; revising eligibility criteria to be awarded a grant; requiring that certain rules be adopted by the Division of Emergency Management, etc.
    
        APPROPRIATION:
        $35,000,000"
2023C,HB 7C,Appropriations Committee,Security Grants,http://flsenate.gov/Session/Bill/2023C/7C,GENERAL BILL,Appropriations Committee; Fine,"Anderson; Bankson; Barnaby; Berfield; Black; Canady; Caruso; Cassel; Chamberlin; Chaney; Daley; Garcia; Gottlieb; Leek; López, J.; Lopez, V.; Maney; McClain; Melo; Payne; Plakon; Plasencia; Porras; Rizo; Salzman; Smith; Trabulsy; Valdés"," Expands Nonprofit Security Grant Program to include additional organizations; specifies that grants may be used for certain materials; revises criteria to be awarded grant; requires DEM to provide information to Legislature annually by specified date; provides appropriations.
    
        APPROPRIATION:
        $45,000,000"
2023C,SR 8C,Sen. Berman,Support for the State of Israel,http://flsenate.gov/Session/Bill/2023C/8C,RESOLUTION,Berman,Passidomo; Albritton; Avila; Baxley; Book; Boyd; Bradley; Brodeur; Broxson; Burgess; Burton; Calatayud; Collins; Davis; DiCeglie; Garcia; Grall; Gruters; Harrell; Hooper; Hutson; Ingoglia; Jones; Martin; Mayfield; Osgood; Perry; Pizzo; Polsky; Powell; Rouson; Simon; Stewart; Thompson; Torres; Trumbull; Wright; Yarborough," Expressing support for the State of Israel and condemning the attacks and hateful actions by the Hamas terrorist group, etc."
2023C,HR 9C,"Rep. Waldron, Gossett-Seidman",State of Israel,http://flsenate.gov/Session/Bill/2023C/9C,RESOLUTION,Waldron; Gossett-Seidman,"Bankson; Barnaby; Bartleman; Basabe; Canady; Caruso; Cassel; Cross; Daley; Dunkley; Edmonds; Fabricio; Garcia; Gottlieb; Holcomb; Hunschofsky; Leek; López, J.; Lopez, V.; Plakon; Porras; Rizo; Roth; Rudman; Salzman; Silvers; Skidmore; Tant; Trabulsy; Valdés", Expresses support for State of Israel.
2023C,SB 10C,Sen. Avila,Scrutinized Companies,http://flsenate.gov/Session/Bill/2023C/10C,GENERAL BILL,Avila,," Revising the definition of the term “scrutinized company”; requiring the State Board of Administration to identify and maintain the Scrutinized Companies with Activities in Iran Terrorism Sectors List; providing that companies on the Scrutinized Companies with Activities in the Iran Petroleum Energy Sector List as of a specified date are deemed, beginning on a certain date, to be on the Scrutinized Companies with Activities in Iran Terrorism Sectors List until removed pursuant to specified procedures; providing that certain entities are ineligible to, and may not, bid on, submit a proposal for, or enter into or renew certain contracts, etc."
2023C,HR 11C,Rep. Fine,Support for Israel and Condemning Hamas and Anti-Semitism,http://flsenate.gov/Session/Bill/2023C/11C,RESOLUTION,Fine,"Bankson; Barnaby; Black; Canady; Caruso; Chamberlin; Chaney; Fabricio; Garcia; Holcomb; LaMarca; Leek; López, J.; Maney; Massullo; Melo; Payne; Plakon; Plasencia; Porras; Rizo; Salzman; Trabulsy", Expresses State of Florida's unwavering support for State of Israel & Jewish citizens in Florida & condemns Hamas & anti-Semitism.
2023C,HB 13C,Rep. Gottlieb,Antisemitism,http://flsenate.gov/Session/Bill/2023C/13C,GENERAL BILL,Gottlieb,," Defines term ""antisemitism""; provides contemporary examples of antisemitism."
2023C,HB 15C,Rep. Hart,Historically Black Colleges and Universities,http://flsenate.gov/Session/Bill/2023C/15C,GENERAL BILL,Hart,"Bracy Davis; Campbell; Casello; Cassel; Chambliss; Cross; Eskamani; Franklin; Gantt; Harris; Hinson; Joseph; Nixon; Rayner; Robinson, F.; Tant; Valdés; Woodson"," Provides appropriation to DOE for increased security measures at public & private historically black colleges & universities; requires reversion of unexpended funds; & provides for future appropriation.
    
        APPROPRIATION:
        $30,000,000"
2023C,HB 17C,Rep. Joseph,Medicaid and Florida Kidcare Programs Expansion,http://flsenate.gov/Session/Bill/2023C/17C,GENERAL BILL,Joseph,"Bartleman; Casello; Cross; Eskamani; Gantt; Harris; Hinson; Nixon; Rayner; Robinson, F.; Valdés", Provides that certain enrollees in Florida Kidcare program & Florida Healthy Kids program with family incomes at or below specified federal poverty level are not required to pay any premiums; prohibits certain charges from being imposed on such enrollees; revises list of people eligible for & length of time covered by Medicaid optional payments; requires AHCA to create Office of Medicaid Ombudsman to provide consumer protection & perform advocacy functions related to Medicaid.
2023C,HB 19C,Rep. Eskamani,Evictions During Emergency Conditions,http://flsenate.gov/Session/Bill/2023C/19C,GENERAL BILL,Eskamani,Campbell; Casello; Cassel; Cross; Gantt; Harris; Hinson; Joseph; Nixon; Rayner; Valdés, Prohibits sheriff from serving or executing writ of possession until specified time on certain premises that are under hurricane watch or hurricane warning; tolling notice period for writ of possession issued on certain premises that are under hurricane watch or hurricane warning.
2023C,HB 21C,Rep. Eskamani,Housing,http://flsenate.gov/Session/Bill/2023C/21C,GENERAL BILL,Eskamani,"Bartleman; Casello; Cassel; Cross; Gantt; Harris; Hinson; Joseph; Nixon; Rayner; Robinson, F.; Valdés"," Creates Department of Housing & Tenant Rights; provides for secretary be appointed by Governor & confirmed by Senate; provides purpose of department; requires department submit a report; revises provisions relating to residential tenancies, landlords, & tenants, including requirements for rental agreements, security deposits, notices, evictions, rights to purchase, rent control, impact fees, & documentary stamp taxes."
2023C,HB 23C,Rep. Skidmore,Public Safety,http://flsenate.gov/Session/Bill/2023C/23C,GENERAL BILL,Skidmore,Bartleman; Campbell; Casello; Cassel; Cross; Daley; Eskamani; Gantt; Harris; Hinson; Hunschofsky; Joseph; Nixon; Rayner; Valdés," Repeals ss 1-36, ch. 2023-18, LOF, relating to private school requesting sheriff to establish guardian program; revises training program hours required for school employees to be certified as school guardians; authorizes person to carry concealed weapon or concealed firearm if he or she is licensed to do so or meets specified requirements; prohibits person who is carrying concealed weapon or concealed firearm without license from carrying such weapon or firearm in specified locations; authorizes nonresident to carry concealed weapon or concealed firearm in this state if he or she meets same requirements as resident; requires each law enforcement agency to create & maintain an active assailant response policy; requires Office of Safe Schools to develop behavioral threat management operational process; requires DOE to establish Florida Safe Schools Canine Program."
2023C,HB 25C,Rep. Eskamani,Hate Crimes,http://flsenate.gov/Session/Bill/2023C/25C,GENERAL BILL,Eskamani,"Campbell; Casello; Cassel; Cross; Gantt; Harris; Hinson; Joseph; Nixon; Rayner; Robinson, F.; Valdés", Revises requirements for acquisition & publication of hate crime data; requires such data to be reported in specified format; requires specified training; requires law enforcement agencies to adopt hate crime policies; requires judges to consider noncarceral sentencing for certain first-time hate crime offenders; provides additional requirements for annual summary.
2023C,HB 27C,Rep. Eskamani,Homeowners' Insurance Payment Assistance,http://flsenate.gov/Session/Bill/2023C/27C,GENERAL BILL,Eskamani,"Bartleman; Bracy Davis; Casello; Cassel; Cross; Harris; Hinson; Joseph; Nixon; Rayner; Robinson, F.; Valdés"," Establishes Emergency Property Insurance Assistance Program within Department of Commerce; provides grant eligibility requirements; provides duties of department related to program; requires department to adopt rules; provides appropriation.
    
        APPROPRIATION:
        $1,000,000,000"
2023C,HB 29C,Rep. Eskamani,Insurer Accountability,http://flsenate.gov/Session/Bill/2023C/29C,GENERAL BILL,Eskamani,"Bartleman; Casello; Cassel; Cross; Harris; Hinson; Joseph; Nixon; Rayner; Robinson, F.; Valdés", Revises reporting requirements for insurers that pay financial consideration or payment to affiliates; revises factors office must consider in determining whether such financial consideration or payment is fair & reasonable; specifies reporting requirements for insurers relating to agreements with affiliates.
2023C,HR 31C,Rep. Nixon,"De-escalation and Cease-fire in the State of Israel and Occupied Palestine, Protection of Constitutional Rights, and Advocating for Dignity and Safety of Residents",http://flsenate.gov/Session/Bill/2023C/31C,RESOLUTION,Nixon,," Resolution calling for an immediate de-escalation & cease-fire in Israel & occupied Palestine, supporting protection of constitutional rights of Floridians, & advocating for dignity & safety of residents in every community."
