count,bill_id,term,session,Title,short_title,filter
3,HB0002,2019_2022,2021-SS1,Amends State Congressional Districts,"Pardons and Paroles, mandatory supervised release of inmates, apply certain sentencing provisions to certain defendants, Sec. 15-22-26.2 am'd.",remove
3,HB0002,2019_2022,2021-RS,Amends State Congressional Districts,"Controlled substances, Tianeptine and related compounds added to Schedule II, subject to criminal penalties , Sec. 20-2-25 am'd.",remove
3,HB0002,2019_2022,2021-SS2,Amends State Congressional Districts,"House, districts redrawn, Sec. 29-1-2.3 repealed; Sec. 29-1-2.3 added",keep
3,HB0002,2019_2022,2021-SS1,Increases the Number of Inmates who Could be Released Before the End of Their Sentence,"Pardons and Paroles, mandatory supervised release of inmates, apply certain sentencing provisions to certain defendants, Sec. 15-22-26.2 am'd.",keep
3,HB0002,2019_2022,2021-RS,Increases the Number of Inmates who Could be Released Before the End of Their Sentence,"Controlled substances, Tianeptine and related compounds added to Schedule II, subject to criminal penalties , Sec. 20-2-25 am'd.",remove
3,HB0002,2019_2022,2021-SS2,Increases the Number of Inmates who Could be Released Before the End of Their Sentence,"House, districts redrawn, Sec. 29-1-2.3 repealed; Sec. 29-1-2.3 added",remove
3,HB0004,2019_2022,2021-SS1,Establishes a Phased Plan to Build New Correctional Facilities,"Alabama Corrections Institution Finance Authority, issuance of bonds for the finance, construction, and renovation of prisons, provided; membership of authority, further provided; phased approach to the construction of new prisons and the renovation or closure of old prisons, provided; Correctional Facilities Maintenance Fund and Department of Corrections - Correctional Capital Improvement Fund, created; Alabama Prison Repurposing Commission, required to study economic impact of any closure or possible repurposing of prison facility. Secs. 14-2-1, 14-2-6, 14-2-12, 14-2-13.1, 14-2-14, 14-2-16, 14-2-19, 14-2-21, 14-2-28, and 14-2-34, am'd.",keep
3,HB0004,2019_2022,2021-RS,Establishes a Phased Plan to Build New Correctional Facilities,"High school athletics, Examiners of Public Accounts, required to audit the High School Athletic Association in the same manner as an agency of the state",remove
3,HB0004,2019_2022,2021-SS2,Establishes a Phased Plan to Build New Correctional Facilities,"Vaccines, provides a religious and philosophical exemption to vaccination",remove
3,HB0005,2019_2022,2021-SS1,Transfers $400 Million in COVID-19 Aid from the American Rescue Plan to Correctional Facilities,"Corrections Department, correctional Capital Improvement Fund, appropriation of $400,000,000 from federal funds, American Rescue Act, for fiscal year ending September 30, 2022",keep
3,HB0005,2019_2022,2021-RS,Transfers $400 Million in COVID-19 Aid from the American Rescue Plan to Correctional Facilities,"Expungements, administrative filing fees eliminated, Sec. 15-27-4 repealed; Sec. 15-27-3 am'd.",remove
3,HB0005,2019_2022,2021-SS2,Transfers $400 Million in COVID-19 Aid from the American Rescue Plan to Correctional Facilities,"Cullman County, Battleground School Historical Board, referendum requirement deleted for transfer or sale of school property, Sec. 45-22-224 am'd.",remove
3,HB0006,2019_2022,2021-SS1,Transfers $154 Million from the State's General Fund for Correctional Facilities,"Corrections Department, correctional Capital Improvement Fund, appropration from State General Fund of $135,000,000 appr. to Bureau of Pardons and Paroles of $19,000,000 for purchase of Perry County Correctional Facility for fiscal year September 30, 2022",keep
3,HB0006,2019_2022,2021-RS,Transfers $154 Million from the State's General Fund for Correctional Facilities,"Law enforcement, recordings, procedure to determine to whom and what portion of a recording to disclose or release established",remove
3,HB0006,2019_2022,2021-SS2,Transfers $154 Million from the State's General Fund for Correctional Facilities,"Vaccine mandates, prohibited unless federally required, vaccine exemption for medical and religious reasons created, parental consent for minor to receive COVID-19 vaccine required",remove
2,HB0002,2019_2022,2022-SS1,"Expands Penalties for Rioting, Certain Public Demonstrations","Broadband, authorizing the state, county, or a municipality to grant certain monies for broadband infrastructure, const. amend.",remove
2,HB0002,2019_2022,2022-RS,"Expands Penalties for Rioting, Certain Public Demonstrations","Crimes and offenses, assault against a first responder, created, riot and inciting to riot, further provided, aggravated riot, and unlawful traffic interference, created, holding period after arrest, provided, penalties for defunding police, provided, Secs. 13A-11-3.1, 13A-11-5.1 added; Secs. 13A-6-21, 13A-11-1, 13A-11-3, 13A-11-4, 15-10-3 am'd.",keep
2,SB0002,2019_2022,2022-SS1,Prohibits Enforcement of Certain Federal Gun Policies,"Taxation, income tax, exclusion of enhanced federal child tax credits from American Rescue Plan Act from calculation of federal income tax deduction for tax year 2021, to provide an extension of the due date for certain taxpayers, Secs. 40-16-3.1, 40-18-39.1 added.",remove
2,SB0002,2019_2022,2022-RS,Prohibits Enforcement of Certain Federal Gun Policies,"Firearms, President of the U.S., executive orders limiting firearms, local government officials or agents, enforcement by prohibited, Alabama Second Amendment Preservation Act",keep
2,SB0010,2019_2022,2021-RS,Prohibits Gender Change Therapy for Minors,"Vulnerable Child Compassion and Protection Act, prohibits gender change therapy for minors, prohibits withholding of certain related information from parents",keep
2,SB0010,2019_2022,2021-SS2,Prohibits Gender Change Therapy for Minors,"U.S. Congressional, districts redrawn, Sec. 17-14-70 repealed; Sec. 17-14-70 added",remove
1,HB0017,2019_2022,2021-RS,Authorizes Deploying Wiretaps for Drug Related Offenses,"ALEA, felony drug trafficking wiretapping, interception of wire, oral, or electronic communications, Attorney General to authorize to apply for court order for intercept and to apply for intercept orders, disclosure of recorded communications, penalties for violations, Secs. 20-2A-1 to 20-2A-15, inclusive, added; Sec. 15-5-40 am'd",keep
1,HB0017,2019_2022,2022-RS,Authorizes Deploying Wiretaps for Drug Related Offenses,"Drug trafficking, wiretapping by ALEA, interception of wire, oral, or electronic communications, Attorney General authorized to apply for court order for intercept and to apply for intercept orders, disclosure of recorded communications, penalties for violations, Secs. 20-2A-1 to 20-2A-15, inclusive, added",keep
1,HB0023,2019_2022,2021-RS,Authorizes Judges to Use Their Discretion When Determining Sentences,"Criminal procedure, provide that a judge may use discretion in the length of sentence a defendant must serve if his or her probation is revoked, Sec. 15-18-8 am'd.",keep
1,HB0024,2019_2022,2021-RS,Amends Sentencing Guidelines for State Prisoners,"Sentencing standards, to provide for resentencing of certain individuals convicted of nonviolent offenses, procedure for resentencing, Sec. 12-25-34.3 added.",keep
1,HB0054,2019_2022,2022-RS,Amends Criteria for Termination of Alimony,"Alimony, termination upon cohabiting in a homosexual relationship, Sec. 30-2-55 am'd.",keep
1,HB0073,2019_2022,2021-RS,Requires the Judicial Circuit to Create Diversion Programs,"Community punishment and corrections, to require every judicial circuit to establish a community punishment and corrections program, Sec. 15-18-187 added; Secs. 15-18-172, 15-18-176 am'd.",keep
1,HB0077,2019_2022,2019-RS,Expands Retirement Benefits for Public School Teachers,"Retirement, RSA, retirement plans, Tier III retirement plan created, Tier III Teacher Recruitment and Retention Act, plan benefits defined, Secs. 16-25-1, 16-25-11.1, 16-25-14, 16-25-21 am'd.",keep
1,HB0082,2019_2022,2022-RS,Establishes the Small Business Relief and Revitalization Act of 2022,"Small Business Relief and Revitalization Act of 2022, cancellation of indebtedness income exempt from income tax, financial institution excise tax and corporate income tax due date extension, certain business tangible personal property ad valorem tax exemption, deposit of certified funds with Revenue in lieu of one-time surety bond for licensure, average monthly sales tax liability for estimated payments increased, Secs. 40-16-3.1, 40-18-39.1 added; Secs. 40-9-1, 40-23-6, 40-23-6.1, 40-23-7 am'd.",keep
1,HB0095,2019_2022,2022-RS,Establishes a 180-Day Grace Period for Inmates to Repay Court-Imposed Debt After Release,"Court-imposed fines, Dept. of Corrections, inmates, 180-day grace period provided for payment of fines upon release from physical custody",keep
1,HB0103,2019_2022,2021-RS,Prohibits the Government Selecting Which Entities Can Remain Open During COVID-19,"Emergency Management Act of 1955, states of emergency, business and religious entities authorized to operate under certain conditions",keep
1,HB0123,2019_2022,2022-RS,Requires Mental Health Service Coordinators in Schools,"Schools, K-12, mental health service coordinator for each school system, subject to legislative appropriation, duties to Dept. of Mental Health and Dept. of Education, qualifications provided",keep
1,HB0134,2019_2022,2022-RS,Reduces the Minimum Age Teachers May Collect Retirement Benefits,"Teachers Retirement System, 30-year service retirement, member contribution rate increased, Secs. 16-25-14, 16-25-21 am'd.",keep
1,HB0135,2019_2022,2022-RS,Appropriates $23 Billion for the State Education Budget,"Education budget, appropriations for the support, maintenance, and development of public education",keep
1,HB0136,2019_2022,2022-RS,Increases Minimum Pay for Public Education Employees,"Teachers and other public education employees, including K-12, postsecondary education, and AIDB, salary increase",keep
1,HB0147,2019_2022,2020-RS,Prohibits City Occupational Taxes Without Permission of State Legislature,"Municipal occupational taxes, prohibited if not already in effect unless authorized by local law",keep
1,HB0154,2019_2022,2021-RS,Requires Municipal Candidates to File Campaign Finance Reports Electronically,"Campaign finance reports, electronic filing with Secretary of State required, revise report deadline, Secs. 17-5-4, 17-5-5, 17-5-8, 17-5-9, 17-5-10, 17-5-11, 17-5-19.1, 17-5-19.2 am'd.",keep
1,HB0167,2019_2022,2021-RS,Prohibits Voting in the Same Election in Alabama and In Another State,"Voting fraud, voting more than once in any election held within the state, penalties to apply to include voting outside the state, Secs. 17-13-24, 17-17-36 am'd.",keep
1,HB0186,2019_2022,2020-RS,Appropriates Funds for COVID-19 Coronavirus Response,"Supplemental appropriations, Alabama State Board of Midwifery Fund to the Alabama State Board of Midwifery; Genetic Counseling Fund to the Alabama Board of Genetic Counseling; Alabama Bail Bond Board Fund to the Alabama Professional Bail Bonding Board; Forever Wild Land Trust Fund to the Board of Forever Wild Land Trust; General Fund to Dept. of Finance, Conservation and Natural Resources Dept., Legislature, Alabama Forestry, Dept. of Mental Health, Dept. of Human Resources and General Fund Budget Reserve Fund,  supp. approp. for fiscal year 2020.",keep
1,HB0187,2019_2022,2020-RS,Appropriates Funds for the Fiscal Year 2021 Education Budget,"Education budget, appropriations for the support, maintenance, and development of public education",keep
1,HB0212,2019_2022,2019-RS,Prohibits Driving in the Left Lane for More than 1.5 Miles,"Motor vehicles, Anti-Road Rage Act, established, right side driving required, exceptions, Sec. 32-5A-80 am'd.",keep
1,HB0225,2019_2022,2019-RS,Prohibits Pay Discrimination Based on Sex and Race,"Discrimination in wages, prohib., retaliation against employee who brings charge of wage discrimination, prohib., penalties",keep
1,HB0231,2019_2022,2022-RS,Exempts Certain Tax Credits from the Calculation of Income Tax Deductions,"Taxation, income tax, exclusion of enhanced federal child tax credits from American Rescue Plan Act from calculation of federal income tax deduction for tax year 2021, extension of the due date for certain taxpayers, Secs. 40-16-3.1, 40-18-39.2 added.",keep
1,HB0235,2019_2022,2020-RS,Repeals Ban on Yoga Classes in Public Schools,"Education, grades K-12, yoga, authorize local boards of education to offer to students",keep
1,HB0237,2019_2022,2021-RS,Establishes Protections for Infants Born Alive,"Abortion, physicians, duty of care owed to babies born alive after failed abortion, criminal penalties, definitions further provided",keep
1,HB0239,2019_2022,2022-RS,Prohibits Poll Watchers from Assisting Individuals with Voting,"Elections, prohibiting poll watchers from assisting an individual with voting, Secs. 11-46-51, 17-9-13 am'd.",keep
1,HB0246,2019_2022,2021-RS,Authorizes Public Schools to Teach Yoga,"Education, grades K-12, yoga, authorize local boards of education to offer to students",keep
1,HB0272,2019_2022,2022-RS,Authorizes Permitless Carry of Handguns,"Firearms, certain restrictions on carrying in motor vehicle, Local Government Pistol Permit Revenue Loss Fund, created, penalties, provided, Secs. 13A-11-55, 13A-11-73 repealed; Secs. 13A-11-7, 13A-11-50, 13A-11-61.2, 13A-11-62, 13A-11-71, 13A-11-74, 13A-11-85, 13A-11-90 am'd.",keep
1,HB0285,2019_2022,2021-RS,Prohibits Curbside Voting,"Elections, electronic voting machines, curb side voting, operation of voting machines prohibited except on the inside of buildings designated as voting places, taking of ballots into or out of voting places prohibited, Sec.17-6-4 am'd.",keep
1,HB0312,2019_2022,2022-RS,"Prohibits Teaching of Certain Concepts Relating to Race, Sex, or Religion","Education and training, divisive concepts, prohibits teaching of the concepts under certain circumstances, allows teaching of the concepts in public institutions of higher education as long as assent to the concept is not compelled",keep
1,HB0314,2019_2022,2019-RS,Increases Penalties for Abortions,"Abortion, make abortion a Class A felony and attempted abortion a Class C felony",keep
1,HB0322,2019_2022,2022-RS,Requires K-12 Students to Use Bathroom Corresponding with Sex on Birth Certificate,"Public schools, restrooms or changing areas, required to be used based on individual's biological sex, kindergarden to fifth grade classroom instruction, limited regarding sexual orientation or gender identity, St. Board of Education to adopt rules",keep
1,HB0337,2019_2022,2022-RS,Increases Penalties for Running From Police,"Crimes and offenses, to revise the criminal penalties for violations of fleeing or attempting to elude law enforcement, Sec. 13A-10-52 am'd.",keep
1,HB0361,2019_2022,2019-RS,Authorizes Sports Betting,"Fantasy contests, regulation of, consumer protection measures by operators required, audits, civil penalties, Fantasy Contests Act, established",keep
1,HB0379,2019_2022,2019-RS,Requires Chemical Castration for All Child Sex Offenders,"Crimes and offenses, sex offenses, mandatory condition of parole, chemical castration treatment authorized as mandatory condition of parole for certain sex offenders",keep
1,HB0388,2019_2022,2021-RS,Requires General Election Laws be Implemented 6 Months Before a General Election,"Elections, requires implementation date of any legislation affecting conduct of general election to be at least six months before general election, const. amend.",keep
1,HB0391,2019_2022,2021-RS,Prohibits Transgender Athletes from Playing on Sports Teams that do not Match their Birth Sex,"Schools, public K-12,  athletic events allowing competition by one biological gender against another prohibited unless the event specifically includes both genders",keep
1,HB0395,2019_2022,2022-RS,Authorizes Alcoholic Beverages at Hospitality Management Programs at State Universities,"Alcoholic beverages, Hospitality Management Program license at certain state universities, activities under license authorized, license fee",keep
1,HB0434,2019_2022,2022-RS,Authorizes Video Depositions for Individuals Involved in Human Trafficking Cases Regardless of Age,"Criminal procedure, victims of human trafficking, video depositions and video testimony authorized",keep
1,HB0458,2019_2022,2022-RS,Amends the Constitutional Requirements for Selling Public Property for Private Economic Development,"Economic development, counties and municipalities, requirements revised for incurring indebtedness and for selling or granting public property for private economic development and for certain public notices, Amendment 772, Constitution of Alabama of 1901, am'd., const. amend.",keep
1,HB0491,2019_2022,2019-RS,Establishes Requirements for Abortions Resulting in Premature Birth,"Abortion, physicians, duty of care owed to babies born alive after faild abortion, criminal penalties",keep
1,HB0538,2019_2022,2021-RS,Limits the Time Frame for Receiving Absentee Ballot Applications,"Absentee ballots, timeframe for applying to vote absentee, revised, to revise certain procedures for processing absentee ballots, Secs. 17-11-3, 17-11-10, 17-11-18 am'd.",keep
1,SB0019,2019_2022,2022-RS,Establishes New Tax Deductions and Exemptions,"Income tax, optional standard deduction amount and adjusted gross income range allowable for maximum optional standard deduction and dependent exemption, increased, Secs. 40-18-15, 40-18-19 am'd.",keep
1,SB0028,2019_2022,2022-RS,Authorizes a State Space Force or Space National Guard if Approved at the Federal Level,"National Guard, Space Force, Space National Guard, bill operative only if federal government creates Space National Guard, Secs. 31-2-1, 31-2-3, 31-2-55, 31-2-57, 31-3-1 am'd.",keep
1,SB0030,2019_2022,2021-RS,Increases Protections Against Lawsuits Involving COVID-19,"Coronavirus, immunity for certain entities from claims relating to contraction of or exposure to coronavirus",keep
1,SB0045,2019_2022,2020-RS,Amends Criminal Trespassing Penalties Relating to Critical Infrastructure,"Crimes and offenses, criminal trespass, unauthorized entry of a critical infrastructure, further provided to include unmanned aircraft systems, Sec. 13A-7-4.3 am'd.",keep
1,SB0046,2019_2022,2021-RS,Authorizes the Legalization and Regulation of Medical Marijuana,"Medical Cannabis, program established to allow use of  for certain conditions, defense against prosecution for marijuana possession established, Secs. 20-2A-1 to 20-2A-11, incl., 20-2A-20 to 20-2A-23, incl., 20-2A-30 to 20-2A-36, incl., 20-2A-50 to 20-2A-68, incl., added; Sec. 13A-7-2 am'd.",keep
1,SB0069,2019_2022,2019-RS,Repeals Marriage Licenses,"Marriage license, recording by judge of probate, transmission to Vital Statistics office, Secs. 30-1-9, 30-1-10, 30-1-11, 30-1-13, 30-1-14 repealed; Secs. 22-9A-17, 30-1-5, 30-1-12, 30-1-16 am'd.",keep
1,SB0077,2019_2022,2022-RS,Prohibits Purchase of Foreign-Made U.S. and Alabama Flags,"Flags, prohibits state agencies or institutions from purchasing American flag or Alabama State flag manufactured outside the United States",keep
1,SB0091,2019_2022,2021-RS,Prohibits Racial Profiling,"Traffic stops, racial profiling by law enforcement officers, prohibited, written policies, forms for statistics, and reports to Attorney General required, provision for complaints, reporting and collection of data on injuries to officers, required",keep
1,SB0094,2019_2022,2021-RS,Extends the Deadline for 3rd Graders to Reach Their Required Reading Level,"Literacy Act, third grade retention requirement postponed until 2023-2024 school year, Sec. 16-6G-5 am'd.",keep
1,SB0097,2019_2022,2021-RS,Reduces the Power of the Public Health Officer During a Public Health Emergency,"State Health Officer, order issued in response to outbreak of a disease has full force of law if approved by Governor and filed with Secretary of State in state of emergency, Sec. 11-47-132 repealed; Secs. 22-2-8, 31-9-8, 31-9-13 am'd.",keep
1,SB0116,2019_2022,2022-RS,Authorizes the Children of Military Members to Enroll in Public School Prior to State Residency,"Education, public K-12, establishing a program of advance enrollment for children of military families",keep
1,SB0119,2019_2022,2019-RS,Repeals Common Core,"Common Core Curriculum Standards, terminated, prior courses of study to be implemented",keep
1,SB0119,2019_2022,2022-RS,Expands the G.I. Dependent Scholarship Program,"Colleges and Universities, Alabama G.I. and Dependents' Educational Benefit Act, use of scholarship benefits at 2 year or 4 year public or private institutions of higher education physically located in state provided, Sec. 31-6-8 repealed; Secs. 31-6-2, 31-6-2.1, 31-6-3, 31-6-4, 31-6-5, 31-6-6, 31-6-9, 31-6-11, 31-6-12, 31-6-13, 31-6-14, 31-6-15, 31-6-15.1, 31-6-16 am'd.",keep
1,SB0126,2019_2022,2021-RS,Authorizes Alcohol Home Delivery,"Alcoholic beverages, delivery service license, established, requirements for issuance, limits on delivery of beer, wine, and spirits, Secs. 28-1-4, 28-3-1, 28-3A-13, 28-3A-14 am'd.",keep
1,SB0140,2019_2022,2019-RS,Amends Sex Education Standards,"Sex education, public K-12 school, content and course materials revised, Sec. 16-40A-2 am'd.",keep
1,SB0161,2019_2022,2020-RS,Appropriates CARES Act Funds to the State Government for the COVID-19 Pandemic,"State agencies, supp. approp.",keep
1,SB0165,2019_2022,2020-RS,Establishes a Medical Marijuana Program,"Medical Cannabis, program established to allow use of  for certain conditions, defense against prosecution for marijuana possession established, Secs. 20-2A-1 to 20-2A-11, incl., 20-2A-20 to 20-2A-23, incl., 20-2A-30 to 20-2A-36, incl., 20-2A-50 to 20-2A-68, incl., added; Sec. 13A-7-2 am'd.",keep
1,SB0168,2019_2022,2022-RS,Authorizes Opioid/Fentanyl Testing Strips,"Controlled substances, drug paraphernalia, exception for items used to test for the presence of fentanyl drugs, Sec. 13A-12-260 am'd.",keep
1,SB0171,2019_2022,2022-RS,Establishes a State Math Initiative to Boost Test Scores,"Alabama Numeracy Act, established for K-5 public school students, Elementary Mathematics Task force and Postsecondary Mathematics Task Forces created, Office of Mathematics Improvement created, use of assessments, intervention services, summer programs, and mathematics coaches provided, use of Common Core State Standards in K-12 schools terminated and prohibited",keep
1,SB0184,2019_2022,2022-RS,Establishes that Providing Gender Affirming Therapy to Children is a Felony,"Public health, minors, biological male or female, sexual state, practices to alter or affirm minor's sexual identity or perception such as prescribing puberty blocking medication or surgeries, prohibited, exceptions, nurses and school personnel not to withhold information from parents, violations a Class C felony",keep
1,SB0219,2019_2022,2020-RS,Establishes a Felony for Doctors that Perform Gender Reassignment Treatment to Individuals Under the Age of 19,"Vulnerable Child Compassion and Protection Act, prohibits gender change therapy for minors, prohibits withholding of certain related information from parents",keep
1,SB0220,2019_2022,2019-RS,Establishes a Constitutional Amendment to Create a State Lottery,"Alabama Lottery estab., distrib. of proceeds provided, constitutional amendment",keep
1,SB0255,2019_2022,2022-RS,Specifies the Discretionary Power of State Health Officer in Response to Outbreak of a Disease,"State Health Officer, order issued in response to outbreak of a disease has full force of law if approved by Governor and filed with Secretary of State in state of emergency, Sec. 22-2-8 am'd.",keep
1,SB0267,2019_2022,2021-RS,Prohibits Implementation of COVID-19 Vaccine Passports,"Vaccine passports, prohibited, entities prohibited from requiring an individual to receive an immunization as a condition for receiving government benefits or services",keep
1,SB0308,2019_2022,2021-RS,Authorizes Residents to Purchase Lifetime Concealed Carry Permits,"Firearms, concealed carry permits, time periods for permits including lifetime permits, fees, statewide standardized issuance and information management, ALEA to estab., firearms prohibited person database, appeal process provided, Sec. 13A-11-75.1 repealed; Secs. 13A-11-70, 13A-11-75, 22-52-10.1 am'd.",keep
1,SB0313,2019_2022,2022-RS,Prohibits the Use of Public Funds for Ballot Initiatives,"Educational institutions, including colleges and universities, local boards of education, and schools, prohibited from using public funds to advocate for or against ballot measures",keep
1,SB0319,2019_2022,2021-RS,Authorizes Voting to Expand Casino Gambling,"Gaming, Alabama Education Lottery established, Alabama Education Lottery Corporation and Alabama Gaming Commission estab. to license and regulate gaming, negotiation of compact with Poarch Creek Indians Authority, const. amend.",keep
1,SB0358,2019_2022,2021-RS,Prohibits State and Local Governments from Enforcing Any Federal Firearms Act,"Firearms, prohibitions on state enforcement of certain federal firearm laws, provided",keep
1,SB0397,2019_2022,2019-RS,Establishes a Constitutional Amendment to Create Governor-Appointed Board of Education,"Public k-12 education, state board of education renamed the Alabama commission on elementary and secondary education, members appointed by governor, CA-",keep
1,SJR70007,2019_2022,NA,Classifies Pornography as a Public Health Crisis,NA,keep