bill_number,session,session_year,session_type,intro_date,primary_sponsors,cosponsors,title,fiscal_notes,summary,digest,bill_url
AB1,34th,2023,S,2023-06-06,View 2 Primary Sponsors Close Primary Sponsors; Assemblyman Steve Yeager; Senator Nicole Cannizzaro,,"AN ACT relating to projects of capital improvement; authorizing certain expenditures for such projects of the Executive and Legislative Departments of the State Government; levying a property tax to support the Consolidated Bond Interest and Redemption Fund; making appropriations; and providing other matters properly relating thereto. Close title

AN ACT relating to projects of capital improvement; authorizing certain expenditures for such projects of the Executive and Legislative Departments of the State Government; levying a property tax to support the Consolidated Bond Interest and Redemption Fund; making appropriations; and providing other matters properly relating thereto.","Effect on Local Government: No.
Effect on the State: Contains Appropriations included in Executive Budget.",Authorizes and provides funding for certain projects of capital improvement. (BDRS-11),,https://www.leg.state.nv.us/App/NELIS/REL/34th2023Special/Bill/11734/Overview
ACR1,34th,2023,S,2023-06-06,Assembly Committee on Legislative Operations and Elections,,"Adopting the Joint Rules of the Senate and Assembly for the 34th Special Session of the Nevada Legislature. Close title

Adopting the Joint Rules of the Senate and Assembly for the 34th Special Session of the Nevada Legislature.","Effect on Local Government:  
Effect on the State:",Adopts the Joint Rules of the Senate and Assembly for the 34th Special Session of the Nevada Legislature. (BDRR-1),,https://www.leg.state.nv.us/App/NELIS/REL/34th2023Special/Bill/10641/Overview
AR1,34th,2023,S,2023-06-06,Assembly Committee on Legislative Operations and Elections,,"Providing that no allowances will be paid for the 34th Special Session of the Nevada Legislature for periodicals, stamps, stationery or communications. Close title

Providing that no allowances will be paid for the 34th Special Session of the Nevada Legislature for periodicals, stamps, stationery or communications.","Effect on Local Government:  
Effect on the State:","Provides that no allowances will be paid for the 34th Special Session of the Nevada Legislature for periodicals, stamps, stationery or communications. (BDRR-6)",,https://www.leg.state.nv.us/App/NELIS/REL/34th2023Special/Bill/10640/Overview
SR1,34th,2023,S,2023-06-06,View 2 Primary Sponsors Close Primary Sponsors; Senator Nicole Cannizzaro; Senator Heidi Seevers Gansert,,"Adopting the Rules of the Senate for the 34th Special Session of the Nevada Legislature. Close title

Adopting the Rules of the Senate for the 34th Special Session of the Nevada Legislature.","Effect on Local Government:  
Effect on the State:",Adopts the Rules of the Senate for the 34th Special Session of the Nevada Legislature. (BDRR-2),,https://www.leg.state.nv.us/App/NELIS/REL/34th2023Special/Bill/10643/Overview
SR2,34th,2023,S,2023-06-06,View 2 Primary Sponsors Close Primary Sponsors; Senator Nicole Cannizzaro; Senator Heidi Seevers Gansert,,"Providing that no allowances will be paid for the 34th Special Session of the Nevada Legislature for periodicals, stamps, stationery or communications. Close title

Providing that no allowances will be paid for the 34th Special Session of the Nevada Legislature for periodicals, stamps, stationery or communications.","Effect on Local Government:  
Effect on the State:","Provides that no allowances will be paid for the 34th Special Session of the Nevada Legislature for periodicals, stamps, stationery or communications. (BDRR-5)",,https://www.leg.state.nv.us/App/NELIS/REL/34th2023Special/Bill/10642/Overview
