session,code,name,type,chamber,parent_code
2025R1,HALNRW,"Agriculture, Land Use, Natural Resources, and Water",House Committee On,H,
2025R1,HB2614,HB 2614,Conference Committee on,J,
2025R1,HB3127,HB 3127,Conference Committee on,J,
2025R1,HB3694,HB 3694,Conference Committee on,J,
2025R1,HBHHC,Behavioral Health and Health Care,House Committee On,H,
2025R1,HCCP,Commerce and Consumer Protection,House Committee On,H,
2025R1,HCEE,"Climate, Energy, and Environment",House Committee On,H,
2025R1,HCOND,Conduct,House Committee On,H,
2025R1,HECDSB,"Economic Development, Small Business, and Trade",House Committee On,H,
2025R1,HECHS,Early Childhood and Human Services,House Committee On,H,
2025R1,HED,Education,House Committee On,H,
2025R1,HEMGGV,"Emergency Management, General Government, and Veterans",House Committee On,H,
2025R1,HHED,Higher Education and Workforce Development,House Committee On,H,
2025R1,HHOUSH,Housing and Homelessness,House Committee On,H,
2025R1,HJUD,Judiciary,House Committee On,H,
2025R1,HLWS,Labor and Workplace Standards,House Committee On,H,
2025R1,HREV,Revenue,House Committee On,H,
2025R1,HRULES,Rules,House Committee On,H,
2025R1,JACSR,Addiction and Community Safety Response,Joint Committee On,J,
2025R1,JCOND,Conduct,Joint Committee On,J,
2025R1,JCT,Transportation,Joint Committee On,J,
2025R1,JCTE,Tax Expenditures,Joint Committee On,J,
2025R1,JI5B,Interstate 5 Bridge,Joint Committee On,J,
2025R1,JLAC,Legislative Administration,Joint Committee On,J,
2025R1,JLAUD,Legislative Audits,Joint Committee On,J,
2025R1,JLCC,Legislative Counsel,Joint Committee On,J,
2025R1,JLCIMT,Information Management and Technology,Joint Committee On,J,
2025R1,JLCPR,Public Records,Joint Subcommittee On,J,JLCC
2025R1,JLPR,Legislative Policy and Research,Joint Committee On,J,
2025R1,JOCSS,Oregon-China Sister State,Joint Committee On,J,
2025R1,JTFBHA,Regional Behavioral Health Accountability,Joint Task Force On,J,
2025R1,JTR,Transportation Reinvestment,Joint Committee On,J,
2025R1,JWM,Ways and Means,Joint Committee On,J,
2025R1,JWMCC,Capital Construction,Joint Subcommittee On,J,JWM
2025R1,JWMED,Education,Joint Subcommittee On,J,JWM
2025R1,JWMGG,General Government,Joint Subcommittee On,J,JWM
2025R1,JWMHS,Human Services,Joint Subcommittee On,J,JWM
2025R1,JWMNR,Natural Resources,Joint Subcommittee On,J,JWM
2025R1,JWMPS,Public Safety,Joint Subcommittee On,J,JWM
2025R1,JWMTR,Transportation and Economic Development,Joint Subcommittee On,J,JWM
2025R1,SB916,SB 916,Conference Committee On,J,
2025R1,SCOND,Conduct,Senate Committee On,S,
2025R1,SECBH,Early Childhood and Behavioral Health,Senate Committee On,S,
2025R1,SED,Education,Senate Committee On,S,
2025R1,SEE,Energy and Environment,Senate Committee On,S,
2025R1,SFR,Finance and Revenue,Senate Committee On,S,
2025R1,SHC,Health Care,Senate Committee On,S,
2025R1,SHDEV,Housing and Development,Senate Committee On,S,
2025R1,SHS,Human Services,Senate Committee On,S,
2025R1,SJUD,Judiciary,Senate Committee On,S,
2025R1,SLB,Labor and Business,Senate Committee On,S,
2025R1,SNRW,Natural Resources and Wildfire,Senate Committee On,S,
2025R1,SRULES,Rules,Senate Committee On,S,
2025R1,SVEMFW,"Veterans, Emergency Management, Federal and World Affairs",Senate Committee On,S,
2025S1,JI5B,Interstate 5 Bridge,Joint Special Session Committee On,J,
2025S1,JSSTF,Transportation Funding,Joint Special Session Committee On,J,
2025S1,SRULES,Rules and Executive Appointments,Senate Special Session Committee On,S,
2026R1,HALNRW,"Agriculture, Land Use, Natural Resources, and Water",House Committee On,H,
2026R1,HBH,Behavioral Health,House Committee On,H,
2026R1,HCCP,Commerce and Consumer Protection,House Committee On,H,
2026R1,HCEE,"Climate, Energy, and Environment",House Committee On,H,
2026R1,HCOND,Conduct,House Committee On,H,
2026R1,HCT,Transportation,House Committee On,H,
2026R1,HECDSB,"Economic Development, Small Business, and Trade",House Committee On,H,
2026R1,HECHS,Early Childhood and Human Services,House Committee On,H,
2026R1,HED,Education,House Committee On,H,
2026R1,HEMV,Emergency Management and Veterans,House Committee On,H,
2026R1,HHC,Health Care,House Committee On,H,
2026R1,HHOUSH,Housing and Homelessness,House Committee On,H,
2026R1,HJUD,Judiciary,House Committee On,H,
2026R1,HLWD,Labor and Workforce Development,House Committee On,H,
2026R1,HREV,Revenue,House Committee On,H,
2026R1,HRULES,Rules,House Committee On,H,
2026R1,JCOND,Conduct,Joint Committee On,J,
2026R1,JI5B,Interstate 5 Bridge,Joint Committee On,J,
2026R1,JLAC,Legislative Administration,Joint Committee On,J,
2026R1,JLAUD,Legislative Audits,Joint Committee On,J,
2026R1,JLCC,Legislative Counsel,Joint Committee On,J,
2026R1,JLCIMT,Information Management and Technology,Joint Committee On,J,
2026R1,JLPR,Legislative Policy and Research,Joint Committee On,J,
2026R1,JOCSS,Oregon-China Sister State,Joint Committee On,J,
2026R1,JSRP,Referendum Petition 2026-302,Joint Special Committee On,J,
2026R1,JTO,Transportation Oversight,Joint Committee On,J,
2026R1,JWM,Ways and Means,Joint Committee On,J,
2026R1,JWMCC,Capital Construction,Joint Subcommittee On,J,JWM
2026R1,JWMED,Education,Joint Subcommittee On,J,JWM
2026R1,JWMGG,General Government,Joint Subcommittee On,J,JWM
2026R1,JWMHS,Human Services,Joint Subcommittee On,J,JWM
2026R1,JWMNR,Natural Resources,Joint Subcommittee On,J,JWM
2026R1,JWMPS,Public Safety,Joint Subcommittee On,J,JWM
2026R1,JWMTR,Transportation and Economic Development,Joint Subcommittee On,J,JWM
2026R1,SCGG,Commerce and General Government,Senate Committee On,S,
2026R1,SCOND,Conduct,Senate Committee On,S,
2026R1,SCT,Transportation,Senate Committee On,S,
2026R1,SECBH,Early Childhood and Behavioral Health,Senate Committee On,S,
2026R1,SED,Education,Senate Committee On,S,
2026R1,SEE,Energy and Environment,Senate Committee On,S,
2026R1,SFR,Finance and Revenue,Senate Committee On,S,
2026R1,SHC,Health Care,Senate Committee On,S,
2026R1,SHDEV,Housing and Development,Senate Committee On,S,
2026R1,SHS,Human Services,Senate Committee On,S,
2026R1,SJUD,Judiciary,Senate Committee On,S,
2026R1,SLB,Labor and Business,Senate Committee On,S,
2026R1,SNRW,Natural Resources and Wildfire,Senate Committee On,S,
2026R1,SRULES,Rules,Senate Committee On,S,
2026R1,SVEMFW,"Veterans, Emergency Management, Federal and World Affairs",Senate Committee On,S,
