term,chamb,chair_last_name,chair_district,LES_sponsor
2023_2024,S,anwar,3,public health committee
2023_2024,H,blumenthal,147,government administration and elections committee
2023_2024,H,boyd,50,public safety and security committee
2023_2024,S,cabrera,17,insurance and real estate committee
2023_2024,S,cohen,12,transportation committee
2023_2024,H,concepcion,4,executive and legislative nominations committee
2023_2024,H,currey,11,education committee
2023_2024,H,d'agostino,91,general law committee
2023_2024,H,dathan,142,legislative regulation review committee
2023_2024,H,degraw,17,planning and development committee
2023_2024,H,doucette,13,banking committee
2023_2024,S,duff,25,executive and legislative nominations committee
2023_2024,H,felipe,130,housing committee
2023_2024,S,flexer,29,government administration and elections committee
2023_2024,S,fonfara,1,"finance, revenue and bonding committee"
2023_2024,H,garibay,60,aging committee
2023_2024,S,gaston,23,public safety and security committee
2023_2024,H,gilchrest,18,human services committee
2023_2024,H,gresko,121,environment committee
2023_2024,H,haddad,54,higher education and employment advancement committee
2023_2024,S,hartley,15,commerce committee
2023_2024,S,hochadel,13,aging committee
2023_2024,H,horn,64,"finance, revenue and bonding committee"
2023_2024,S,kissel,7,legislative regulation review committee
2023_2024,S,kushner,24,labor and public employees committee
2023_2024,H,lemar,96,transportation committee
2023_2024,S,lesser,9,human services committee
2023_2024,H,linehan,103,committee on children
2023_2024,S,looney,11,legislative management committee
2023_2024,S,lopes,6,environment committee
2023_2024,S,maher,26,committee on children
2023_2024,S,maroney,14,general law committee
2023_2024,S,marx,20,veterans' and military affairs committee
2023_2024,S,mccrory,2,education committee
2023_2024,H,meskers,150,commerce committee
2023_2024,S,miller,27,banking committee
2023_2024,S,moore,22,housing committee
2023_2024,S,needleman,33,energy and technology committee
2023_2024,H,nolan,39,veterans' affairs committee
2023_2024,S,osten,19,appropriations committee
2023_2024,S,rahman,4,planning and development committee
2023_2024,H,ritter,1,legislative management committee
2023_2024,H,sanchez,24,labor and public employees committee
2023_2024,S,slap,5,higher education and employment advancement committee
2023_2024,H,stafstrom,129,judiciary committee
2023_2024,H,steinberg,136,energy and technology committee
2023_2024,H,vahey,133,public health committee
2023_2024,H,walker,93,appropriations committee
2023_2024,S,winfield,10,judiciary committee
2023_2024,H,wood,29,insurance and real estate committee
