count,bill_id,term,session,Title,title,filter
2,HB0001,2023_2024,2023-RS,Amends the State Constitution to Increase the Reporting Window for Survivors of Childhood Sexual Abuse,"A Joint Resolution proposing an amendment to the Constitution of the Commonwealth of Pennsylvania, further providing for courts to be open and suits against the Commonwealth.",remove
2,HB0001,2023_2024,2023-SS1,Amends the State Constitution to Increase the Reporting Window for Survivors of Childhood Sexual Abuse,"A Joint Resolution proposing an amendment to the Constitution of the Commonwealth of Pennsylvania, further providing for courts to be open and suits against the Commonwealth.",keep
2,HB0002,2023_2024,2023-RS,Amends State Law to Temporarily Open the 2-Year Window for Survivors to File Civil Lawsuits,"An Act amending Title 42 (Judiciary and Judicial Procedure) of the Pennsylvania Consolidated Statutes, in limitation of time, further providing for infancy, insanity or imprisonment; in matters affecting government units, further providing for exceptions to sovereign immunity and for exceptions to governmental immunity; and making a repeal.",remove
2,HB0002,2023_2024,2023-SS1,Amends State Law to Temporarily Open the 2-Year Window for Survivors to File Civil Lawsuits,"An Act amending Title 42 (Judiciary and Judicial Procedure) of the Pennsylvania Consolidated Statutes, in limitation of time, further providing for infancy, insanity or imprisonment; in matters affecting government units, further providing for exceptions to sovereign immunity and for exceptions to governmental immunity; and making a repeal.",keep
1,HB0027,2023_2024,2023-RS,Appropriates Funding for State K-12 Public Education System,"An Act amending the act of March 10, 1949 (P.L.30, No.14), known as the Public School Code of 1949, in preliminary provisions, further providing for Basic Education Funding Commission and for special provisions applicable to limited school years, establishing the Child Reunification Program in the Department of Education and providing for minimum number of days or hours, for public job posting database, for instructional vacancy data and for data transparency; in duties and powers of boards of school directors, further providing for additional schools and departments; in school finances, providing for school district budget timeline for 2024 and for procedure for securing approval of electors; in grounds and buildings, further providing for limitation on new applications for Department of Education approval of public school building projects; in school directors' associations and county boards of school directors, further providing for powers and duties; in intermediate units, further providing for visual services and for school safety and security enhancements; in professional employees, repealing provisions relating to religious garb, insignia, etc., prohibited and penalty; in certification of teachers, further providing for substitute teaching permit for prospective teachers, for locally issued temporary certification for substitute teachers and for permit for classroom monitors; providing for Educator Pipeline Support Grant Program; in pupils and attendance, further providing for compulsory education of physical defectives, for dependent children, for cost of tuition and maintenance of certain exceptional children in approved institutions, for payment of cost of tuition and maintenance of certain exceptional children, for transfer of funds for transferal programs and for children under six with defective hearing and parent or guardian advised of schools, etc.; in safe schools, further providing for definitions and for Office for Safe Schools, repealing provisions relating to regulations and to reporting, further providing for policy relating to bullying and for maintenance of records, repealing provisions relating to safe schools advocate in school districts of the first class, to standing, to enforcement and to construction of article and other laws; in school safety and security, further providing for definitions and for School Safety and Security Committee, providing for duties of committee, further providing for School Safety and Security Grant Program, providing for Targeted School Safety Grants for Nonpublic Schools and School Entities Program, for standardized protocols, for county safe schools' collaborative and for school mental health grants for 2023-2024 school year, further providing for school safety and security coordinator training and providing for reporting and memorandum of understanding, for safe schools advocate in school districts of the first class and for enforcement; in school security, further providing for definitions, for school police officers, for annual report and for school security guards; in school health services, further providing for dental examinations and dental hygiene services and providing for eating disorder awareness and education; in drug and alcohol recovery high school program, providing for enrollment of students; in terms and courses of study, providing for calculation of average daily membership for a dual credit course and further providing for Economic Education and Personal Financial Literacy Programs; in early learning programs, providing for quarterly meetings; in character education program, further providing for character education program; providing for the Dual Credit Innovation and Equity Grant Program; in high schools, further providing for attendance in other districts; in community colleges, further providing for financial program and reimbursement of payments; in educational tax credits, further providing for qualification and application by organizations, for limitations and for low-achieving schools; in school districts of the first class, further providing for qualifications of principals and teachers; in funding for public libraries, providing for State aid for fiscal year 2023-2024; in credit card marketing, further providing for regulation of on-campus credit card marketing; in reimbursements by Commonwealth and between school districts, further providing for definitions and for payments on account of pupils enrolled in career and technical curriculums, providing for Level-Up Supplement for 2022-2023 school year, further providing for payments on account of courses for exceptional children, for payments to intermediate units, for assistance to school districts declared to be in financial recovery status or identified for financial watch status, for payments, for payments on account of pupil transportation, for Ready-to-Learn Block Grant and for payment of required contribution for public school employees' Social Security; in construction and renovation of buildings by school entities, further providing for applicability; providing for School Environmental Repairs Program; abrogating a regulation; and making an editorial change.",keep
1,HB0100,2023_2024,2023-RS,Authorizes Cross-Age Tutoring for Students in Lower Grades,"An Act amending the act of March 10, 1949 (P.L.30, No.14), known as the Public School Code of 1949, in terms and courses of study, providing for cross-age tutoring program.",keep
1,HB0109,2023_2024,2023-RS,Prohibits Companies from Charging Early Termination Fees Due to Death,An Act prohibiting fees for early termination of certain contracts upon death; providing for waiver of applicable fees; and imposing civil penalties.,keep
1,HB0115,2023_2024,2023-RS,Amends and Simplifies Heir Estates,"An Act amending Title 20 (Decedents, Estates and Fiduciaries) of the Pennsylvania Consolidated Statutes, in dispositions independent of letters, family exemption, probate of wills and grant of letters, further providing for payments to family and funeral directors.",keep
1,HB0148,2023_2024,2023-RS,Establishes Educational Tools to Spot Warning Signs of Eating Disorders,"An Act amending the act of March 10, 1949 (P.L.30, No.14), known as the Public School Code of 1949, in school health services, providing for eating disorder awareness and education.",keep
1,HB0155,2023_2024,2023-RS,Repeals Requirements that Face-to-Face Interviews be Conducted In Person,"An Act amending the act of July 19, 1979 (P.L.130, No.48), known as the Health Care Facilities Act, in licensing of health care facilities, further providing for consumer protections; and abrogating a regulation.",keep
1,HB0254,2023_2024,2023-RS,Establishes the Lake Erie Energy Development Act,"An Act authorizing the Department of Environmental Protection, in consultation with the Department of General Services to lease certain submerged lands within Erie County and associated wind, water and solar resources for the assessment, development, construction and operation of utility scale offshore wind, solar or kinetic energy generation facilities; providing for collection of certain lease and royalty payments; establishing the Lake Erie Large-Scale Energy System Development Fund; and providing for distributions and transfers from the fund.",keep
1,HB0255,2023_2024,2023-RS,"Authorizes Penalties to be Imposed for ""Blighted"" Properties","An Act amending Title 53 (Municipalities Generally) of the Pennsylvania Consolidated Statutes, in neighborhood blight reclamation and revitalization, providing for Municipal Codes Enforcement Grant Program; providing for county property maintenance code; and imposing penalties.",keep
1,HB0269,2023_2024,2023-RS,Requires DD-214s be Inaccessible to Anyone Other than a Veteran or an Immediate Family Member,"An Act amending Title 16 (Counties) of the Pennsylvania Consolidated Statutes, consolidating the act of April 8, 1868 (P.L.73, No.37), entitled ""An act to authorize the recorder of deeds in the several counties of this Commonwealth to record the discharges of all honorably discharged officers and soldiers""; and making a repeal.",keep
1,HB0299,2023_2024,2023-RS,Extends OSHA Protections for Public Workers in the State,An Act providing for workplace health and safety standards for public employees; providing for powers and duties of the Secretary of Labor and Industry; establishing the Pennsylvania Occupational Safety and Health Review Board; providing for workplace inspections; and imposing penalties.,keep
1,HB0301,2023_2024,2023-RS,Appropriates Millions for Various State Education Funding Costs,"An Act amending the act of March 10, 1949 (P.L.30, No.14), known as the Public School Code of 1949, in preliminary provisions, further providing for special provisions applicable to limited school years; in duties and powers of board of school directors, further providing for additional schools and departments; in grounds and buildings, further providing for limitation on new applications for Department of Education approval of public school building projects; in school directors' associations and county boards of school directors, further providing for powers and duties; in intermediate units, further providing for visual services and for school safety and security enhancements; in certification of teachers, further providing for substitute teaching permit for prospective teachers and for locally issued temporary certification for substitute teachers, repealing provisions relating to permit for classroom monitors and providing for permit for classroom monitors; providing for the Educator Pipeline Support Grant Program; in pupils and attendance, further providing for compulsory education of physical defectives, for school lunch and breakfast reimbursement, for dependent children, for actual cost of tuition and maintenance of certain exceptional children in the four chartered schools for education of the deaf and the blind, for payment of cost of tuition and maintenance of certain exceptional children, for transfer of funds for transferal programs and for children under six with defective hearing and parent or guardian advised of schools, etc.; in safe schools, further providing for definitions and for Office for Safe Schools, repealing provisions relating to regulations and to reporting, further providing for policy relating to bullying and for maintenance of records and repealing provisions relating to Safe Schools Advocate in School Districts of the First Class, to standing, to enforcement and to construction of article and other laws; in school safety and security, further providing for definitions and for school safety and security committee, providing for duties of committee, further providing for School Safety and Security Grant Program, providing for Targeted School Safety Grants for Nonpublic Schools and School Entities Program, for standardized protocols, for county safe schools' collaborative and for school mental health grants for 2023-2024 school year, further providing for school safety and security coordinator training and providing for reporting and memorandum of understanding, for safe schools advocate in school districts of the first class and for enforcement; in school security, further providing for definitions, for school police officers, for annual report and for school security guards; in character education program, further providing for character education program; in community colleges, further providing for financial program and reimbursement of payments; in educational tax credits, further providing for definitions, for qualification and application by organizations and for limitations; in school districts of the first class, further providing for qualifications of principals and teachers; in funding for public libraries, providing for State aid for fiscal year 2023-2024; in reimbursements by Commonwealth and between school districts, further providing for definitions and for payments on account of pupils enrolled in career and technical curriculums, for payments on account of courses for exceptional children, for payments to intermediate units, for assistance to school districts declared to be in financial recovery status or identified for financial watch status, for payments, for payments on account of pupil transportation, for Ready-to-Learn Block Grant and for payment of required contribution for public school employees' Social Security; in construction and renovation of buildings by school entities, further providing for applicability; providing for School Environmental Repairs Program; and making an editorial change.",keep
1,HB0416,2023_2024,2023-RS,Prohibits Remote Stalking,"An Act amending Title 18 (Crimes and Offenses) of the Pennsylvania Consolidated Statutes, in assault, further providing for the offense of stalking.",keep
1,HB0479,2023_2024,2023-RS,Establishes Taxpayer-Funded Private School Tuition Vouchers for Children in Low-Performing School Districts,"An act amending the act of April 9, 1929 (P.L.343, No.176), known as The Fiscal Code, in Treasury Department, establishing the
 Pennsylvania Award for Student Success Scholarship Program
 and the Pennsylvania Award for Student Success Scholarship
 Fund; and providing for 2023-2024 budget implementation.",keep
1,HB0494,2023_2024,2023-RS,Establishes Safety Standards for Carbon Monoxide Alarms in Childcare Centers,An Act providing standards for carbon monoxide alarms in child care centers and family child care homes; and imposing penalties.,keep
1,HB0611,2023_2024,2023-RS,Appropriates Funding for the General Budget for the State of Pennsylvania,"An Act to provide appropriations from the General Fund for the expenses of the Executive, Legislative and Judicial Departments of the Commonwealth, the public debt and the public schools for the fiscal year July 1, 2023, to June 30, 2024, and for the payment of bills incurred and remaining unpaid at the close of the fiscal year ending June 30, 2023; to provide appropriations from special funds and accounts to the Executive and Judicial Departments for the fiscal year July 1, 2023, to June 30, 2024, and for the payment of bills remaining unpaid at the close of the fiscal year ending June 30, 2023; to provide for the appropriation of Federal funds to the Executive and Judicial Departments for the fiscal year July 1, 2023, to June 30, 2024, and for the payment of bills remaining unpaid at the close of the fiscal year ending June 30, 2023; and to provide for the additional appropriation of Federal and State funds to the Executive and Legislative Departments for the fiscal year July 1, 2022, to June 30, 2023, and for the payment of bills incurred and remaining unpaid at the close of the fiscal year ending June 30, 2022.",keep
1,HB0636,2023_2024,2023-RS,"Prohibits Hidden or ""Junk"" Fees in All Online Sales and Advertising","An Act amending the act of December 17, 1968 (P.L.1224, No.387), known as the Unfair Trade Practices and Consumer Protection Law, further providing for definitions and for unlawful acts or practices and exclusions.",keep
1,HB0663,2023_2024,2023-RS,"Establishes New Guidelines for Students, Families, and School Districts During Residency Disputes","An Act amending the act of March 10, 1949 (P.L.30, No.14), known as the Public School Code of 1949, in pupils and attendance, further providing for residence and right to free school privileges.",keep
1,HB0664,2023_2024,2023-RS,"Establishes a Women, Infants, and Children State Advisory Board","An Act establishing the Women, Infants and Children State Advisory Board.",keep
1,HB0666,2023_2024,2023-RS,"Repeals the ""At Will"" Employment Requirement for the State Housing Authority","An Act amending the act of May 28, 1937 (P.L.955, No.265), referred to as the Housing Authorities Law, further providing for organization of an authority.",keep
1,HB0714,2023_2024,2023-RS,Requires Background Checks for All Firearms,"An Act amending Title 18 (Crimes and Offenses) of the Pennsylvania Consolidated Statutes, in firearms and other dangerous articles, repealing provisions relating to sale or transfer of firearms, further providing for Pennsylvania State Police and providing for duty to report to United States Immigration and Customs Enforcement.",keep
1,HB0760,2023_2024,2023-RS,Establishes Greater Access to Worker's Compensation,"An Act amending the act of June 2, 1915 (P.L.736, No.338), known as the Workers' Compensation Act, in liability and compensation, further providing for compensation payable in periodical installments.",keep
1,HB0777,2023_2024,2023-RS,Prohibits the Sale of Ghost Guns and Establishes Penalties,"An Act amending Title 18 (Crimes and Offenses) of the Pennsylvania Consolidated Statutes, in firearms and other dangerous articles, further providing for definitions and providing for the offense of sale of firearm or firearm parts without serial numbers and for privately made firearms.",keep
1,HB0797,2023_2024,2023-RS,Requires the Department of Transportation Plant Vegetation Native to Pennsylvania,"An Act amending the act of June 1, 1945 (P.L.1242, No.428), known as the State Highway Law, in construction, improvement, maintenance and repair of State highways, providing for native vegetation along highways.",keep
1,HB0815,2023_2024,2023-RS,Requires All Candidates for Public Office File Online Campaign Finance Reports,"An Act amending the act of June 3, 1937 (P.L.1333, No.320), known as the Pennsylvania Election Code, in primary and election expenses, further providing for reporting by candidate and political committees and other persons, for late contributions and independent expenditures, for oath of compliance, perjury, disqualification from office and commercial use, for residual funds and for place of filing, providing for manner of filing and for inability to file reports or statements electronically by deadline and further providing for late filing fee and certificate of filing, for additional powers and duties of the Secretary of the Commonwealth and for reports by business entities and publication by Secretary of the Commonwealth.",keep
1,HB0829,2023_2024,2023-RS,Amends State Laws Related to Liquor Regulation and Licensing in Pennsylvania,"An Act amending the act of April 12, 1951 (P.L.90, No.21), known as the Liquor Code, in preliminary provisions, further providing for definitions;
 in Pennsylvania liquor stores, further providing for sales by
 Pennsylvania liquor stores;
 in licenses and regulations and liquor, alcohol and malt and brewed beverages, further providing for sales by liquor licensees and restrictions, for interlocking business prohibited and for relating to liquor and alcohol (not including manufacturers),
 for extension of licensed service area and issuance of off-premises catering permits, for malt and brewed beverages
 manufacturers', distributors' and importing distributors'
 licenses, for interlocking business prohibited relating to
 malt and brewed beverages (including manufacturers) and for
 Pennsylvania Malt and Brewed Beverages Industry Promotion
 Board, repealing provisions relating to surrender of club
 licenses for benefit of licensees and further providing for
 surrender of restaurant, eating place retail dispenser,
 hotel, importing distributor and distributor license for
 benefit of licensee, for Pennsylvania Wine Marketing and
 Research Program Board, for unlawful acts relative to malt or
 brewed beverages and licensees, for hours of operation
 relative to manufacturers, importing distributors and
 distributors, for unlawful acts relative to liquor, malt and
 brewed beverages and licensees and for premises to be vacated
 by patrons; and, in distilleries, wineries, bonded
 warehouses, bailees for hire and transporters for hire,
 further providing for limited distilleries and distilleries
 and providing for Pennsylvania Distilled Spirits Industry
 Promotion Board.",keep
1,HB0847,2023_2024,2023-RS,Authorizes Election Officials to Begin Counting Mail-In Ballots 7 Days Before an Election,"An Act amending the act of June 3, 1937 (P.L.1333, No.320), known as the Pennsylvania Election Code, in voting by qualified absentee electors, further providing for canvassing of official absentee ballots and mail-in ballots; and, in Election Integrity Grant Program, further providing for funding for elections.",keep
1,HB0849,2023_2024,2023-RS,Appropriates $100 Million in Funding for Mental Health Services,"An Act amending the act of April 9, 1929 (P.L.343, No.176), known as The Fiscal Code, in emergency COVID-19 response, providing for adult mental health program funding; in 2022-2023 budget implementation, repealing provisions relating to Department of Human Services; and making appropriations.",keep
1,HB0851,2023_2024,2023-RS,Appropriates Funding for Public Schools to Distribute Menstrual Hygiene Products Free to Students,"An Act amending the act of March 10, 1949 (P.L.30, No.14), known as the Public School Code of 1949, in school health services, providing for Menstrual Hygiene Products Accessibility Grant Program; and making an appropriation.",keep
1,HB0863,2023_2024,2023-RS,Reduces Physical Fitness Standards for Police Training,"An Act amending Title 53 (Municipalities Generally) of the Pennsylvania Consolidated Statutes, in employees, further providing for powers and duties of commission.",keep
1,HB0897,2023_2024,2023-RS,Expands Programs Related to Higher Education Institutions and Outlines Protocol for Credits Needed when a Student  ...,"An Act amending the act of March 10, 1949 (P.L.30, No.14), known as the Public School Code of 1949, in transfers of credits between
 institutions of higher education, further providing for
 definitions and for duties of public institutions of higher
 education, providing for guaranteed admission and further
 providing for applicability; in higher education
 accountability and transparency, further providing for
 definitions and providing for transparency and
 accountability; in miscellaneous provisions relating to
 institutions of higher education, providing for Dual Credit
 Innovation Grant Program; providing for institutions of
 higher education and for coordination of higher education;
 and making editorial changes.",keep
1,HB1018,2023_2024,2023-RS,Authorizes Extreme Risk Protection Orders,"An Act amending Titles 18 (Crimes and Offenses) and 42 (Judiciary and Judicial Procedure) of the Pennsylvania Consolidated Statutes, in firearms and other dangerous articles, further providing for persons not to possess, use, manufacture, control, sell or transfer firearms and for abandonment of firearms, weapons or ammunition; in community and municipal courts, further providing for masters; adding provisions relating to extreme risk protection orders; imposing duties on the Office of Attorney General; and imposing penalties.",keep
1,HB1032,2023_2024,2023-RS,Appropriates Funding for School Solar Power,An Act establishing the Solar for Schools Grant Program; and providing for powers and duties of the Department of Community and Economic Development.,keep
1,HB1067,2023_2024,2023-RS,Authorizes Immigrant Teachers with Valid License Certification and Experience,"An Act amending the act of March 10, 1949 (P.L.30, No.14), known as the Public School Code of 1949, in professional employees, further providing for qualifications; and, in certification of teachers, further providing for State certificates.",keep
1,HB1085,2023_2024,2023-RS,Appropriates Funding for the State Public Defenders Office,"An Act amending the act of November 22, 1978 (P.L.1166, No.274), referred to as the Pennsylvania Commission on Crime and Delinquency Law, providing for Indigent Defense Advisory Committee; and establishing the Indigent Defense Grant Program.",keep
1,HB1086,2023_2024,2023-RS,Requires the Department of Military and Veterans Affairs to Submit a Report on Registered Veterans,"An Act amending Title 51 (Military Affairs) of the Pennsylvania Consolidated Statutes, in Department of Military Affairs, further providing for veterans registry; and making an editorial change.",keep
1,HB1092,2023_2024,2023-RS,Authorizes Second Chance Certification for Disqualified Truck Drivers,"An Act amending Title 75 (Vehicles) of the Pennsylvania Consolidated Statutes, in commercial drivers, further providing for disqualification.",keep
1,HB1131,2023_2024,2023-RS,Establishes the Pennsylvania Department of Health,"An Act amending the act of April 27, 1905 (P.L.312, No.218), entitled ""An act creating a Department of Health, and defining its powers and duties,"" further providing for State health centers; and making editorial changes.",keep
1,HB1140,2023_2024,2023-RS,Requires Insurance Programs to Provide Coverage for Contraception,An Act providing for access to contraceptives; imposing duties on the Insurance Department and the Department of Human Services; and imposing penalties.,keep
1,HB1210,2023_2024,2023-RS,Authorizes Animals to be Included in Protection from Abuse Orders,"An Act amending Title 23 (Domestic Relations) of the Pennsylvania Consolidated Statutes, in protection from abuse, further providing for relief, for emergency relief by minor judiciary and for arrest for violation of order.",keep
1,HB1259,2023_2024,2023-RS,Establishes the Pennsylvania Child and Dependent Care Enhancement Tax Credit Program,"An Act amending the act of March 4, 1971 (P.L.6, No.2), known as the Tax Reform Code of 1971, in personal income tax, further providing for classes of income; and, in Pennsylvania Child and Dependent Care Enhancement Tax Credit Program, further providing for credit for child and dependent care employment-related expenses.",keep
1,HB1284,2023_2024,2023-RS,Authorizes Speed Cameras on Philadelphia's Roosevelt Avenue and Expands the Program,"An Act amending Title 75 (Vehicles) of the Pennsylvania Consolidated Statutes, in rules of the road in general, further providing for automated enforcement of failure to stop for school bus with flashing red lights, for automated speed enforcement systems in active work zones and for pilot program for automated speed enforcement system on designated highway and providing for automated speed enforcement study and for pilot program for automated speed enforcement systems in designated school zones; and imposing a penalty.",keep
1,HB1300,2023_2024,2023-RS,"Authorizes Funding for Home Repair Subsidies, Adult Mental Health Services, and Public Defenders","An Act amending the act of April 9, 1929 (P.L.343, No.176), known as The Fiscal Code, in emergency COVID-19 response, providing for
 declined and unclaimed allocations; providing for 911
 emergency communication services and for institutions of
 purely public charity; in Department of Revenue, providing
 for exclusion from classes of income; providing for indigent
 defense; in oil and gas wells, further providing for Oil and
 Gas Lease Fund; in transportation network companies, motor
 carrier companies and parking authority of a city of the
 first class, providing for designated municipal agent and
 authorized salvor for city of the first class; in human
 services, providing for medical assistance dental services
 and packages; providing for Attorney General, for
 Pennsylvania Long-Term Care Council, for Pennsylvania child
 and dependent care enhancement tax credit program and for
 additional keystone opportunity expansion zones; in special
 funds, further providing for funding; in additional special
 funds and restricted accounts, further providing for
 establishment of special fund and account, for use of fund
 and for distributions from Pennsylvania Race Horse
 Development Fund and repealing provisions relating to
 Enhanced Revenue Collection Account; in additional special
 funds and restricted accounts, further providing for
 definitions, for Sports Tourism and Marketing Account and for
 transfer of funds and providing for Service and
 Infrastructure Improvement Fund; in general budget
 implementation, further providing for executive offices, for
 Department of Agriculture, for Department of Community and
 Economic Development, for Department of Conservation and
 Natural Resources, for Department of Health, for Department
 of Human Services and for Pennsylvania State Police,
 providing for Commonwealth Financing Authority, further
 providing for Federal and Commonwealth use of forest land and
 for Multimodal Transportation Fund and repealing provisions
 relating to sales by distilleries; providing for 2023-2024
 budget implementation, for 2023-2024 restrictions on
 appropriations for funds and accounts, for 2023-2024 fund
 transfers and for prior year appropriations; making repeals;
 and making an editorial change.",keep
1,HB1305,2023_2024,2023-RS,Establishes Resources for Mental Health Behavioral Crisis Intervention,"An Act amending the act of June 13, 1967 (P.L.31, No.21), known as the Human Services Code, providing for behavioral health crisis intervention; and establishing the 988 Fund.",keep
1,HB1333,2023_2024,2023-RS,Amends the Stuffed Toy Manufacturing Act to Allow the Use of Recycled Materials,"An Act amending the act of July 25, 1961 (P.L.857, No.372), referred to as the Stuffed Toy Manufacturing Act, further providing for definitions, for manufacturing, for materials and for enforcement; and providing for labeling and for report.",keep
1,HB1378,2023_2024,2023-RS,Prohibits Use of Computer Software (Grinch Bots) to Bulk Purchase Tickets for Resale,"An Act amending the act of December 17, 1968 (P.L.1224, No.387), known as the Unfair Trade Practices and Consumer Protection Law, providing for online access control measures.",keep
1,HB1394,2023_2024,2023-RS,Prohibits Hair Discrimination,"An Act amending the act of October 27, 1955 (P.L.744, No.222), known as the Pennsylvania Human Relations Act, further providing for definitions.",keep
1,HB1409,2023_2024,2023-RS,"Expands the Fish and Boat Commission's Authority to Set License, Permit and Issuing Agent Fees","An Act amending Title 30 (Fish) of the Pennsylvania Consolidated Statutes, in Pennsylvania Fish and Boat Commission, further providing for power to set fees; and, in fishing licenses, further providing for license, permit and issuing agent fees.",keep
1,HB1416,2023_2024,2023-RS,Amends Cost of Living Adjustments for Pre-2001 School Retirees' Pensions,"An Act amending Titles 24 (Education) and 71 (State Government) of the Pennsylvania Consolidated Statutes, in membership, contributions and benefits, providing for supplemental annuity commencing 2023; and, in benefits, providing for supplemental annuity commencing 2023.",keep
1,HB1422,2023_2024,2023-RS,Requires Public Schools Report Spending for Paid Media Advertisements,"An Act amending the act of March 10, 1949 (P.L.30, No.14), known as the Public School Code of 1949,  in preliminary provisions, providing for advertising and sponsorships; in charter schools, further providing for definitions and for funding for charter schools, providing for funding for cyber charter schools, for cyber charter school requirements, for powers and composition of board of trustees and for educational management service providers, further providing for powers and duties of department and for assessment and evaluation, providing for annual reports and public reporting and for fund balance limits, further providing for cyber charter school requirements and prohibitions and for school district and intermediate unit responsibilities, providing for access to other schools' facilities, further providing for establishment of cyber charter school, providing for renewals, for charter amendments and for causes for nonrenewal, revocation or termination, further providing for State Charter School Appeal Board review, for cyber charter school application and for enrollment and notification, providing for enrollment parameters and for enrollee wellness checks and further providing for applicability of other provisions of this act and of other acts and regulations.",keep
1,HB1456,2023_2024,2023-RS,Appropriates $45 Billion for the State Budget,"An Act amending the act of August 3, 2023 (P.L.  , No.1A), known as the General Appropriation Act of 2023, adding appropriations to the Executive Offices, the Department of Education and the Department of Human Services and further providing for Supreme Court.",keep
1,HB1466,2023_2024,2023-RS,Increases Pennsylvanians' Freedom of Speech and Those Subject to Frivolous Lawsuits,"An Act amending Title 42 (Judiciary and Judicial Procedure) of the Pennsylvania Consolidated Statutes, in particular rights and immunities, providing for a cause of action on protected public expression and for immunity for protected public expression; and imposing a duty upon the Administrative Office of Pennsylvania Courts and the Legislative Reference Bureau.",keep
1,HB1490,2023_2024,2023-RS,Amends and Modernizes Pennsylvania's Acupuncture Law,"An Act amending the act of February 14, 1986 (P.L.2, No.2), known as the Acupuncture Licensure Act, further providing for definitions, for regulation of the practice of acupuncture, for penalties and for approval of acupuncture educational programs.",keep
1,HB1509,2023_2024,2023-RS,Authorizes Various Criminal Sentencing Regulations and Parole Guideline Reforms,"An Act amending Titles 42 (Judiciary and Judicial Procedure) and Title
 61 (Prisons and Parole) of the Pennsylvania Consolidated
 Statutes, in juvenile matters, providing for pregnant or
 postpartum restrictions, training, supports and reporting; in
 general administration relating to correctional institutions,
 further providing for State recording system relating to
 pregnant and postpartum incarcerated individuals or
 detainees; in county correctional institutions, further
 providing for establishment and for county recording system
 for pregnant and postpartum incarcerated individuals or
 detainees; repealing provisions relating to Department of
 Human Services facilities; and, in miscellaneous provisions
 relating to inmate confinement, further providing for healthy
 birth for incarcerated women, for cavity search and
 inspection restrictions, for training and education
 requirement and for postpartum recovery.",keep
1,HB1540,2023_2024,2023-RS,Requires the Commission for Agricultural Education Excellence to Have Certain Members,"An Act amending the act of March 10, 1949 (P.L.30, No.14), known as the Public School Code of 1949, in terms and courses of study, further providing for Commission for Agricultural Education Excellence.",keep
1,HB1573,2023_2024,2023-RS,Establishes the Historic and Older Building Redevelopment Assistance Grant Program,An Act providing for the redevelopment of historic and older buildings; and establishing the Historic and Older Building Redevelopment Assistance Grant Program and the Historic and Older Building Redevelopment Fund.,keep
1,HB1608,2023_2024,2023-RS,Requires Medical Assistance Reimbursement for Doula Services to Expecting Parents,"An Act amending the act of June 13, 1967 (P.L.31, No.21), known as the Human Services Code, in public assistance, providing for medical assistance coverage for doula services; and, in fraud and abuse control, further providing for third
 party liability and for data matching.",keep
1,HB1633,2023_2024,2023-RS,Prohibits Non-Compete Clauses in the Healthcare Industry,"An Act prohibiting the enforcement of certain noncompete covenants entered into by health care practitioners and employers and providing for a study by the Health Care Cost Containment
 Council.",keep
1,HB1658,2023_2024,2023-RS,Prohibits Speculative Ticketing Practices,"An Act amending the act of December 17, 1968 (P.L.1224, No.387), known as the Unfair Trade Practices and Consumer Protection Law, prohibiting speculative ticketing acts or practices.",keep
1,HB1664,2023_2024,2023-RS,Amends Rules and Regulations for Insurance Payment Plans,"An Act amending Title 40 (Insurance) of the Pennsylvania Consolidated Statutes, in regulation of insurers and related persons generally, providing for payment choice and for electronic notice of insurance practices; and imposing
 penalties.",keep
1,HB1700,2023_2024,2023-RS,Prohibits the Public Release of Any Personal Information of Federal Judges,"An Act amending Title 18 (Crimes and Offenses) of the Pennsylvania Consolidated Statutes, in assault, further providing for endangerment of public safety official.",keep
1,HB1716,2023_2024,2023-RS,Specifies Shareholder Rights in the Commonwealth of Pennsylvania,"An Act amending Title 15 (Corporations and Unincorporated Associations) of the Pennsylvania Consolidated Statutes, in entities generally, further providing for requirements for names generally and providing for registration of name of domestic nonfiling association; in entity transactions, further providing for nature of transactions and for approval by limited liability company; in foreign associations, further providing for foreign registration statement; in general provisions, further providing for definitions; in corporate powers, duties and safeguards, further providing for certain specifically authorized debt terms; in officers, directors and shareholders, further providing for derivative action; in foreign business corporations, further providing for application of article; in general provisions, further providing for definitions; in corporate powers, duties and safeguards, further providing for certain specifically authorized debt terms; in officers, directors and members, further providing for derivative action; in general partnerships, further providing for contents of partnership agreement; in limited partnerships, further providing for contents of partnership agreement and for derivative action; and, in limited liability companies, further providing for contents of operating agreement and for derivative action.",keep
1,HB1730,2023_2024,2023-RS,Amends the Real Estate Licensing and Registration Act,"An Act amending the act of February 19, 1980 (P.L.15, No.9), known as the Real Estate Licensing and Registration Act, in application of the act and penalties, further providing for exclusions.",keep
1,HB1820,2023_2024,2023-RS,Repeals Licensing Requirements for Natural Hair Braiders,"An Act amending the act of May 3, 1933 (P.L.242, No.86), referred to as the Cosmetology Law, further providing for definitions, for practice without license prohibited, for eligibility requirements for examination, for limited licenses, for requirements of a school of cosmetology, for practice in licensed salons only, for booth rental prohibited, for fees, for applicability, for duration and renewal of licenses and for penalties.",keep
1,HB1853,2023_2024,2023-RS,Requires the Department of Health to Hold Meetings With Long-Term Care Nursing Facilities,"An Act amending the act of July 19, 1979 (P.L.130, No.48), known as the Health Care Facilities Act, in licensing of health care facilities, further providing for administration.",keep
1,HB1889,2023_2024,2023-RS,Amends and Reforms Electronic Billing,"An Act amending Title 3 (Agriculture) of the Pennsylvania Consolidated Statutes, in weights and measures, further providing for meter required.",keep
1,HB1990,2023_2024,2023-RS,Authorizes School Nurse Training to Treat Seizures,"An Act amending the act of March 10, 1949 (P.L.30, No.14), known as the Public School Code of 1949, in school health services, further providing for seizure recognition and related first aid training.",keep
1,HB1993,2023_2024,2023-RS,Amending the Pharmacy Audit Integrity and Transparency Act,"An Act amending the act of November 21, 2016 (P.L.1318, No.169), known as the Pharmacy Audit Integrity and Transparency Act, further providing for title of act; in preliminary provisions, further providing for short title, for scope of act and for definitions and providing for regulations; in pharmacy audits, further providing for limitations; in registration, further providing for PBM and auditing entity registration; providing for pharmacy benefits manager contracts; in PBM cost transparency requirements, providing for PBM transparency report required, repealing provisions relating to regulations and providing for PSAO reporting requirements; in enforcements, further providing for scope of enforcement authority; providing for pharmacy services; and making repeals.",keep
1,HB2084,2023_2024,2023-RS,Authorizes Virtual Manufacturers Licenses for Drug Prescription Distribution,"An Act amending the act of December 14, 1992 (P.L.1116, No.145), known as the Wholesale Prescription Drug Distributors License Act, further providing for definitions, for license application and for storage, handling and recordkeeping.",keep
1,HB2096,2023_2024,2023-RS,Specifies a Surplus Insurance Lines Fee Structure,"An Act amending the act of May 17, 1921 (P.L.682, No.284), known as The Insurance Company Law of 1921, in surplus lines, providing for surplus lines fees and further providing for monthly reports.",keep
1,HB2106,2023_2024,2023-RS,Authorizes Hunting on Sundays,"An Act amending Title 34 (Game) of the Pennsylvania Consolidated Statutes, in hunting and furtaking, repealing provisions relating to hunting on Sunday prohibited, providing for temporary Sunday hunting authorized and for hunting and training on Sunday, repealing provisions relating to trespass on private property while hunting and to hunting on Sunday without written permission, providing for the offense of trespass on private land while hunting or furtaking and for the offense of hunting, trapping or taking game or wildlife without written permission and further providing for training dogs on small game; in special licenses and permits, further providing for field dog trials; and imposing penalties.",keep
1,HB2107,2023_2024,2023-RS,Authorizes Hunting for Mitigation of Deer Population Damage,"An Act amending Title 34 (Game) of the Pennsylvania Consolidated Statutes, in enforcement, further providing for powers and duties of enforcement officers; and, in protection of property and persons, providing for mitigation of damage and for registry of responsible hunters.",keep
1,HB2108,2023_2024,2023-RS,Amends Provisions of the Pennsylvania Game Commission,"An Act amending Title 34 (Game) of the Pennsylvania Consolidated Statutes, in preliminary provisions, further providing for definitions; and, in Pennsylvania Game Commission, further providing for organization of commission, providing for prohibition and further providing for accountability.",keep
1,HB2127,2023_2024,2023-RS,Expands Screening and Support Care for Postpartum Depression,An Act requiring information relating to perinatal or postpartum mood and anxiety disorders and resources to be provided to pregnant patients; and providing for powers and duties of the Department of Health.,keep
1,HB2132,2023_2024,2023-RS,Establishes the Pennsylvania-Ireland Trade Commission,"An Act amending Title 12 (Commerce and Trade) of the Pennsylvania Consolidated Statutes, establishing the Pennsylvania-Ireland Trade Commission and the Pennsylvania-Ireland Trade Commission Fund; imposing duties on the Department of Community and Economic Development; providing for the Entertainment Economic Enhancement Program;
 making repeals; and making an editorial change.",keep
1,HB2137,2023_2024,2023-RS,Establishes a Maternal and Newborn Support Program for New Parents,"An Act amending Title 35 (Health and Safety) of the Pennsylvania Consolidated Statutes,  establishing the Maternal and Newborn Supply Kit Program; and imposing powers and duties on the Department of Health.",keep
1,HB2175,2023_2024,2023-RS,Amends the Human Services Code and Establishes the Office of Child Advocate,"An Act amending the act of June 13, 1967 (P.L.31, No.21), known as the Human Services Code, establishing the Office of Child Advocate; and imposing penalties.",keep
1,HB2180,2023_2024,2023-RS,Establishes a School Meal Debt Fund,"An Act amending the act of March 10, 1949 (P.L.30, No.14), known as the Public School Code of 1949, in pupils and attendance, further providing for Nonprofit School Food Program and providing for School Meal Debt Fund; and making appropriations.",keep
1,HB2185,2023_2024,2023-RS,Requires the Department of Education Distribute Diabetes Fact Sheets to Parents and Guardians,"An Act amending the act of March 10, 1949 (P.L.30, No.14), known as the Public School Code of 1949, in school health services, providing for type 1 diabetes education parental notification.",keep
1,HB2241,2023_2024,2023-RS,Establishes a Disposal Protocol for Batteries To Encourage Recycling and Establishes Penalties for Improper Dispos ...,"An Act amending Title 27 (Environmental Resources) of the Pennsylvania Consolidated Statutes, providing for portable battery stewardship and establishing requirements for Battery Stewardship Plans; imposing duties on the Department of Environmental Protection; and imposing penalties.",keep
1,HB2266,2023_2024,2023-RS,Increases Fines for Street Racing,"An Act amending Title 75 (Vehicles) of the Pennsylvania Consolidated Statutes, in rules of the road in general, further providing for racing on highways; in enforcement, further providing for disposition of impounded vehicles, combinations and loads; in penalties and disposition of fines, further providing for subsequent convictions of certain offenses; imposing penalties; and making editorial changes.",keep
1,HB2268,2023_2024,2023-RS,Requires Casualty Insurance Provide Speech Therapy Coverage for Stuttering,"An Act amending the act of May 17, 1921 (P.L.682, No.284), known as The Insurance Company Law of 1921, in casualty insurance, providing for speech therapy for stuttering.",keep
1,HB2269,2023_2024,2023-RS,Establishes and Codifies Same-Sex Marriage into State Law,"An Act amending Title 23 (Domestic Relations) of the Pennsylvania Consolidated Statutes, in preliminary provisions relating to marriage, further providing for definitions; and, in miscellaneous provisions relating to marriage, repealing provisions relating to marriage between persons of the same sex.",keep
1,HB2310,2023_2024,2023-RS,Amends the Fiscal Code in Emergency Response to COVID-19,"An Act amending the act of April 9, 1929 (P.L.343, No.176), known as The Fiscal Code, in emergency COVID-19 response, further
 providing for emergency education relief to nonpublic schools; providing for State Health Insurance Exchange
 Affordability Program; in Treasury Department, further
 providing for investment of moneys; in oil and gas wells,
 further providing for Oil and Gas Lease Fund; in
 transportation network companies, motor carrier companies and
 parking authority of a city of the first class; providing for
 operation of taxicabs; in assessments, further providing for
 intermediate care facilities for persons with an intellectual
 disability assessments and for hospital assessments; in
 Attorney General, providing for costs of investigation and
 litigation under Unfair Trade Practices and Consumer
 Protection Law; providing for Pennsylvania Minority Business
 Development Authority and for Agriculture Innovation Grant
 Program; in special funds, providing for Pennsylvania
 Convention Center; in Tobacco Settlement Fund, further
 providing for establishment of special fund and account and
 for use of fund; in Pennsylvania Race Horse Development Fund,
 further providing for distributions from Pennsylvania Race
 Horse Development Fund; in miscellaneous limitations and
 transfers, providing for refund of 2009 assessment by
 Insurance Department; in Clean Streams Funds, further
 providing for Clean Streams Fund; in Service and
 Infrastructure Improvement Fund, further providing for
 deposits; in general budget implementation, further providing
 for Executive Offices, for Department of Agriculture, for
 Department of Community and Economic Development, for
 Department of General Services, for Department of Labor and
 Industry, for Pennsylvania Emergency Management Agency and
 for Commonwealth Financing Authority, providing for Mixed-Use
 Revitalization Program, further providing for Supreme Court,
 for Federal and Commonwealth use of forest land and for
 Multimodal Transportation Fund and providing for School
 Safety and Security Fund; in 2023-2024 budget implementation,
 further providing for Department of Human Services and for
 Department of Transportation; providing for 2024-2025 budget
 implementation, for 2024-2025 restrictions on appropriations
 for funds and accounts, for Streamlining Permits for Economic
 Expansion and Development Program, for Pennsylvania Strategic
 Investment to Enhance Sites (PA SITES) Program and for fiscal
 supplements to statutory programs; making repeals; and making
 an editorial change.",keep
1,HB2339,2023_2024,2023-RS,Increases Hospital Pricing Transparency,"An Act amending the act of July 19, 1979 (P.L.130, No.48), known as the Health Care Facilities Act, providing for hospital price transparency and for prohibition on collection action of debt against patients for noncompliant hospitals.",keep
1,HB2370,2023_2024,2023-RS,Establishes a New System for the Funding of Public Education,"An Act amending the act of March 10, 1949 (P.L.30, No.14), known as the Public School Code of 1949, in preliminary provisions, providing for advertising and sponsorships; in charter schools, further providing for definitions, for charter school requirements and for funding for charter schools, providing for funding for cyber charter schools, for cyber charter school requirements, for powers and composition of board of trustees and for educational management service providers, further providing for powers and duties of department and for assessment and evaluation, providing for annual reports and public reporting and for fund balance limits, further providing for cyber charter school requirements and prohibitions and for school district and intermediate unit responsibilities, providing for access to other schools' facilities, further providing for establishment of cyber charter school, providing for renewals, for charter amendments and for causes for nonrenewal, revocation or termination, further providing for State Charter School Appeal Board review, for cyber charter school application and for enrollment and notification, providing for enrollment parameters and for enrollee wellness checks and further providing for applicability of other provisions of this act and of other acts and regulations; and, in reimbursements by Commonwealth and between school districts, further providing for student-weighted basic education funding, providing for adequacy and tax equity supplements and for accountability to Commonwealth taxpayers and further providing for Pennsylvania accountability grants.",keep
1,HB2378,2023_2024,2023-RS,Amends and Defines Pharmaceutical Assistance for the Elderly,"An Act amending the act of August 26, 1971 (P.L.351, No.91), known as the State Lottery Law, in pharmaceutical assistance for the elderly, further providing for definitions.",keep
1,HB2383,2023_2024,2023-RS,"Establishes a Program of Retired Volunteers Willing to Share Life Lessons, Experience and Hobbies with Students","An Act establishing the Older Adult Mentor Volunteer Program; and providing for duties of the Department of Education, the State Board of Education, intermediate units and public school entities.",keep
1,HB2420,2023_2024,2023-RS,Appropriates Funding for Grants to Serve Local Produce in School Meals,"An Act establishing the Keystone Fresh Program; providing for the Fresh Schools Grant Program, for the Keystone Producer Grant Program, for the Keystone Assistance Grant Program and for the administration of the Keystone Fresh Program by the Department of Education and the Department of Agriculture; and establishing the Keystone Fresh Fund.",keep
1,HB2433,2023_2024,2023-RS,Prohibits Foreign-Influenced Corporations from Influencing Elections,"An Act amending the act of June 3, 1937 (P.L.1333, No.320), known as the Pennsylvania Election Code, providing for corporate political contributions; and imposing penalties.",keep
1,HB2473,2023_2024,2023-RS,Amends the Pennsylvania Election Code and Outlines the Process for Appeals to the Court and County Board Membership,"An Act amending the act of June 3, 1937 (P.L.1333, No.320), known as the Pennsylvania Election Code, in returns of primaries and elections, further providing for appeals to court from decisions of the county board and for Secretary of the Commonwealth to tabulate, compute and canvass returns; and, in recounts and contests, further providing for entry and effect of decision and providing for appeal.",keep
1,HB2481,2023_2024,2023-RS,Establishes a Framework for Transactions Involving Crypto and Digital Assets,An Act providing for restriction on use and custody of digital assets prohibited and for use of nodes authorized.,keep
1,HB2536,2023_2024,2023-RS,Requires Property Tax Freezes for Homeowners,"A Joint Resolution proposing an amendment to the Constitution of the Commonwealth of Pennsylvania, further providing for exemptions and special provisions.",keep
1,HB2561,2023_2024,2023-RS,Expands the Federal Horse Racing Integrity and Safety Act,"An Act amending Title 3 (Agriculture) of the Pennsylvania Consolidated Statutes, in race horse industry reform, further providing for State Horse Racing Commission.",keep
1,HB2562,2023_2024,2023-RS,Prohibits Insurers from Setting Annual or Lifetime Limits on the Cost of Care,"An Act providing for health care insurance coverage protections, for duties of the Insurance Department and the Insurance Commissioner, for regulations, for enforcement and for penalties.",keep
1,HB2563,2023_2024,2023-RS,Authorizes Adult Children to Remain on a Parent's Private Health Plan Up to Age 26,"An Act amending the act of May 17, 1921 (P.L.682, No.284), known as The Insurance Company Law of 1921, in casualty insurance, further providing for conditions subject to which policies are to be issued and for health insurance coverage for certain children of insured parents.",keep
1,HB2564,2023_2024,2023-RS,Prohibits Insurers from Denying or Excluding Coverage Due to Preexisting Conditions,An Act providing for health insurance access protections; imposing duties on the Insurance Department and the Insurance Commissioner; and imposing penalties.,keep
1,HB2625,2023_2024,2023-RS,Increases State Funding Transfers for Public Transportation,An Act providing for Public Transportation Trust Fund transfers and increases.,keep
1,HR0318,2023_2024,NA,Requires the Legislative Budget and Finance Committee Conduct a Study on the Pennsylvania Interscholastic Athletic ...,NA,keep
1,HR0566,2023_2024,NA,"Establishes August 4, 2025, as BAPS Day in Pennsylvania",NA,keep
1,SB0001,2023_2024,2023-RS,Authorizes Constitutional Amendment Requiring Valid Identification When Voting,"A Joint Resolution proposing an amendment to the Constitution of the Commonwealth of Pennsylvania, further providing for courts to be open and suits against the Commonwealth.",keep
1,SB0007,2023_2024,2023-RS,Authorizes Parents to Review Explicit materials in Schools,"An Act amending the act of March 10, 1949 (P.L.30, No.14), known as the Public School Code of 1949, in terms and courses of study, providing for parental control relating to instructional materials and books containing sexually explicit content.",keep
1,SB0008,2023_2024,2023-RS,Repeals All Patient's Share Costs Associated with Mammograms and Screenings for Breast and Ovarian Cancers,"An Act amending the act of May 17, 1921 (P.L.682, No.284), known as The Insurance Company Law of 1921, in casualty insurance, further providing for coverage for mammographic examinations and diagnostic breast imaging and providing for coverage for BRCA-related genetic counseling and genetic testing.",keep
1,SB0024,2023_2024,2023-RS,Requires Automatic Return of Unclaimed Property,"An Act amending the act of April 9, 1929 (P.L.343, No.176), known as The Fiscal Code, in disposition of abandoned and unclaimed property, further providing for claim for property paid or delivered.",keep
1,SB0035,2023_2024,2023-RS,Repeals the Automatic Gas Tax Increase for 2023 and Permanently Sets the Wholesale Price of Gas at $2.99 Per Gallon,"An Act amending Title 75 (Vehicles) of the Pennsylvania Consolidated Statutes, in liquid fuels and fuels tax, further providing for definitions.",keep
1,SB0037,2023_2024,2023-RS,Prohibits Distracted Driving and Establishes Penalties,"An Act amending Title 75 (Vehicles) of the Pennsylvania Consolidated Statutes, in general provisions, further providing for definitions; in licensing of drivers, further providing for learners' permits and for examination of applicant for driver's license; in rules of the road in general, further providing for prohibiting text-based communications and providing for prohibiting use of interactive mobile device; in miscellaneous provisions relating to serious traffic offenses, further providing for the offense of homicide by vehicle and for the offense of aggravated assault by vehicle; in enforcement, providing for data collection and reporting relating to traffic stops; and imposing penalties.",keep
1,SB0067,2023_2024,2023-RS,Repeals Provisions that Prohibited Hunting on Sundays,"An Act amending Title 34 (Game) of the Pennsylvania Consolidated Statutes, in Pennsylvania Game Commission, further providing for organization of commission; in game or wildlife protection, further providing for report to commission officer and for surrender of carcass to commission officer; in hunting and furtaking, repealing provisions relating to hunting on Sunday prohibited, providing for hunting on Sunday and further providing for unlawful devices and methods, for the offense of trespass on private property while hunting and for hunting on Sunday without written permission; and, in special licenses and permits, providing for agriculture access permit list.",keep
1,SB0084,2023_2024,2023-RS,Authorizes Teacher Religious Garb in Schools,"An Act amending the act of March 10, 1949 (P.L.30, No.14), known as the Public School Code of 1949, in professional employees, repealing provisions relating to religious garb, insignia, etc., prohibited and penalty.",keep
1,SB0140,2023_2024,2023-RS,Authorizes the State Attorney General to Appoint a Special Prosecutor for South Eastern Pennsylvania Transportatio ...,"An Act amending Title 74 (Transportation) of the Pennsylvania Consolidated Statutes, in metropolitan transportation authorities, providing for special prosecutor for mass transit.",keep
1,SB0153,2023_2024,2023-RS,Exempts Milk Haulers from Travel Bans,"An Act amending Title 75 (Vehicles) of the Pennsylvania Consolidated Statutes, in size, weight and load, further providing for permit for movement during course of manufacture; and, in powers of department and local authorities, further providing for power of Governor during emergency.",keep
1,SB0169,2023_2024,2023-RS,Amends Juvenile Statutes in Pennsylvania,"An Act amending Title 42 (Judiciary and Judicial Procedure) of the Pennsylvania Consolidated Statutes, in juvenile matters, further providing for limitation on and change in place of commitment; and making editorial changes.",keep
1,SB0170,2023_2024,2023-RS,Amends Criminal Statutes Governing the Duties of Probation Officers,"An Act amending Titles 18 (Crimes and Offenses) and 42 (Judiciary and Judicial Procedure) of the Pennsylvania Consolidated Statutes, in criminal history record information, further providing for juvenile records; and, in juvenile matters, further providing for powers and duties of probation officers, for informal adjustment, for consent decree, for adjudication, for disposition of delinquent child and for powers and duties.",keep
1,SB0173,2023_2024,2023-RS,Establishes a Safe Exchange Zone Program,"An Act amending Title 53 (Municipalities Generally) of the Pennsylvania Consolidated Statutes, providing for Safe Exchange Zone Program.",keep
1,SB0186,2023_2024,2023-RS,Amends Definition and Titles of Child Pornography to Child Sexual Abuse Material,"An Act amending Titles 18 (Crimes and Offenses), 42 (Judiciary and Judicial Procedure) and 61 (Prisons and Parole) of the Pennsylvania Consolidated Statutes, in limitation of time, further providing for infancy, insanity or imprisonment; in matters affecting government units, further providing for exceptions to sovereign immunity and for exceptions to governmental immunity; making a repeal; and making editorial changes to replace references to the term ""child pornography"" with references to the term ""child sexual abuse material.""",keep
1,SB0190,2023_2024,2023-RS,Defines and Provides for Existing Regulatory Practices,"An Act amending the act of June 25, 1982 (P.L.633, No.181), known as the Regulatory Review Act, further providing for definitions and for existing regulations.",keep
1,SB0224,2023_2024,2023-RS,"Amends the Date of the Upcoming State Presidential Primary to April 2, 2024","An Act amending the act of June 3, 1937 (P.L.1333, No.320), known as the Pennsylvania Election Code, in dates of elections and primaries and special elections, further providing for general primary and candidates to be nominated and party officers to be elected and providing for school district budget timeline for 2024 and for procedure for securing approval of electors.",keep
1,SB0228,2023_2024,2023-RS,"Establishes a Process for Museums to Claim Property Rights on Abandoned, Unclaimed, or Undocumented Property",An Act providing for museum unclaimed loaned property.,keep
1,SB0232,2023_2024,2023-RS,Requires Parental Notification on Student Tick Removal and the Symptoms of Lyme Disease,"An Act amending the act of March 10, 1949 (P.L.30, No.14), known as the Public School Code of 1949, in school health services, further providing for health services.",keep
1,SB0245,2023_2024,2023-RS,Establishes New Rules Regarding Eligibility for Welfare Benefits,"An Act amending the act of June 13, 1967 (P.L.31, No.21), known as the Human Services Code, in public assistance, further providing for reports to General Assembly.",keep
1,SB0267,2023_2024,2023-RS,Expands the State Safe Haven Law,"An Act amending Titles 18 (Crimes and Offenses) and 23 (Domestic Relations) of the Pennsylvania Consolidated Statutes, in offenses against the family, further providing for newborn protection; in child protective services, further providing for definitions and for taking child into protective custody; and, in newborn protection, further providing for definitions and for incubators for newborns, providing for health care providers at urgent care centers accepting newborns and further providing for reporting acceptance of newborns, for immunity, for duty of hospital and for duties of department.",keep
1,SB0298,2023_2024,2023-RS,Authorizes Vehicles with Doors that can be Removed to Operate on the Road with Appropriate Certification,"An Act amending Title 75 (Vehicles) of the Pennsylvania Consolidated Statutes, in equipment standards, further providing for unlawful activities; in other required equipment, further providing for restraint systems; and abrogating regulations.",keep
1,SB0350,2023_2024,2023-RS,Amends and Reforms the State Permitting Process,"An Act providing for the administration of permits by State agencies, for a tracking system for permit applications, for the establishment of permit programs, for third-party review of permit decision delays and for annual reports; establishing the Pennsylvania Office of Transformation and Opportunity and the Economic Development Strategy Group; and providing for their powers and duties.",keep
1,SB0365,2023_2024,2023-RS,Authorizes Worker Compensation for Post-Traumatic Stress Disorder (PTSD) Injuries,"An Act amending the act of June 2, 1915 (P.L.736, No.338), known as the Workers' Compensation Act, in interpretation and definitions, further providing for definitions; and, in liability and compensation,  providing for compensation for post-traumatic stress injury.",keep
1,SB0403,2023_2024,2023-RS,Amends the Engineer's Registration Act to Remove Barriers to Becoming a Licensed Professional Engineer,"An Act amending the act of May 23, 1945 (P.L.913, No.367), known as the Engineer, Land Surveyor and Geologist Registration Law, further providing for definitions, for general powers of board, for procedure for licensing as professional engineer, for procedure for licensing as professional land surveyor, for continuing professional competency requirements, for fees and for penalties.",keep
1,SB0447,2023_2024,2023-RS,Establishes the PA VETConnect program,"An Act amending Title 51 (Military Affairs) of the Pennsylvania Consolidated Statutes, in Department of Military Affairs, establishing the PA VETConnect Program.",keep
1,SB0559,2023_2024,2023-RS,Amends State Definitions for Athletic Trainers,"An Act amending the act of December 20, 1985 (P.L.457, No.112), known as the Medical Practice Act of 1985, further providing for definitions; and abrogating regulations.",keep
1,SB0561,2023_2024,2023-RS,Requires Further Periodical Inspection of Motor Vehicles,"An Act amending Title 75 (Vehicles) of the Pennsylvania Consolidated Statutes, in inspection of vehicles, further providing for requirement for periodic inspection of vehicles.",keep
1,SB0656,2023_2024,2023-RS,Amends and Restructures Taxes for Electric Vehicles,"An Act amending Title 75 (Vehicles) of the Pennsylvania Consolidated Statutes, in general provisions, further providing for definitions; in liquid fuels and fuels tax, further providing for definitions and for imposition of tax, exemptions and deductions and providing for electric vehicle road user charge; and imposing a penalty.",keep
1,SB0668,2023_2024,2023-RS,Establishes a Medication Aide Classroom Training Program,"An Act amending the act of July 19, 1979 (P.L.130, No.48), known as the Health Care Facilities Act, providing for certified medication aides; and imposing duties on the Department of Health.",keep
1,SB0683,2023_2024,2023-RS,Requires Fentanyl and Xylazine Screening in Many Diagnostic Urine Tests,"An Act amending Title 35 (Health and Safety) of the Pennsylvania Consolidated Statutes, in public safety, providing for urine drug screening requirement and for xylazine awareness education.",keep
1,SB0688,2023_2024,2023-RS,Authorizes Alcohol Sellers to Get a Permit to Sell Ready-to-Drink Alcohol,"An Act amending the act of April 12, 1951 (P.L.90, No.21), known as the Liquor Code, in preliminary provisions, further providing for definitions; in Pennsylvania Liquor Stores, further providing for sales by Pennsylvania Liquor Stores; in licenses and regulations relating to liquor, alcohol and malt and brewed beverages, further providing for liquor importers' licenses, fees, privileges and restrictions, providing for ready-to-drink cocktail permit and for authority to acquire ready-to-drink cocktail permits and further providing for distributors' and importing distributors' restrictions on sales, storage, etc, for unlawful acts relative to malt or brewed beverages and licensees, for unlawful acts relative to liquor, malt and brewed beverages and licensees; and, in distilleries, wineries, bonded warehouses, bailees for hire and transporters for hire, further providing for limited distilleries and distilleries.",keep
1,SB0700,2023_2024,2023-RS,Appropriates Funding for Cell Phone Pouches in Schools,"An Act amending the act of March 10, 1949 (P.L.30, No.14), known as the Public School Code of 1949, in preliminary provisions, providing for advertising and sponsorships; in intermediate units, further providing for school safety and security enhancements; in professional employees, further providing for qualifications; in certification of teachers, further providing for State certificates, for career and technical instruction and for baccalaureate certification basic skills assessment; in Educator Pipeline Support Grant Program, further providing for definitions, for program establishment and duties of agency, for eligibility and for report; in school safety and security, further providing for School Safety and Security Grant Program, for school safety and security coordinator, for Targeted School Safety Grants for Nonpublic Schools and School Entities Program and for school safety and security training and providing for school safety and mental health grants for 2024-2025 school year; in school security, further providing for duties of commission, providing for school security personnel and establishing School Security Personnel Fund; in school security, further providing for duties of commission and providing for school security personnel and for School Security Personnel Fund; in school health services, further providing for vision screening and examinations; in Drug and Alcohol Recovery High School Program, further providing for establishment and payment of tuition; in administrative partnerships between school entities, further providing for legislative intent and for definitions, providing for instructional programming partnerships authorized, for school district feasibility study and for construction and further providing for establishment, for application, for grant awards, for technical assistance, for reports by school entities and for reports by department; in talent recruitment, further providing for Talent Recruitment Account; in charter schools, further providing for definitions, for charter school requirements, for powers of board of trustees, for facilities and for funding for charter schools, providing for funding for cyber charter schools, further providing for enrollment and notification and providing for enrollee wellness checks and for applicability of other provisions of this act and of other acts and regulations; in disability inclusive curriculum, further providing for department responsibilities; in Schools-to-Work-Program, repealing provisions relating to expiration; in community colleges, further providing for financial program and reimbursement of payments; in educational tax credits, further providing for definitions, for qualification and application by organizations, for tax credits and for limitations, repealing provisions relating to opportunity scholarships and providing for economically disadvantaged school scholarships; in course materials at institutions of higher education, repealing provisions relating to College Textbook Policies Advisory Committee; in sexual violence, dating violence, domestic violence and stalking education, prevention and response at institutions of higher education and private licensed schools, further providing for memorandum of understanding; in miscellaneous provisions relating to institutions of higher education, repealing provisions relating to Public Higher Education Funding Commission; in funding for public libraries, providing for State aid for fiscal year 2024-2025; in reimbursements by Commonwealth and between school districts, further providing for payments on account of pupils enrolled in career and technical curriculums and for student-weighted basic education funding, providing for student-weighted basic education funding beginning with 2023-2024 school year, further providing for State reimbursement for health services, for payments to intermediate units, for assistance to school districts declared to be in financial recovery status or identified for financial watch status and for Commonwealth reimbursements for charter schools and cyber charter schools, repealing provisions relating to administrative and instructional consolidation incentives and further providing for Ready-to-Learn Block Grant; in State Board of Education, further providing for powers and duties of the board; in construction and renovation of buildings by school entities, further providing for applicability; in School Environmental Repairs Program, further providing for School Environmental Repairs Program Restricted Account and for School Environmental Repairs Program; and making editorial changes.",keep
1,SB0739,2023_2024,2023-RS,Amends the Definition and Titles for Telemedicine,"An Act amending Title 40 (Insurance) of the Pennsylvania Consolidated Statutes, in regulation of insurers and related persons generally, providing for telemedicine.",keep
1,SB0745,2023_2024,2023-RS,Requires Contracts for Information Technology Commodities,"An Act amending Title 62 (Procurement) of the Pennsylvania Consolidated Statutes, in contracts for public works, providing for contracts for information technology commodities and services.",keep
1,SB0750,2023_2024,2023-RS,Requires High School Seniors to Complete a Free Application for Federal Student Aid (FAFSA),"An Act amending the act of March 10, 1949 (P.L.30, No.14), known as the Public School Code of 1949, in high schools, providing for Free Application for Federal Student Aid.",keep
1,SB0753,2023_2024,2023-RS,Amends the Boroughs and Incorporated Towns Code of the Pennsylvania Consolidated Statutes,"An Act amending Title 8 (Boroughs and Incorporated Towns) of the Pennsylvania Consolidated Statutes, in associations and organizations, further providing for associations and organizations for mayors; in elections of officers, further providing for eligibility, for officers elected and for decrease in number of members of council; in powers, duties and rights of appointed officers and employees, further providing for appointments and incompatible offices and for police serving under cooperative agreement or contract; in corporate powers, further providing for specific powers; in taxation and finance, further providing for investment of funds; providing for solid waste collection and disposition; in ordinances, further providing for ordinances and resolutions and for publication; and making an editorial change.",keep
1,SB0761,2023_2024,2023-RS,Requires the Department of Labor and Industry to Provide Users with Wage and Employment Data,"An Act amending the act of December 18, 2001 (P.L.949, No.114), known as the Workforce Development Act, in preliminary provisions, further providing for definitions; and, in local workforce development areas and regions and local workforce development boards, further providing for plan, functions and responsibilities and providing for technical assistance and data availability and for local performance accountability.",keep
1,SB0765,2023_2024,2023-RS,"Amends Borough Surcharges, Managers, and Organization of Civil Service Commissions","An Act amending Title 8 (Boroughs and Incorporated Towns) of the Pennsylvania Consolidated Statutes, in powers and duties of elected officials, further providing for surcharge by auditors; in powers, duties and rights of appointed officers and employees, further providing for borough manager created by ordinance and election, for powers and duties, for other offices not incompatible and for organization of commission; and, in taxation and finance, further providing for preparation of budget.",keep
1,SB0773,2023_2024,2023-RS,Authorizes State Medical Cannabis Growers and Processors to Sell Their Products Directly to Patients,"An Act amending the act of April 17, 2016 (P.L.84, No.16), known as the Medical Marijuana Act, in preliminary provisions, further providing for definitions; in medical marijuana organizations, further providing for application and issuance, for limitations on permits and providing for additional dispensary and grower/processor permits authorized, for application and issuance of additional permits and for limitations on other additional permits or licenses; and, in academic clinical research centers and clinical registrants, further providing for definitions.",keep
1,SB0792,2023_2024,2023-RS,Establishes Enhanced Counterterrorism Planning Resources,"An Act amending Title 35 (Health and Safety) of the Pennsylvania Consolidated Statutes, in emergency management services, providing for counterterrorism planning, preparedness and response; in Emergency Management Assistance Compact, providing for construction; and making repeals.",keep
1,SB0801,2023_2024,2023-RS,Increases and Improves Early Childhood Literacy Rates,"An Act amending the act of March 10, 1949 (P.L.30, No.14), known as the Public School Code of 1949, in certification of teachers, further providing for teacher
 support in the structured literacy program; providing for evidence-based reading instruction; and, in charter schools, further providing for applicability of other provisions of this act and of other acts and regulations.",keep
1,SB0831,2023_2024,2023-RS,Appropriates Funding for State Carbon Capture Projects,"An Act providing for the injection of carbon dioxide into an underground reservoir for the purpose of carbon sequestration, for the ownership of pore space in strata below surface lands and waters of the Commonwealth, for conveyance of the surface ownership of real property; imposing duties on the Department of Environmental Protection and the Environmental Hearing Board; and establishing the Carbon Dioxide Storage Facility Fund.",keep
1,SB0832,2023_2024,2023-RS,Authorizes Energy Companies to Bypass State Agencies when Applying for a Permit to Build,"An Act amending the act of April 9, 1929 (P.L.177, No.175), known as The Administrative Code of 1929, in Energy Development Authority and emergency powers, further providing for definitions and for Energy Development Authority; providing for Energy Development and Electric Generation Permit Review Program, for Accelerated Energy Development and Electric Generation Permit Review Program and for Pennsylvania Opportunities with Energy Reliability Authority Regulatory Waiver Program; and making editorial changes.",keep
1,SB0838,2023_2024,2023-RS,Amends the State Probation Program to Make it Easier for Individuals that Meet Educational or Employment Goals,"An Act amending Title 42 (Judiciary and Judicial Procedure) of the Pennsylvania Consolidated Statutes, in sentencing, further providing for order of probation, for conditions of probation and for modification or revocation of order of probation and providing for probation review conference.",keep
1,SB0840,2023_2024,2023-RS,"Establishes an Alzheimer's, Dementia, and Related Disorders (ADRD) Division and Committee","An Act establishing the Alzheimer's, Dementia and Related Disorders Office and the Alzheimer's, Dementia and Related Disorders Advisory Committee.",keep
1,SB0843,2023_2024,2023-RS,Amends Various Education Regulations and Standards,"An Act amending the act of March 10, 1949 (P.L.30, No.14), known as the Public School Code of 1949, in preliminary provisions, further providing for Special Education Funding Commission, for Basic Education Funding Commission and for Commission on Education and Economic Competitiveness and providing for public job posting database, for instructional vacancy data and for data transparency; providing for Interstate Teacher Mobility Compact; in drug and alcohol recovery high school program, further providing for scope of program and selection of students, providing for enrollment of students and further providing for academic programs; in terms and courses of study, further providing for Economic Education and Personal Financial Literacy Programs; in early learning programs, providing for quarterly reporting; in high schools, further providing for attendance in other districts; in educational tax credits, further providing for definitions; in credit card marketing, further providing for regulation of on-campus credit card marketing; in reimbursements by Commonwealth and between school districts, further providing for assistance to school districts declared to be in financial recovery status or identified for financial watch status; and abrogating regulations.",keep
1,SB0920,2023_2024,2023-RS,Amends the Sexual Assault Testing and Evidence Collection Act to Provide Further Rights to Victims,"An Act amending the act of November 29, 2006 (P.L.1471, No.165), known as the Sexual Assault Testing and Evidence Collection Act, further providing for definitions; providing for sexual assault evidence tracking system; further providing for rights of sexual assault victims and for report by Pennsylvania State Police; and providing for waiver for victim.",keep
1,SB0979,2023_2024,2023-RS,Requires Agriculture Businesses and Professionals Post Public Notices On-Site About Dangerous Transmissible Diseas ...,"An Act amending Title 3 (Agriculture) of the Pennsylvania Consolidated Statutes, in domestic animals, providing for posted notice with information on dangerous transmissible diseases.",keep
1,SB1031,2023_2024,2023-RS,Amends Current Law to Allow Cosmetologists to do Hair Braiding Traditionally Done in Black Beauty Shops,"An Act amending the act of May 3, 1933 (P.L.242, No.86), referred to as the Cosmetology Law, further providing for definitions, for practice without license prohibited, for eligibility requirements for examination, for limited licenses, for requirements of a school of cosmetology, for practice in licensed salons only, for booth rental prohibited, for sanitary rules and for fees; providing for municipal registration, business license and taxes; further providing for duration and renewal of licenses and for penalties; and providing for waiver of certain fees, fines and penalties.",keep
1,SB1051,2023_2024,2023-RS,Authorizes the Board of Finance and Revenue (BF&R) to Accept Late-Filed Tax Applications,"An Act amending the act of March 4, 1971 (P.L.6, No.2), known as the Tax Reform Code of 1971, in corporate net income tax, further providing for definitions; in procedure and administration, further providing for petition for reassessment and for review by board and providing for settlement conference process, for closing agreements and for report to General Assembly; and, in general provisions, further providing for timely filing.",keep
1,SB1102,2023_2024,2023-RS,Establishes a Long-Term Care Curriculum for Nurse's Aides Developed by the Pennsylvania Department of Education,"An Act amending the act of June 9, 1997 (P.L.169, No.14), known as the Nurse Aide Resident Abuse Prevention Training Act, providing for training for long-term care, for criteria for nurse aides and for limitation on department.",keep
1,SB1118,2023_2024,2023-RS,Authorizes Suspended Drivers to Pay Fines with Community Service,"An Act amending Titles 42 (Judiciary and Judicial Procedure) and 75 (Vehicles) of the Pennsylvania Consolidated Statutes, in magisterial district judges, further providing for adjudication alternative program; in licensing of drivers, further providing for suspension of operating privilege, for suspension of operating privilege for failure to respond to citation and for driving while operating privilege is suspended or revoked, providing for driving while operating privilege is suspended for certain other offenses, for relief from administrative suspension and for relief from administrative suspension participation requirements; in fees, further providing for reinstatement of operating privilege or vehicle registration; and, in penalties and disposition of fines, further providing for inability to pay fine and costs.",keep
1,SB1150,2023_2024,2023-RS,Establishes the Grow PA Scholarship Grant Program,"An Act amending the act of March 10, 1949 (P.L.30, No.14), known as the Public School Code of 1949, in the State System of Higher Education, further providing for definitions and providing for Grow Pennsylvania Merit Scholarship Program; providing for institutions of higher education, for Grow Pennsylvania Scholarship Grant Program and for intercollegiate athletics; in ready-to-succeed scholarship, further providing for agency; and making a repeal.",keep
1,SB1151,2023_2024,2023-RS,Establishes the Grow PA Merit Scholarship Program,"An Act amending the act of March 10, 1949 (P.L.30, No.14), known as the Public School Code of 1949, in the State System of Higher Education, further providing for definitions and establishing the Grow Pennsylvania Merit Scholarship Program.",keep
1,SB1152,2023_2024,2023-RS,Expands the Eligibility Requirements for Scholarships,"An Act amending the act of March 10, 1949 (P.L.30, No.14), known as the Public School Code of 1949, in Ready-to-Succeed Scholarship, further providing for agency.",keep
1,SB1153,2023_2024,2023-RS,Expands the Fostering Independence Tuition Waiver Program Nationwide,"An Act amending the act of March 10, 1949 (P.L.30, No.14), known as the Public School Code of 1949, in the State System of Higher Education, providing for educational opportunities for foster and adopted children.",keep
1,SB1154,2023_2024,2023-RS,Amends the Public School Code of 1949 for Higher Education Institutions and Establishes Performance Based Funding  ...,"An Act amending the act of March 10, 1949 (P.L.30, No.14), known as the Public School Code of 1949, providing for institutions of higher education and for Performance-based Funding Council.",keep
1,SB1155,2023_2024,2023-RS,Establishes a Higher Education Task Force to Improve Higher Education and Career Preparation Programs,"An Act amending the act of March 10, 1949 (P.L.30, No.14), known as the Public School Code of 1949, in miscellaneous provisions relating to institutions of higher education, providing for Higher Education Task Force.",keep
1,SB1160,2023_2024,2023-RS,Establishes Vietnam War Veterans Day,"An Act amending Title 38 (Holidays and Observances) of the Pennsylvania Consolidated Statutes, in veteran recognition, providing for Vietnam War Veterans Day.",keep
1,SB1207,2023_2024,2023-RS,Authorizes School Districts to Prohibit Student Cell Phone Use During School,"An Act amending the act of March 10, 1949 (P.L.30, No.14), known as the Public School Code of 1949, in school safety and security, establishing the Cell Phone Lockable Bag Pilot Program.",keep
1,SB1213,2023_2024,2023-RS,Prohibits Artificially Generated Sexual Depictions (Deep-Fakes),"An Act amending Titles 18 (Crimes and Offenses) and 61 (Prisons and Parole) of the Pennsylvania Consolidated Statutes, in sexual offenses, further providing for the offense of unlawful dissemination of intimate image; in minors, further providing for the offense of sexual abuse of children and for the offense of transmission of sexually explicit images by minor; and making editorial changes to replace references to the term ""child pornography"" with references to the term ""child sexual abuse material.""",keep
1,SB1230,2023_2024,2023-RS,Requires Improved Elevator Safety Standards,"An Act amending the act of April 9, 1929 (P.L.177, No.175), known as The Administrative Code of 1929, in powers and duties of the Department of Labor and Industry, its departmental administrative and advisory boards and departmental administrative officers, further providing for Elevator Safety Board.",keep
1,SB1232,2023_2024,2023-RS,Amends the Workers Compensation Act,"An Act amending the act of June 2, 1915 (P.L.736, No.338), known as the Workers' Compensation Act, in liability and compensation, further providing for payment of compensation.",keep
1,SB1236,2023_2024,2023-RS,Establishes Landlord and Homeowner Protections from Squatters,"An Act amending the act of April 6, 1951 (P.L.69, No.20), known as The Landlord and Tenant Act of 1951, in preliminary provisions, further providing for definitions; in recovery of possession, further providing for notice to quit; in repeals, providing for applicability; and making an editorial change.",keep
1,SB1237,2023_2024,2023-RS,Extends the PA One Call Law Permanently,"An Act amending the act of December 10, 1974 (P.L.852, No.287), referred to as the Underground Utility Line Protection Law, further providing for definitions, for duties of facility owners, for duties of designers, for duties of excavators, for duties of project owners, for damage prevention committee, for compliance orders and for administrative penalties; providing for action for recovery of penalty or forfeiture; and further providing for expiration of act.",keep
1,SB1246,2023_2024,2023-RS,Establishes the State Safety Oversight Office Under the Department of Transportation for Rail Services,"An Act amending Title 74 (Transportation) of the Pennsylvania Consolidated Statutes, in sustainable mobility options, establishing the State Safety Oversight Office and providing for its powers and duties.",keep
1,SB1260,2023_2024,2023-RS,"Prohibits Any Boycott, Divestment, or Sanction (BDS) Efforts Against Israel","An Act prohibiting the State Treasurer, the State Employees' Retirement System, the Public School Employees' Retirement System and the Pennsylvania Municipal Retirement System from boycotting or divesting from Israel; and prohibiting funding to an institution of higher education that engages in a boycott against or divestment from Israel.",keep
1,SB1274,2023_2024,2023-RS,Amends the Sign Language Interpreter and Transliterator State Registration Act,"An Act amending the act of July 2, 2004 (P.L.492, No.57), known as the Sign Language Interpreter and Transliterator State Registration Act, further providing for title of act, for definitions, for office responsibilities, for State registration required, for State registration and for provisional registration.",keep
1,SB1319,2023_2024,2023-RS,Amends Various Architect Licensure Laws and Regulations,"An Act amending the act of December 14, 1982 (P.L.1227, No.281), known as the Architects Licensure Law,  further providing for title of act, for short title, for declaration of purpose, for definitions, for creation of board and appointment and term of members and officers, for organization of board, for powers of board, for duties of board, for examination and qualification of applicants, for reciprocal licensing, for issuance and renewal of certificates, for payment and disposition of fees and for seal of architect; providing for architectural firm registration and for architectural firm names; further providing for permitted practices, for existing licenses, for existing rules and regulations and for unauthorized practice prohibited; providing for certification of interior designers; further providing for disciplinary proceedings, for penalties and for complaint procedure and hearings; providing for regulations; further providing for severability, for repeals and for effective date; and making editorial changes.",keep
1,SR10001,2023_2024,NA,Amends Senate Ethics Rules,NA,keep