bill_id,sponsor,session,subject,chamber,status,committee,last_action_date,temp_link,short_title
HB1,Hill,First Special Session 2021,Sentencing,H,Carried Over to Call of the Chair,Judiciary,09/29/2021,http://alisondb.legislature.state.al.us/Alison/SESSBillStatusResult.aspx?BILL=HB1&WIN_TYPE=BillResult,"Sentencing standards, to provide for resentencing of certain individuals convicted of nonviolent offenses, procedure for resentencing, Sec. 12-25-34.3 added."
HB2,Hill,First Special Session 2021,Pardons and Paroles,,Enacted  (Act 2021-549),,10/01/2021,http://alisondb.legislature.state.al.us/Alison/SESSBillStatusResult.aspx?BILL=HB2&WIN_TYPE=BillResult,"Pardons and Paroles, mandatory supervised release of inmates, apply certain sentencing provisions to certain defendants, Sec. 15-22-26.2 am'd."
HB4,Clouse,First Special Session 2021,Prisons and Prisoners,,Enacted  (Act 2021-546),,09/29/2021,http://alisondb.legislature.state.al.us/Alison/SESSBillStatusResult.aspx?BILL=HB4&WIN_TYPE=BillResult,"Alabama Corrections Institution Finance Authority, issuance of bonds for the finance, construction, and renovation of prisons, provided; membership of authority, further provided; phased approach to the construction of new prisons and the renovation or closure of old prisons, provided; Correctional Facilities Maintenance Fund and Department of Corrections - Correctional Capital Improvement Fund, created; Alabama Prison Repurposing Commission, required to study economic impact of any closure or possible repurposing of prison facility. Secs. 14-2-1, 14-2-6, 14-2-12, 14-2-13.1, 14-2-14, 14-2-16, 14-2-19, 14-2-21, 14-2-28, and 14-2-34, am'd."
HB5,Clouse,First Special Session 2021,Appropriations,,Enacted  (Act 2021-547),Finance and Taxation General Fund,10/01/2021,http://alisondb.legislature.state.al.us/Alison/SESSBillStatusResult.aspx?BILL=HB5&WIN_TYPE=BillResult,"Corrections Department, correctional Capital Improvement Fund, appropriation of $400,000,000 from federal funds, American Rescue Act, for fiscal year ending September 30, 2022"
HB6,Clouse,First Special Session 2021,Appropriations,,Enacted  (Act 2021-548),,10/01/2021,http://alisondb.legislature.state.al.us/Alison/SESSBillStatusResult.aspx?BILL=HB6&WIN_TYPE=BillResult,"Corrections Department, correctional Capital Improvement Fund, appropration from State General Fund of $135,000,000 appr. to Bureau of Pardons and Paroles of $19,000,000 for purchase of Perry County Correctional Facility for fiscal year September 30, 2022"
HB7,Hanes,First Special Session 2021,Jackson County,H,Pending Committee Action in House of Origin,State Government,09/27/2021,http://alisondb.legislature.state.al.us/Alison/SESSBillStatusResult.aspx?BILL=HB7&WIN_TYPE=BillResult,"Scottsboro, mayor and city council, and city board of education, terms extended, election date revised"
HB8,Hanes,First Special Session 2021,Jackson County,H,Pending Committee Action in House of Origin,State Government,09/27/2021,http://alisondb.legislature.state.al.us/Alison/SESSBillStatusResult.aspx?BILL=HB8&WIN_TYPE=BillResult,"Jackson Co., sheriff, salary increase, effective next term"
HB9,Coleman,First Special Session 2021,Jefferson County,H,Pending Committee Action in House of Origin,State Government,09/27/2021,http://alisondb.legislature.state.al.us/Alison/SESSBillStatusResult.aspx?BILL=HB9&WIN_TYPE=BillResult,"Midfield, city board of education, tax district in Jefferson County, ad valorem tax rate increase"
HB10,Garrett,First Special Session 2021,Jefferson County,H,Pending Committee Action in House of Origin,State Government,09/27/2021,http://alisondb.legislature.state.al.us/Alison/SESSBillStatusResult.aspx?BILL=HB10&WIN_TYPE=BillResult,"Trussville, city board of education, tax district in Jefferson County, ad valorem tax rate increase, referendum"
HB11,Sorrell,First Special Session 2021,Education,H,Pending Committee Action in House of Origin,State Government,09/28/2021,http://alisondb.legislature.state.al.us/Alison/SESSBillStatusResult.aspx?BILL=HB11&WIN_TYPE=BillResult,"Education, State Board of Education to adopt rules regarding controlling the spread of COVID-19 in public K-12 schools, reduce funding for public K-12 schools that violate rules"
HR1,Gaston,First Special Session 2021,"Resolutions, Legislative","House of Representatives, Senate notified that House is in session and ready to transact business",H,Passed by House of Origin,,http://alisondb.legislature.state.al.us/Alison/SESSBillStatusResult.aspx?BILL=HR1&WIN_TYPE=BillResult,"House of Representatives, Senate notified that House is in session and ready to transact business"
HJR2,Gaston,First Special Session 2021,"Resolutions, Legislative","Governor, committee appointed to notify that Legislature is in session",H,Passed by House of Origin,,http://alisondb.legislature.state.al.us/Alison/SESSBillStatusResult.aspx?BILL=HJR2&WIN_TYPE=BillResult,"Governor, committee appointed to notify that Legislature is in session"
HJR3,Jones (M),First Special Session 2021,"Resolutions, Designation","Sgt. Rodney J. Evans, State Highway 55 South in Covington County, renamed in honor of",,Enacted,,http://alisondb.legislature.state.al.us/Alison/SESSBillStatusResult.aspx?BILL=HJR3&WIN_TYPE=BillResult,"Sgt. Rodney J. Evans, State Highway 55 South in Covington County, renamed in honor of"
HJR4,Jones (M),First Special Session 2021,"Resolutions, Designation","Private First Class LaFelt Brannon Intersection, portion of U.S. Highway 84 in Sanford, named",,Enacted,,http://alisondb.legislature.state.al.us/Alison/SESSBillStatusResult.aspx?BILL=HJR4&WIN_TYPE=BillResult,"Private First Class LaFelt Brannon Intersection, portion of U.S. Highway 84 in Sanford, named"
HJR5,Pringle,First Special Session 2021,"Resolutions, Legislative","Cellular phones, urging Congress  to enact legislation for blocking cellular phone signals in prisons",S,Pending Committee Action in Second House,Rules,http://alisondb.legislature.state.al.us/Alison/SESSBillStatusResult.aspx?BILL=HJR5&WIN_TYPE=BillResult,"Cellular phones, urging Congress  to enact legislation for blocking cellular phone signals in prisons"
HJR6,Jones (M),First Special Session 2021,"Resolutions, Legislative","Mandatory vaccination, american workers, condemning federal executive actions requiring vaccinations",H,Pending Committee Action in House of Origin,Rules,http://alisondb.legislature.state.al.us/Alison/SESSBillStatusResult.aspx?BILL=HJR6&WIN_TYPE=BillResult,"Mandatory vaccination, american workers, condemning federal executive actions requiring vaccinations"
HJR7,Kiel,First Special Session 2021,"Resolutions, Congratulatory","Batchelor, Cecil, commended",,Enacted,,http://alisondb.legislature.state.al.us/Alison/SESSBillStatusResult.aspx?BILL=HJR7&WIN_TYPE=BillResult,"Batchelor, Cecil, commended"
HR8,Kiel,First Special Session 2021,"Resolutions, Congratulatory","Batchelor, Cecil, honored",H,Read First Time in House of Origin,,http://alisondb.legislature.state.al.us/Alison/SESSBillStatusResult.aspx?BILL=HR8&WIN_TYPE=BillResult,"Batchelor, Cecil, honored"
HJR9,McMillan,First Special Session 2021,"Resolutions, Congratulatory","Brackin, Julian B., Jr.,  professional achievement, commended",S,Pending Committee Action in Second House,Rules,http://alisondb.legislature.state.al.us/Alison/SESSBillStatusResult.aspx?BILL=HJR9&WIN_TYPE=BillResult,"Brackin, Julian B., Jr.,  professional achievement, commended"
HJR10,McMillan,First Special Session 2021,"Resolutions, Congratulatory","Captain Roland Walker, recognized",S,Pending Committee Action in Second House,Rules,http://alisondb.legislature.state.al.us/Alison/SESSBillStatusResult.aspx?BILL=HJR10&WIN_TYPE=BillResult,"Captain Roland Walker, recognized"
HR11,Oliver,First Special Session 2021,"Resolutions, Congratulatory","Allen, Lawrence James, Jr., commended",H,Read First Time in House of Origin,,http://alisondb.legislature.state.al.us/Alison/SESSBillStatusResult.aspx?BILL=HR11&WIN_TYPE=BillResult,"Allen, Lawrence James, Jr., commended"
HJR12,McMillan,First Special Session 2021,"Resolutions, Congratulatory","Brackin, Julian B., Jr.,  professional achievement, commended",H,Pending Committee Action in House of Origin,Rules,http://alisondb.legislature.state.al.us/Alison/SESSBillStatusResult.aspx?BILL=HJR12&WIN_TYPE=BillResult,"Brackin, Julian B., Jr.,  professional achievement, commended"
HR13,Oliver,First Special Session 2021,"Resolutions, Condolence","Betts, Ronnie Jefferson, death mourned",H,Read First Time in House of Origin,,http://alisondb.legislature.state.al.us/Alison/SESSBillStatusResult.aspx?BILL=HR13&WIN_TYPE=BillResult,"Betts, Ronnie Jefferson, death mourned"
HR14,Lovvorn,First Special Session 2021,"Resolutions, Congratulatory","Adams, Luke, commended",H,Read First Time in House of Origin,,http://alisondb.legislature.state.al.us/Alison/SESSBillStatusResult.aspx?BILL=HR14&WIN_TYPE=BillResult,"Adams, Luke, commended"
HR15,Boyd,First Special Session 2021,"Resolutions, Condolence","Franklin, Harold A., death mourned",H,Passed by House of Origin,,http://alisondb.legislature.state.al.us/Alison/SESSBillStatusResult.aspx?BILL=HR15&WIN_TYPE=BillResult,"Franklin, Harold A., death mourned"
HR17,Lovvorn,First Special Session 2021,"Resolutions, Congratulatory","Allers, John, commended",H,Read First Time in House of Origin,,http://alisondb.legislature.state.al.us/Alison/SESSBillStatusResult.aspx?BILL=HR17&WIN_TYPE=BillResult,"Allers, John, commended"
HR18,,First Special Session 2021,"Resolutions, Condolence","Merriweather, John, death mourned",H,Passed by House of Origin,,http://alisondb.legislature.state.al.us/Alison/SESSBillStatusResult.aspx?BILL=HR18&WIN_TYPE=BillResult,"Merriweather, John, death mourned"
HR19,Drake,First Special Session 2021,"Resolutions, Congratulatory","Mt. Laurel Elementary School, commended",H,Read First Time in House of Origin,,http://alisondb.legislature.state.al.us/Alison/SESSBillStatusResult.aspx?BILL=HR19&WIN_TYPE=BillResult,"Mt. Laurel Elementary School, commended"
HR20,Clarke,First Special Session 2021,"Resolutions, Condolence","Waldron, George J., III., death mourned",H,Read First Time in House of Origin,,http://alisondb.legislature.state.al.us/Alison/SESSBillStatusResult.aspx?BILL=HR20&WIN_TYPE=BillResult,"Waldron, George J., III., death mourned"
SB1,Livingston,First Special Session 2021,Jackson County,S,Passed by House of Origin,Local Legislation,09/30/2021,http://alisondb.legislature.state.al.us/Alison/SESSBillStatusResult.aspx?BILL=SB1&WIN_TYPE=BillResult,"Jackson Co., sheriff, salary increase, effective next term"
SB2,Livingston,First Special Session 2021,Jackson County,S,Passed by House of Origin,Local Legislation,09/30/2021,http://alisondb.legislature.state.al.us/Alison/SESSBillStatusResult.aspx?BILL=SB2&WIN_TYPE=BillResult,"Scottsboro, mayor and city council, and city board of education, terms extended, election date revised"
SB3,Smitherman,First Special Session 2021,Class 1 Municipalities,S,Pending Committee Action in House of Origin,Tourism,09/27/2021,http://alisondb.legislature.state.al.us/Alison/SESSBillStatusResult.aspx?BILL=SB3&WIN_TYPE=BillResult,"Class 1 municipalities, entertainment districts, additional authorized, under certain conditions, Sec. 28-3A-17.1 am'd."
SB4,Smitherman,First Special Session 2021,Education,S,Pending Committee Action in House of Origin,Education Policy,09/27/2021,http://alisondb.legislature.state.al.us/Alison/SESSBillStatusResult.aspx?BILL=SB4&WIN_TYPE=BillResult,"Literacy Act, reading proficiency, third grade retention requirement postponed until 2023-2024 school year, additional duties to State Superintendent of Ed. re implementation of law, Sec. 16-6G-5 am'd."
SB5,Gudger,First Special Session 2021,Community Development Districts,S,Pending Committee Action in House of Origin,Finance and Taxation General Fund,09/28/2021,http://alisondb.legislature.state.al.us/Alison/SESSBillStatusResult.aspx?BILL=SB5&WIN_TYPE=BillResult,"Community Development Districts, certain districts meeting certain criteria in unincorp. area of county, rate of taxation on sale of alcoholic beverages specified, Sec. 35-8B-1 am'd."
SB6,Beasley,First Special Session 2021,Prisons and Prisoners,S,Pending Committee Action in House of Origin,Finance and Taxation General Fund,09/28/2021,http://alisondb.legislature.state.al.us/Alison/SESSBillStatusResult.aspx?BILL=SB6&WIN_TYPE=BillResult,"Corrections Institution Finance Authority, prisons, issuance of bonds to finance additional prisons and renovation and improvement of existing prisons, new Elmore Co., Escambia Co., and Tutwiler facility, Captial Improvement and Maintenance Fund, Secs. 14-2-1, 14-2-6, 14-2-12, 14-2-13.1, 14-2-14, 14-2-16, 14-2-19, 14-2-21, 14-2-28 am'd."
SJR1,Waggoner,First Special Session 2021,"Resolutions, Legislative","Governor, committee appointed to notify that Legislature is in session and ready for the transaction of business",S,Ready to Enroll,,http://alisondb.legislature.state.al.us/Alison/SESSBillStatusResult.aspx?BILL=SJR1&WIN_TYPE=BillResult,"Governor, committee appointed to notify that Legislature is in session and ready for the transaction of business"
SR2,Waggoner,First Special Session 2021,"Resolutions, Legislative","Senate, House of Representatives notified that Senate is in session and ready to transact business",S,Passed by House of Origin,,http://alisondb.legislature.state.al.us/Alison/SESSBillStatusResult.aspx?BILL=SR2&WIN_TYPE=BillResult,"Senate, House of Representatives notified that Senate is in session and ready to transact business"
SJR3,Allen,First Special Session 2021,"Resolutions, Congratulatory","Mathews, David, commended",,Enacted,,http://alisondb.legislature.state.al.us/Alison/SESSBillStatusResult.aspx?BILL=SJR3&WIN_TYPE=BillResult,"Mathews, David, commended"
