bill_id,sponsor,session,action_date,chamber,amd_sub,action,committee,nay,yea,abstain,vote_id
HB1,Pringle,Second Special Session 2021,10/28/2021,H,,Read for the first time and referred to the House of Representatives committee on State Government,SG,,,,
HB1,Pringle,Second Special Session 2021,10/29/2021,H,,Read for the second time and placed on the calendar,,4,7,,
HB1,Pringle,Second Special Session 2021,11/01/2021,H,,Third Reading Passed,,,,,
HB1,Pringle,Second Special Session 2021,11/01/2021,H,215457-1,Coleman 1st Substitute Offered,,,,,
HB1,Pringle,Second Special Session 2021,11/01/2021,H,,Coleman motion to Withdraw adopted Voice Vote,,,,,
HB1,Pringle,Second Special Session 2021,11/01/2021,H,215458-2,Holmes first Substitute Offered,,,,,
HB1,Pringle,Second Special Session 2021,11/01/2021,S,,Read for the first time and referred to the Senate committee on Finance and Taxation General Fund,F&TG,,,,
HB1,Pringle,Second Special Session 2021,11/01/2021,H,,Pringle motion to Table adopted Roll Call 1,,,,,Roll 1
HB1,Pringle,Second Special Session 2021,11/02/2021,S,,Read for the second time and placed on the calendar,,3,9,0,
HB1,Pringle,Second Special Session 2021,11/03/2021,S,,Third Reading Passed,,,,,
HB1,Pringle,Second Special Session 2021,11/01/2021,H,215500-1,Faulkner first Substitute Offered,,,,,
HB1,Pringle,Second Special Session 2021,11/03/2021,S,215593-1,Smitherman first Substitute Offered,,,,,
HB1,Pringle,Second Special Session 2021,11/01/2021,H,,Pringle motion to Table adopted Roll Call 2,,,,,Roll 2
HB1,Pringle,Second Special Session 2021,11/03/2021,S,,McClendon motion to Table adopted Roll Call 29,,,,,Roll 29
HB1,Pringle,Second Special Session 2021,11/01/2021,H,215457-2,Coleman 2nd  Substitute Offered,,,,,
HB1,Pringle,Second Special Session 2021,11/01/2021,H,,Pringle motion to Table adopted Roll Call 3,,,,,Roll 3
HB1,Pringle,Second Special Session 2021,11/03/2021,S,215488-1,Singleton first Substitute Offered,,,,,
HB1,Pringle,Second Special Session 2021,11/03/2021,S,,McClendon motion to Table adopted Roll Call 30,,,,,Roll 30
HB1,Pringle,Second Special Session 2021,11/01/2021,H,,Motion to Read a Third Time and Pass adopted Roll Call 4,,,,,Roll 4
HB1,Pringle,Second Special Session 2021,11/03/2021,S,215489-1,Singleton second Substitute Offered,,,,,
HB1,Pringle,Second Special Session 2021,11/03/2021,S,,Singleton motion to Adopt lost Roll Call 31,,,,,Roll 31
HB1,Pringle,Second Special Session 2021,11/03/2021,S,215601-1,Hatcher first Substitute Offered,,,,,
HB1,Pringle,Second Special Session 2021,11/03/2021,S,,Hatcher motion to Adopt lost Roll Call 32,,,,,Roll 32
HB1,Pringle,Second Special Session 2021,11/03/2021,S,215614-1,Waggoner first Substitute Offered,,,,,
HB1,Pringle,Second Special Session 2021,11/03/2021,S,,Waggoner motion to Adopt lost Roll Call 33,,,,,Roll 33
HB1,Pringle,Second Special Session 2021,11/03/2021,S,215598-1,Barfoot first Substitute Offered,,,,,
HB1,Pringle,Second Special Session 2021,11/03/2021,S,,McClendon motion to Table adopted Voice Vote,,,,,
HB1,Pringle,Second Special Session 2021,11/03/2021,S,,Motion to Read a Third Time and Pass adopted Roll Call 34,,,,,Roll 34
HB1,Pringle,Second Special Session 2021,11/03/2021,H,,Passed Second House,,,,,
HB1,Pringle,Second Special Session 2021,11/03/2021,H,,Enrolled,,,,,
HB1,Pringle,Second Special Session 2021,11/03/2021,S,,Signature Requested,,,,,
HB1,Pringle,Second Special Session 2021,11/03/2021,H,,Clerk of the House Certification,,,,,
HB1,Pringle,Second Special Session 2021,,H,,Assigned Act No. 2021-555.,,,,,
HB1,Pringle,Second Special Session 2021,,H,,"Forwarded to Governor at 3:23 p.m. on November 3, 2021.",,,,,
HB2,Pringle,Second Special Session 2021,10/28/2021,H,,Read for the first time and referred to the House of Representatives committee on State Government,SG,,,,
HB2,Pringle,Second Special Session 2021,10/29/2021,H,,Read for the second time and placed on the calendar,,4,6,1,
HB2,Pringle,Second Special Session 2021,11/01/2021,H,,Third Reading Passed,,,,,
HB2,Pringle,Second Special Session 2021,11/01/2021,H,,Sells motion to recess adopted Voice Vote,,,,,
HB2,Pringle,Second Special Session 2021,11/01/2021,H,215533-1,Pringle first Substitute Offered,,,,,
HB2,Pringle,Second Special Session 2021,11/01/2021,H,215509-1,Meadows Substitute to Substitute Offered,,,,,
HB2,Pringle,Second Special Session 2021,11/01/2021,H,,Pringle motion to Table adopted Roll Call 5,,,,,Roll 5
HB2,Pringle,Second Special Session 2021,11/01/2021,H,215553-1,Grimsley  Substitute to Substitute Offered,,,,,
HB2,Pringle,Second Special Session 2021,11/01/2021,H,,Pringle motion to Table adopted Roll Call 6,,,,,Roll 6
HB2,Pringle,Second Special Session 2021,11/01/2021,H,215556-1,Gray  Substitute to Substitute Offered,,,,,
HB2,Pringle,Second Special Session 2021,11/01/2021,H,,Pringle motion to Table adopted Roll Call 7,,,,,Roll 7
HB2,Pringle,Second Special Session 2021,11/01/2021,H,,Ledbetter motion to Previous Question adopted Roll Call 8,,,,,Roll 8
HB2,Pringle,Second Special Session 2021,11/01/2021,H,,Motion to Adopt adopted Roll Call 9,,,,,Roll 9
HB2,Pringle,Second Special Session 2021,11/01/2021,H,,Motion to Read a Third Time and Pass adopted Roll Call 10,,,,,Roll 10
HB2,Pringle,Second Special Session 2021,11/01/2021,H,,Engrossed,,,,,
HB2,Pringle,Second Special Session 2021,11/01/2021,S,,Read for the first time and referred to the Senate committee on Finance and Taxation General Fund,F&TG,,,,
HB2,Pringle,Second Special Session 2021,11/01/2021,H,,Hall Dissent filed,,,,,
HB2,Pringle,Second Special Session 2021,11/02/2021,S,,Read for the second time and placed on the calendar,,0,12,0,
HB2,Pringle,Second Special Session 2021,11/03/2021,S,,Third Reading Carried Over to Call of the Chair,,,,,
HB2,Pringle,Second Special Session 2021,11/03/2021,S,,Reed motion to Carry Over to the Call of the Chair adopted Voice Vote,,,,,
HB2,Pringle,Second Special Session 2021,11/03/2021,S,,Third Reading Passed,,,,,
HB2,Pringle,Second Special Session 2021,11/03/2021,S,,Motion to Read a Third Time and Pass adopted Roll Call 35,,,,,Roll 35
HB2,Pringle,Second Special Session 2021,11/03/2021,H,,Passed Second House,,,,,
HB2,Pringle,Second Special Session 2021,11/03/2021,S,,Signature Requested,,,,,
HB2,Pringle,Second Special Session 2021,11/03/2021,H,,"Mooney intended to votte ""Yea""",,,,,
HB2,Pringle,Second Special Session 2021,11/03/2021,H,,Enrolled,,,,,
HB2,Pringle,Second Special Session 2021,11/03/2021,H,,Clerk of the House Certification,,,,,
HB2,Pringle,Second Special Session 2021,,H,,Assigned Act No. 2021-556.,,,,,
HB2,Pringle,Second Special Session 2021,,H,,"Forwarded to Governor on November 3, 2021 at 4:00 p.m. on November 3, 2021.",,,,,
HB3,Clouse,Second Special Session 2021,10/28/2021,H,,Read for the first time and referred to the House of Representatives committee on Ways and Means General Fund,W&MGF,,,,
HB3,Clouse,Second Special Session 2021,10/29/2021,H,,Read for the second time and placed on the calendar,,,,,
HB3,Clouse,Second Special Session 2021,11/01/2021,H,,Third Reading Passed,,,,,
HB3,Clouse,Second Special Session 2021,11/01/2021,H,,Motion to Read a Third Time and Pass adopted Roll Call 11,,,,,Roll 11
HB3,Clouse,Second Special Session 2021,11/01/2021,S,,Read for the first time and referred to the Senate committee on Finance and Taxation General Fund,F&TG,,,,
HB3,Clouse,Second Special Session 2021,11/02/2021,S,,Read for the second time and placed on the calendar,,0,12,0,
HB3,Clouse,Second Special Session 2021,11/03/2021,S,,Third Reading Passed,,,,,
HB3,Clouse,Second Special Session 2021,11/03/2021,S,,Motion to Read a Third Time and Pass adopted Roll Call 28,,,,,Roll 28
HB3,Clouse,Second Special Session 2021,11/03/2021,H,,Passed Second House,,,,,
HB3,Clouse,Second Special Session 2021,11/03/2021,S,,Signature Requested,,,,,
HB3,Clouse,Second Special Session 2021,11/03/2021,H,,Enrolled,,,,,
HB3,Clouse,Second Special Session 2021,11/03/2021,H,,Clerk of the House Certification,,,,,
HB3,Clouse,Second Special Session 2021,,H,,Assigned Act No. 2021-557.,,,,,
HB3,Clouse,Second Special Session 2021,,H,,"Forwarded to Governor on November 3, 2021 at 2:10 p.m. on November 3, 2021.",,,,,
HB4,South,Second Special Session 2021,10/29/2021,H,,Read for the first time and referred to the House of Representatives committee on Health,HLTH,,,,
HB5,Stadthagen,Second Special Session 2021,10/29/2021,H,,Read for the first time and referred to the House of Representatives committee on State Government,SG,,,,
HB6,Mooney,Second Special Session 2021,10/29/2021,H,,Read for the first time and referred to the House of Representatives committee on State Government,SG,,,,
HB7,Mooney,Second Special Session 2021,10/29/2021,H,,Read for the first time and referred to the House of Representatives committee on Health,HLTH,,,,
HB8,Mooney,Second Special Session 2021,10/29/2021,H,,Read for the first time and referred to the House of Representatives committee on State Government,SG,,,,
HB9,Whorton,Second Special Session 2021,10/29/2021,H,,Read for the first time and referred to the House of Representatives committee on State Government,SG,,,,
HB10,Marques,Second Special Session 2021,11/01/2021,H,,Read for the first time and referred to the House of Representatives committee on Health,HLTH,,,,
HR1,Gaston,Second Special Session 2021,10/28/2021,H,,Introduced,,,,,
HR1,Gaston,Second Special Session 2021,10/28/2021,H,,Gaston motion to Adopt adopted Voice Vote,,,,,
HJR2,Gaston,Second Special Session 2021,10/28/2021,H,,Introduced,,,,,
HJR2,Gaston,Second Special Session 2021,10/28/2021,H,,Gaston motion to Adopt adopted Voice Vote,,,,,
HJR2,Gaston,Second Special Session 2021,10/28/2021,H,,COMMITTEE APPOINTED,,,,,
HJR2,Gaston,Second Special Session 2021,,,,,,,,,
HR3,Hollis,Second Special Session 2021,10/28/2021,H,,Joint Rule 11,,,,,
HJR4,Carns,Second Special Session 2021,10/28/2021,H,,Introduced and referred to the House of Representatives committee on Rules,RULES,,,,
HJR4,Carns,Second Special Session 2021,11/03/2021,H,,Reported from Rules,,,,,
HJR4,Carns,Second Special Session 2021,11/03/2021,H,,Rowe motion to Adopt adopted Voice Vote,,,,,
HJR4,Carns,Second Special Session 2021,,,,,,,,,
HJR5,Estes,Second Special Session 2021,10/28/2021,H,,Introduced and referred to the House of Representatives committee on Rules,RULES,,,,
HJR5,Estes,Second Special Session 2021,11/03/2021,H,,Reported from Rules,,,,,
HJR5,Estes,Second Special Session 2021,11/03/2021,H,,Rowe motion to Adopt adopted Voice Vote,,,,,
HJR5,Estes,Second Special Session 2021,,,,,,,,,
HR6,McCampbell,Second Special Session 2021,10/28/2021,H,,Joint Rule 11,,,,,
HJR7,McMillan,Second Special Session 2021,10/28/2021,H,,Introduced and referred to the House of Representatives committee on Rules,RULES,,,,
HJR7,McMillan,Second Special Session 2021,11/03/2021,H,,Reported from Rules and received,,,,,
HJR7,McMillan,Second Special Session 2021,11/03/2021,H,,Rowe motion to Adopt adopted Voice Vote,,,,,
HJR7,McMillan,Second Special Session 2021,,,,,,,,,
HJR8,McMillan,Second Special Session 2021,10/28/2021,H,,Introduced and referred to the House of Representatives committee on Rules,RULES,,,,
HJR9,McMillan,Second Special Session 2021,10/28/2021,H,,Introduced and referred to the House of Representatives committee on Rules,RULES,,,,
HJR9,McMillan,Second Special Session 2021,11/03/2021,H,,Reported from Rules,,,,,
HJR9,McMillan,Second Special Session 2021,11/03/2021,H,,Rowe motion to Adopt adopted Voice Vote,,,,,
HJR9,McMillan,Second Special Session 2021,,,,,,,,,
HR10,Paschal,Second Special Session 2021,10/28/2021,H,,Joint Rule 11,,,,,
HJR11,Brown (C),Second Special Session 2021,10/28/2021,H,,Introduced and referred to the House of Representatives committee on Rules,RULES,,,,
HJR11,Brown (C),Second Special Session 2021,11/03/2021,H,,Reported from Rules and received,,,,,
HJR11,Brown (C),Second Special Session 2021,11/03/2021,H,,Rowe motion to Adopt adopted Voice Vote,,,,,
HJR11,Brown (C),Second Special Session 2021,,,,,,,,,
HJR12,Jones (M),Second Special Session 2021,10/28/2021,H,,Introduced and referred to the House of Representatives committee on Rules,RULES,,,,
HJR12,Jones (M),Second Special Session 2021,11/03/2021,H,,Reported from Rules,,,,,
HJR12,Jones (M),Second Special Session 2021,11/03/2021,H,,Rowe motion to Adopt offered,,,,,
HJR12,Jones (M),Second Special Session 2021,11/03/2021,H,,Ledbetter motion to Previous Question adopted Roll Call 12,,,,,Roll 12
HJR12,Jones (M),Second Special Session 2021,11/03/2021,H,,"Scott intended to vote ""Nay""",,,,,
HJR12,Jones (M),Second Special Session 2021,11/03/2021,H,,Jones (M) motion to Adopt adopted Voice Vote,,,,,
HJR12,Jones (M),Second Special Session 2021,,,,,,,,,
HR13,Bracy,Second Special Session 2021,10/28/2021,H,,Joint Rule 11,,,,,
HR14,Bracy,Second Special Session 2021,10/29/2021,H,,Introduced,,,,,
HR14,Bracy,Second Special Session 2021,10/29/2021,H,,Bracy motion to Adopt adopted Voice Vote,,,,,
HR15,Clarke,Second Special Session 2021,10/29/2021,H,,Joint Rule 11,,,,,
HR16,Allen ,Second Special Session 2021,10/29/2021,H,,Introduced and referred to the House of Representatives committee on Rules,RULES,,,,
HR16,Allen ,Second Special Session 2021,11/03/2021,H,,Reported from Rules,,,,,
HR16,Allen ,Second Special Session 2021,11/03/2021,H,,Jones (M) motion to Adopt pending,,,,,
HR16,Allen ,Second Special Session 2021,11/03/2021,H,,Shedd motion to Previous Question adopted Roll Call 13,,,,,Roll 13
HR16,Allen ,Second Special Session 2021,11/03/2021,H,,Motion to Adopt adopted Voice Vote,,,,,
HR16,Allen ,Second Special Session 2021,11/03/2021,H,,Cosponsors Added,,,,,Roll 14
HR17,Stringer,Second Special Session 2021,10/29/2021,H,,Joint Rule 11,,,,,
HR18,Coleman,Second Special Session 2021,10/29/2021,H,,Introduced and referred to the House of Representatives committee on Rules,RULES,,,,
HR18,Coleman,Second Special Session 2021,11/03/2021,H,,Reported from Rules,,,,,
HR18,Coleman,Second Special Session 2021,11/03/2021,H,,Jones (M) motion to Adopt adopted Voice Vote,,,,,
HR18,Coleman,Second Special Session 2021,11/03/2021,H,,Cosponsors Added,,,,,Roll 15
HR19,Jones (M),Second Special Session 2021,11/01/2021,H,,Introduced and referred to the House of Representatives committee on Rules,RULES,,,,
HR19,Jones (M),Second Special Session 2021,11/03/2021,H,,Reported from Rules and carried over,,,,,
HR19,Jones (M),Second Special Session 2021,11/03/2021,H,,Jones (M) motion to Carry Over adopted Voice Vote,,,,,
HR20,McCutcheon,Second Special Session 2021,11/01/2021,H,,Joint Rule 11,,,,,
HR21,McCutcheon,Second Special Session 2021,11/01/2021,H,,Joint Rule 11,,,,,
HJR22,Bedsole,Second Special Session 2021,11/01/2021,H,,Introduced and referred to the House of Representatives committee on Rules,RULES,,,,
HJR22,Bedsole,Second Special Session 2021,11/03/2021,H,,Reported from Rules,,,,,
HJR22,Bedsole,Second Special Session 2021,11/03/2021,H,,Jones (M) motion to Adopt adopted Voice Vote,,,,,
HJR22,Bedsole,Second Special Session 2021,,,,,,,,,
HR23,Crawford,Second Special Session 2021,11/01/2021,H,,Joint Rule 11,,,,,
HJR24,McMillan,Second Special Session 2021,11/01/2021,H,,Introduced and referred to the House of Representatives committee on Rules,RULES,,,,
HJR24,McMillan,Second Special Session 2021,11/03/2021,H,,Reported from Rules and received,,,,,
HJR24,McMillan,Second Special Session 2021,11/03/2021,H,,Rowe motion to Adopt adopted Voice Vote,,,,,
HJR24,McMillan,Second Special Session 2021,,,,,,,,,
HR25,Drake,Second Special Session 2021,11/01/2021,H,,Joint Rule 11,,,,,
HR26,Faulkner,Second Special Session 2021,11/01/2021,H,,Joint Rule 11,,,,,
HR27,Jackson,Second Special Session 2021,11/02/2021,H,,Joint Rule 11,,,,,
HR28,Meadows,Second Special Session 2021,11/02/2021,H,,Joint Rule 11,,,,,
HR29,Mooney,Second Special Session 2021,11/03/2021,H,,Joint Rule 11,,,,,
HR30,Sorrell,Second Special Session 2021,11/03/2021,H,,Joint Rule 11,,,,,
HR31,Jackson,Second Special Session 2021,11/03/2021,H,,Joint Rule 11,,,,,
HR32,Jackson,Second Special Session 2021,11/03/2021,H,,Introduced and referred to the House of Representatives committee on Rules,RULES,,,,
HR33,Daniels,Second Special Session 2021,11/04/2021,H,,Joint Rule 11,,,,,
HR34,Alexander,Second Special Session 2021,11/04/2021,H,,Joint Rule 11,,,,,
HR35,Alexander,Second Special Session 2021,11/04/2021,H,,Joint Rule 11,,,,,
SB1,McClendon,Second Special Session 2021,10/28/2021,S,,Read for the first time and referred to the Senate committee on Finance and Taxation General Fund,F&TG,,,,
SB1,McClendon,Second Special Session 2021,10/29/2021,S,,Reported from Finance and Taxation General Fund as Favorable,,1,12,,
SB1,McClendon,Second Special Session 2021,11/01/2021,S,,Third Reading Passed,,,,,
SB1,McClendon,Second Special Session 2021,11/01/2021,S,,Motion to Read a Third Time and Pass adopted Roll Call 9,,,,,Roll 9
SB1,McClendon,Second Special Session 2021,11/01/2021,H,,Read for the first time and referred to the House of Representatives committee on State Government,SG,,,,
SB1,McClendon,Second Special Session 2021,11/02/2021,H,,Read for the second time and placed on the calendar,,4,9,,
SB1,McClendon,Second Special Session 2021,11/03/2021,H,,Third Reading Passed,,,,,
SB1,McClendon,Second Special Session 2021,11/03/2021,H,,Motion to Read a Third Time and Pass adopted Roll Call 16,,,,,Roll 16
SB1,McClendon,Second Special Session 2021,11/03/2021,S,,Passed Second House,,,,,
SB1,McClendon,Second Special Session 2021,11/03/2021,H,,Hassell Dissent Filed,,,,,
SB1,McClendon,Second Special Session 2021,11/03/2021,S,,Enrolled,,,,,
SB1,McClendon,Second Special Session 2021,11/03/2021,H,,Signature Requested,,,,,
SB1,McClendon,Second Special Session 2021,11/03/2021,H,,Hall Dissent Filed,,,,,
SB1,McClendon,Second Special Session 2021,,S,,Assigned Act No. 2021-558.,,,,,
SB2,McClendon,Second Special Session 2021,10/28/2021,S,,Read for the first time and referred to the Senate committee on Finance and Taxation General Fund,F&TG,,,,
SB2,McClendon,Second Special Session 2021,10/29/2021,S,,Reported from Finance and Taxation General Fund as Favorable,,1,11,,
SB2,McClendon,Second Special Session 2021,11/01/2021,S,,Third Reading Passed,,,,,
SB2,McClendon,Second Special Session 2021,11/01/2021,S,,Motion to Read a Third Time and Pass adopted Roll Call 10,,,,,Roll 10
SB2,McClendon,Second Special Session 2021,11/01/2021,H,,Read for the first time and referred to the House of Representatives committee on State Government,SG,,,,
SB2,McClendon,Second Special Session 2021,11/02/2021,H,,Read for the second time and placed on the calendar,,4,9,,
SB2,McClendon,Second Special Session 2021,11/03/2021,H,,Third Reading Passed,,,,,
SB2,McClendon,Second Special Session 2021,11/03/2021,H,,Motion to Read a Third Time and Pass adopted Roll Call 17,,,,,Roll 17
SB2,McClendon,Second Special Session 2021,11/03/2021,H,,Signature Requested,,,,,
SB2,McClendon,Second Special Session 2021,11/03/2021,S,,Passed Second House,,,,,
SB2,McClendon,Second Special Session 2021,11/03/2021,S,,Enrolled,,,,,
SB2,McClendon,Second Special Session 2021,,S,,Assigned Act No. 2021-559.,,,,,
SB3,Albritton,Second Special Session 2021,10/28/2021,S,,Read for the first time and referred to the Senate committee on Finance and Taxation General Fund,F&TG,,,,
SB3,Albritton,Second Special Session 2021,10/29/2021,S,,Reported from Finance and Taxation General Fund as Favorable,,0,13,,
SB3,Albritton,Second Special Session 2021,11/01/2021,S,,Third Reading Passed,,,,,
SB3,Albritton,Second Special Session 2021,11/01/2021,S,,Motion to Read a Third Time and Pass adopted Roll Call 11,,,,,Roll 11
SB3,Albritton,Second Special Session 2021,11/01/2021,H,,Read for the first time and referred to the House of Representatives committee on Ways and Means General Fund,W&MGF,,,,
SB3,Albritton,Second Special Session 2021,11/02/2021,H,,Read for the second time and placed on the calendar,,,,,
SB3,Albritton,Second Special Session 2021,11/03/2021,H,,Third Reading Indefinitely Postponed,,,,,
SB3,Albritton,Second Special Session 2021,11/03/2021,H,,Clouse motion to Indefinitely Postpone adopted Voice Vote,,,,,
SB4,Smitherman,Second Special Session 2021,10/28/2021,S,,Read for the first time and referred to the Senate committee on Education Policy,ED,,,,
SB4,Smitherman,Second Special Session 2021,10/29/2021,S,,Rereferred to Committee on Finance and Taxation General Fund,F&TG,,,,
SB5,Williams,Second Special Session 2021,10/28/2021,S,,Read for the first time and referred to the Senate committee on Finance and Taxation General Fund,F&TG,,,,
SB6,Givhan,Second Special Session 2021,10/28/2021,S,,Read for the first time and referred to the Senate committee on Finance and Taxation General Fund,F&TG,,,,
SB7,Butler,Second Special Session 2021,10/28/2021,S,,Read for the first time and referred to the Senate committee on Finance and Taxation General Fund,F&TG,,,,
SB8,Butler,Second Special Session 2021,10/28/2021,S,,Read for the first time and referred to the Senate committee on Finance and Taxation General Fund,F&TG,,,,
SB9,Elliott,Second Special Session 2021,10/28/2021,S,,Read for the first time and referred to the Senate committee on Finance and Taxation General Fund,F&TG,,,,
SB9,Elliott,Second Special Session 2021,11/01/2021,S,,Read for the second time and placed on the calendar with 1 substitute and,,2,12,,
SB9,Elliott,Second Special Session 2021,11/02/2021,S,,Third Reading Passed,,,,,
SB9,Elliott,Second Special Session 2021,11/02/2021,S,215539-2,Finance and Taxation General Fund first Substitute Offered,,,,,
SB9,Elliott,Second Special Session 2021,11/02/2021,S,,Waggoner motion to Rules Committee to Cease Debate adopted Roll Call 16,,,,,Roll 16
SB9,Elliott,Second Special Session 2021,11/02/2021,S,,Motion to Adopt adopted Roll Call 17,,,,,Roll 17
SB9,Elliott,Second Special Session 2021,11/02/2021,S,,Motion to Read a Third Time and Pass adopted Roll Call 18,,,,,Roll 18
SB9,Elliott,Second Special Session 2021,11/02/2021,S,,Engrossed,,,,,
SB9,Elliott,Second Special Session 2021,11/02/2021,H,,Read for the first time and referred to the House of Representatives committee on Health,HLTH,,,,
SB9,Elliott,Second Special Session 2021,11/03/2021,H,,Read for the second time and placed on the calendar with 1 substitute and,,,,,
SB9,Elliott,Second Special Session 2021,11/04/2021,H,,Third Reading Passed,,,,,
SB9,Elliott,Second Special Session 2021,11/04/2021,H,215613-4,Health first Substitute Offered,,,,,
SB9,Elliott,Second Special Session 2021,11/04/2021,H,,Jones (M) motion to Table adopted Roll Call 18,,,,,Roll 18
SB9,Elliott,Second Special Session 2021,11/04/2021,H,,Ledbetter motion to Previous Question adopted Roll Call 19,,,,,Roll 19
SB9,Elliott,Second Special Session 2021,11/04/2021,H,,"Robbins intended to vote ""Abstain""",,,,,
SB9,Elliott,Second Special Session 2021,11/04/2021,H,215637-3,Jones (M) first Substitute resumed,,,,,
SB9,Elliott,Second Special Session 2021,11/04/2021,H,,Motion to Adopt Jones (M) substitute adopted Roll Call 20,,,,,Roll 20
SB9,Elliott,Second Special Session 2021,11/04/2021,H,,Motion to Read a Third Time and Pass adopted Roll Call 21,,,,,Roll 21
SB9,Elliott,Second Special Session 2021,11/04/2021,S,,Concurrence Requested,,,,,
SB9,Elliott,Second Special Session 2021,11/04/2021,S,,Elliott motion to Non Concur and Appoint Conference Committee adopted Roll Call 39 P&PO appoints  P&PO appoints,,,,,Roll 39
SB9,Elliott,Second Special Session 2021,11/04/2021,S,,"Elliott motion to Non Concur and Appoint Conference Committee adopted Roll Call 41 P&PO appoints Reed, Beasley and Elliott",,,,,Roll 41
SB9,Elliott,Second Special Session 2021,11/04/2021,H,,Conference Committee Requested,,,,,
SB9,Elliott,Second Special Session 2021,11/04/2021,H,,Jones (M) motion to Accede adopted Roll Call 25,,,,,Roll 25
SB9,Elliott,Second Special Session 2021,11/04/2021,S,,Conference Committee Appointed,,,,,
SB9,Elliott,Second Special Session 2021,11/04/2021,S,,Conference Report,,,,,
SB9,Elliott,Second Special Session 2021,11/04/2021,S,,Elliott motion to Concur In and Adopt adopted Roll Call 43,,,,,Roll 43
SB9,Elliott,Second Special Session 2021,11/04/2021,H,,Conference Report Concurrence Requested,,,,,
SB9,Elliott,Second Special Session 2021,11/04/2021,H,,Jones (M) motion to Concur In and Adopt adopted Roll Call 27,,,,,Roll 27
SB9,Elliott,Second Special Session 2021,11/04/2021,S,,Concurred in Conference Report,,,,,
SB9,Elliott,Second Special Session 2021,11/04/2021,H,,Signature Requested,,,,,
SB9,Elliott,Second Special Session 2021,11/04/2021,S,,Enrolled,,,,,
SB9,Elliott,Second Special Session 2021,,S,,"Delivered to Governor at 11:15 p.m. on November 4, 2021",,,,,
SB9,Elliott,Second Special Session 2021,,S,,Assigned Act No. 2021-561.,,,,,
SB9,Elliott,Second Special Session 2021,,S,,,,,,,
SB10,Singleton,Second Special Session 2021,10/28/2021,S,,Read for the first time and referred to the Senate committee on Finance and Taxation General Fund,F&TG,,,,
SB11,Gudger,Second Special Session 2021,10/28/2021,S,,Read for the first time and referred to the Senate committee on Fiscal Responsibility and Economic Development,FRED,,,,
SB12,Orr,Second Special Session 2021,10/28/2021,S,,Read for the first time and referred to the Senate committee on Finance and Taxation General Fund,F&TG,,,,
SB13,Orr,Second Special Session 2021,10/28/2021,S,,Read for the first time and referred to the Senate committee on Finance and Taxation General Fund,F&TG,,,,
SB14,Singleton,Second Special Session 2021,10/29/2021,S,,Read for the first time and referred to the Senate committee on Local Legislation,LL1,,,,
SB14,Singleton,Second Special Session 2021,11/01/2021,S,,Read for the second time and placed on the calendar,,,,,
SB14,Singleton,Second Special Session 2021,11/02/2021,S,,Third Reading Passed,,,,,
SB14,Singleton,Second Special Session 2021,11/02/2021,S,,Motion to Read a Third Time and Pass adopted Roll Call 15,,,,,Roll 15
SB14,Singleton,Second Special Session 2021,11/02/2021,H,,Read for the first time and referred to the House of Representatives committee on State Government,SG,,,,
SB15,Orr,Second Special Session 2021,10/29/2021,S,,Read for the first time and referred to the Senate committee on Finance and Taxation General Fund,F&TG,,,,
SB15,Orr,Second Special Session 2021,11/01/2021,S,,Read for the second time and placed on the calendar  3 amendments,,1,12,1,
SB15,Orr,Second Special Session 2021,11/02/2021,S,,Third Reading Passed,,,,,
SB15,Orr,Second Special Session 2021,11/02/2021,S,215537-2,Finance and Taxation General Fund  Amendment Offered,,,,,
SB15,Orr,Second Special Session 2021,11/02/2021,S,,Orr motion to Table adopted Voice Vote,,,,,
SB15,Orr,Second Special Session 2021,11/02/2021,S,215538-4,Finance and Taxation General Fund  Amendment Offered,,,,,
SB15,Orr,Second Special Session 2021,11/02/2021,S,,Orr motion to Table adopted Voice Vote,,,,,
SB15,Orr,Second Special Session 2021,11/02/2021,S,215540-2,Finance and Taxation General Fund  Amendment Offered,,,,,
SB15,Orr,Second Special Session 2021,11/02/2021,S,,Orr motion to Table adopted Voice Vote,,,,,
SB15,Orr,Second Special Session 2021,11/02/2021,S,215561-5,Orr first Substitute Offered,,,,,
SB15,Orr,Second Special Session 2021,11/02/2021,S,,Orr motion to Adopt adopted Roll Call 19,,,,,Roll 19
SB15,Orr,Second Special Session 2021,11/02/2021,S,215587-2,Singleton  Amendment Offered,,,,,
SB15,Orr,Second Special Session 2021,11/02/2021,S,,Singleton motion to Adopt adopted Roll Call 20,,,,,Roll 20
SB15,Orr,Second Special Session 2021,11/02/2021,S,215592-2,Coleman-Madison  Amendment Offered,,,,,
SB15,Orr,Second Special Session 2021,11/02/2021,S,,Coleman-Madison motion to Adopt lost Roll Call 21,,,,,Roll 21
SB15,Orr,Second Special Session 2021,11/02/2021,S,,Motion to Read a Third Time and Pass adopted Roll Call 22,,,,,Roll 22
SB15,Orr,Second Special Session 2021,11/02/2021,S,,Engrossed,,,,,
SB15,Orr,Second Special Session 2021,11/02/2021,H,,Read for the first time and referred to the House of Representatives committee on Health,HLTH,,,,
SB15,Orr,Second Special Session 2021,11/03/2021,H,,Read for the second time and placed on the calendar,,,,,
SB15,Orr,Second Special Session 2021,11/04/2021,H,,Third Reading Carried Over,,,,,
SB15,Orr,Second Special Session 2021,11/04/2021,H,,Marques motion to Carry Over Temporarily adopted Voice Vote,,,,,
SB15,Orr,Second Special Session 2021,11/04/2021,H,,Third Reading Passed,,,,,
SB15,Orr,Second Special Session 2021,11/04/2021,H,215640-1,Crawford  Amendment Offered,,,,,
SB15,Orr,Second Special Session 2021,11/04/2021,H,,Motion to Adopt adopted Roll Call 22,,,,,Roll 22
SB15,Orr,Second Special Session 2021,11/04/2021,H,,Motion to Read a Third Time and Pass adopted Roll Call 23,,,,,Roll 23
SB15,Orr,Second Special Session 2021,11/04/2021,S,,Concurrence Requested,,,,,
SB15,Orr,Second Special Session 2021,11/04/2021,S,,"Orr motion to Non Concur and Appoint Conference Committee adopted Roll Call 40 P&PO appoints Orr, Singleton and Scofield",,,,,Roll 40
SB15,Orr,Second Special Session 2021,11/04/2021,H,,Conference Committee Requested,,,,,
SB15,Orr,Second Special Session 2021,11/04/2021,H,,"Marques motion to Accede adopted Roll Call 24 House appoints Marques, Lee and England House appoints",,,,,Roll 24
SB15,Orr,Second Special Session 2021,11/04/2021,S,,Conference Committee Appointed,,,,,
SB15,Orr,Second Special Session 2021,11/04/2021,S,,Concurred in Conference Report,,,,,
SB15,Orr,Second Special Session 2021,11/04/2021,S,,Conference Report,,,,,
SB15,Orr,Second Special Session 2021,11/04/2021,H,,Signature Requested,,,,,
SB15,Orr,Second Special Session 2021,11/04/2021,S,,Orr motion to Concur In and Adopt adopted Roll Call 42,,,,,Roll 42
SB15,Orr,Second Special Session 2021,11/04/2021,H,,Conference Report Concurrence Requested,,,,,
SB15,Orr,Second Special Session 2021,11/04/2021,H,,Marques motion to Concur In and Adopt adopted Roll Call 26,,,,,Roll 26
SB15,Orr,Second Special Session 2021,11/04/2021,H,,"Givan intended to vote ""Nay""",,,,,
SB15,Orr,Second Special Session 2021,,S,215538-4,Finance and Taxation General Fund second Amendment Offered,,,,,
SB15,Orr,Second Special Session 2021,,H,,Assigned Act No. 2021-560.,,,,,
SB15,Orr,Second Special Session 2021,,S,215651-1,Conference Committee on SB15 2021SS first Substitute Offered,,,,,
SB15,Orr,Second Special Session 2021,,S,215537-2,Finance and Taxation General Fund first Amendment Offered,,,,,
SB15,Orr,Second Special Session 2021,,S,215540-2,Finance and Taxation General Fund third Amendment Offered,,,,,
SB15,Orr,Second Special Session 2021,11/04/2021,S,,Enrolled,,,,,
SB16,Jones,Second Special Session 2021,11/01/2021,S,,Read for the first time and referred to the Senate committee on Local Legislation,LL1,,,,
SB16,Jones,Second Special Session 2021,11/02/2021,S,,Read for the second time and placed on the calendar,,,,,
SB16,Jones,Second Special Session 2021,11/03/2021,S,,Third Reading Passed,,,,,
SB16,Jones,Second Special Session 2021,11/03/2021,S,,Motion to Read a Third Time and Pass adopted Roll Call 25,,,,,Roll 25
SB16,Jones,Second Special Session 2021,,,,,,,,,
SB17,Jones,Second Special Session 2021,11/01/2021,S,,Read for the first time and referred to the Senate committee on Local Legislation,LL1,,,,
SB17,Jones,Second Special Session 2021,11/02/2021,S,,Read for the second time and placed on the calendar,,,,,
SB17,Jones,Second Special Session 2021,11/03/2021,S,,Third Reading Passed,,,,,
SB17,Jones,Second Special Session 2021,11/03/2021,S,,Motion to Read a Third Time and Pass adopted Roll Call 26,,,,,Roll 26
SB17,Jones,Second Special Session 2021,,,,,,,,,
SB18,Scofield,Second Special Session 2021,11/01/2021,S,,Read for the first time and referred to the Senate committee on Local Legislation,LL1,,,,
SB18,Scofield,Second Special Session 2021,11/02/2021,S,,Read for the second time and placed on the calendar,,,,,
SB18,Scofield,Second Special Session 2021,11/03/2021,S,,Third Reading Passed,,,,,
SB18,Scofield,Second Special Session 2021,11/03/2021,S,,Motion to Read a Third Time and Pass adopted Roll Call 27,,,,,Roll 27
SB18,Scofield,Second Special Session 2021,,,,,,,,,
SJR1,Waggoner,Second Special Session 2021,10/28/2021,S,,Introduced,,,,,
SJR1,Waggoner,Second Special Session 2021,10/28/2021,S,,Waggoner motion to Adopt adopted Voice Vote,,,,,
SJR1,Waggoner,Second Special Session 2021,10/28/2021,H,,Received in House of Representatives and referred to the House of Representatives committee on Rules,RULES,,,,
SJR1,Waggoner,Second Special Session 2021,11/03/2021,H,,Reported from Rules,,,,,
SJR1,Waggoner,Second Special Session 2021,11/03/2021,H,,Jones (M) motion to Concur In and Adopt adopted Voice Vote,,,,,
SJR1,Waggoner,Second Special Session 2021,11/04/2021,S,,Passed Second House,,,,,
SR2,Waggoner,Second Special Session 2021,10/28/2021,S,,Introduced,,,,,
SR2,Waggoner,Second Special Session 2021,10/28/2021,S,,Waggoner motion to Adopt adopted Voice Vote,,,,,
SJR3,Butler,Second Special Session 2021,10/28/2021,S,,Introduced and referred to the Senate committee on Rules,RULES,,,,
SJR3,Butler,Second Special Session 2021,11/04/2021,S,,Reported from Rules,,,,,
SJR3,Butler,Second Special Session 2021,11/04/2021,S,,Waggoner motion to Adopt adopted Voice Vote,,,,,
SJR3,Butler,Second Special Session 2021,,,,,,,,,
SJR4,Allen,Second Special Session 2021,10/28/2021,S,,Introduced,,,,,
SJR4,Allen,Second Special Session 2021,10/28/2021,S,,Allen motion to Adopt adopted Voice Vote,,,,,
SJR4,Allen,Second Special Session 2021,10/28/2021,H,,Received in House of Representatives and referred to the House of Representatives committee on Rules,RULES,,,,
SJR4,Allen,Second Special Session 2021,11/03/2021,H,,Reported from Rules and received,,,,,
SJR4,Allen,Second Special Session 2021,11/03/2021,H,,Rowe motion to Concur In and Adopt adopted Voice Vote,,,,,
SJR4,Allen,Second Special Session 2021,11/04/2021,S,,Passed Second House,,,,,
SJR4,Allen,Second Special Session 2021,11/04/2021,S,,Enrolled,,,,,
SJR4,Allen,Second Special Session 2021,11/04/2021,H,,Signature Requested,,,,,
SJR4,Allen,Second Special Session 2021,,S,,Assigned Act No. 2021-562.,,,,,
SJR5,Williams,Second Special Session 2021,10/29/2021,S,,Introduced and referred to the Senate committee on Rules,RULES,,,,
SR6,Rules,Second Special Session 2021,11/01/2021,S,,Introduced,,,,,
SR6,Rules,Second Special Session 2021,11/01/2021,S,,Waggoner motion to Adopt adopted Roll Call 12,,,,,Roll 12
SJR7,Beasley,Second Special Session 2021,11/02/2021,S,,Introduced,,,,,
SJR7,Beasley,Second Special Session 2021,11/02/2021,S,,Beasley motion to Adopt adopted Voice Vote,,,,,
SJR7,Beasley,Second Special Session 2021,11/02/2021,H,,Received in House of Representatives and referred to the House of Representatives committee on Rules,RULES,,,,
SJR7,Beasley,Second Special Session 2021,11/03/2021,H,,Reported from Rules,,,,,
SJR7,Beasley,Second Special Session 2021,11/03/2021,H,,Jones (M) motion to Concur In and Adopt adopted Voice Vote,,,,,
SJR7,Beasley,Second Special Session 2021,11/03/2021,S,,Passed Second House,,,,,
SJR7,Beasley,Second Special Session 2021,11/03/2021,S,,Enrolled,,,,,
SJR7,Beasley,Second Special Session 2021,11/03/2021,H,,Signature Requested,,,,,
SJR7,Beasley,Second Special Session 2021,,S,,Assigned Act No. 2021-554.,,,,,
SJR8,Beasley,Second Special Session 2021,11/02/2021,S,,Introduced,,,,,
SJR8,Beasley,Second Special Session 2021,11/02/2021,S,,Beasley motion to Adopt adopted Voice Vote,,,,,
SJR8,Beasley,Second Special Session 2021,11/02/2021,H,,Received in House of Representatives and referred to the House of Representatives committee on Rules,RULES,,,,
SJR8,Beasley,Second Special Session 2021,11/03/2021,H,,Reported from Rules and received,,,,,
SJR8,Beasley,Second Special Session 2021,11/03/2021,H,,Rowe motion to Concur In and Adopt adopted Voice Vote,,,,,
SJR8,Beasley,Second Special Session 2021,11/04/2021,S,,Passed Second House,,,,,
SJR8,Beasley,Second Special Session 2021,11/04/2021,S,,Enrolled,,,,,
SJR8,Beasley,Second Special Session 2021,11/04/2021,H,,Signature Requested,,,,,
SJR8,Beasley,Second Special Session 2021,,S,,Assigned Act No. 2021-563.,,,,,
SR9,Hatcher,Second Special Session 2021,11/02/2021,S,,Introduced,,,,,
SR9,Hatcher,Second Special Session 2021,11/02/2021,S,,Hatcher motion to Adopt adopted Voice Vote,,,,,
SJR10,Roberts,Second Special Session 2021,11/02/2021,S,,Introduced,,,,,
SJR10,Roberts,Second Special Session 2021,11/02/2021,S,,Roberts motion to Adopt adopted Voice Vote,,,,,
SJR10,Roberts,Second Special Session 2021,11/02/2021,H,,Received in House of Representatives and referred to the House of Representatives committee on Rules,RULES,,,,
SJR10,Roberts,Second Special Session 2021,11/03/2021,H,,Reported from Rules,,,,,
SJR10,Roberts,Second Special Session 2021,11/03/2021,H,,Rowe motion to Concur In and Adopt adopted Voice Vote,,,,,
SJR10,Roberts,Second Special Session 2021,11/04/2021,S,,Passed Second House,,,,,
SJR10,Roberts,Second Special Session 2021,11/04/2021,S,,Enrolled,,,,,
SJR10,Roberts,Second Special Session 2021,11/04/2021,H,,Signature Requested,,,,,
SJR10,Roberts,Second Special Session 2021,,S,,Assigned Act No. 2021-564.,,,,,
