count,bill_id,term,year,session,Title,short_title,filter
3,HB0004,2020_2023,2020,2020-RS,Authorizes Legislative Oversight on Governor Disaster Emergency Restrictions,RETIREMENT/PAROCHIAL EMP:  Provides relative to the frequency of plan experience studies for the Parochial Employees' Retirement System of Louisiana (EN DECREASE FC SG EX),remove
3,HB0004,2020_2023,2020,2020-SS1,Authorizes Legislative Oversight on Governor Disaster Emergency Restrictions,TAX CREDITS:  Extends the date for eligible expenses to qualify for the tax credit for the rehabilitation of historic structures and extends the effectiveness of the credit (Item #19) (EN SEE FISC NOTE GF RV See Note),remove
3,HB0004,2020_2023,2020,2020-SS2,Authorizes Legislative Oversight on Governor Disaster Emergency Restrictions,"EMERGENCY PREPAREDNESS:  Provides relative to emergency declarations (Items #1, 2, and 28)",keep
3,HB0026,2020_2023,2020,2020-RS,Establishes Sales Tax Holiday to Provide Relief for Recovery,RETIREMENT BENEFITS:  (Constitutional Amendment) Limits the application of the guarantee of retirement benefits for state employees to certain types of benefits (OR NO IMPACT APV),remove
3,HB0026,2020_2023,2020,2020-SS1,Establishes Sales Tax Holiday to Provide Relief for Recovery,"COLLEGES/UNIVERSITIES:  Extends, with limitations, the authority of public postsecondary education management boards to establish and increase student fees (Item #41)",remove
3,HB0026,2020_2023,2020,2020-SS2,Establishes Sales Tax Holiday to Provide Relief for Recovery,"TAX/SALES-USE-EXEMPT:  Establishes a sales tax holiday to provide relief for recovery as a result of Hurricane Laura and the COVID-19 pandemic (Item #26) (EN -$4,500,000 GF RV See Note)",keep
3,HB0029,2020_2023,2020,2020-RS,Establishes Severance Tax Exemption for Oil Wells,CHILDREN/MISSING:  Provides relative to the reporting duties of law enforcement with respect to information about missing children,remove
3,HB0029,2020_2023,2020,2020-SS1,Establishes Severance Tax Exemption for Oil Wells,APPROPRIATIONS/SUPPLEML:  Makes supplemental appropriations for Fiscal Year 2019-2020 (Item #2),remove
3,HB0029,2020_2023,2020,2020-SS2,Establishes Severance Tax Exemption for Oil Wells,"TAX/SEVERANCE-EXEMPTION:  Suspends severance taxes on production from certain oil wells (Items #26 and 61) (EN -$10,375,000 GF RV See Note)",keep
3,HB0032,2020_2023,2020,2020-RS,Requires Bars and Restaurants be Treated the Same during a Disaster Declaration,RETIREMENT/TEACHERS:  Establishes an optional hybrid retirement plan for members of the Teachers' Retirement System of Louisiana (OR INCREASE APV),remove
3,HB0032,2020_2023,2020,2020-SS1,Requires Bars and Restaurants be Treated the Same during a Disaster Declaration,INSURANCE/RATES:  Provides relative to rate determinations based on risks classified by the insured's credit information (Item #40),remove
3,HB0032,2020_2023,2020,2020-SS2,Requires Bars and Restaurants be Treated the Same during a Disaster Declaration,"GOVERNMENTAL REGULATIONS:  Provides for the operation of restaurants and bars during a declared emergency or disaster (Items #32, 35, and 60)",keep
3,HB0037,2020_2023,2020,2020-RS,Expands Business Tax Credits,TOPS:  Provides that the annual amount of a Taylor Opportunity Program for Students (TOPS) award at Northwest Louisiana Technical Community College shall match the annual award amount at other technical community colleges (EN INCREASE GF EX See Note),remove
3,HB0037,2020_2023,2020,2020-SS1,Expands Business Tax Credits,REVENUE DEPARTMENT:  Requires the Department of Revenue to waive penalties and interest for certain taxpayers for tax years 2019 and 2020 (Item #29) (RE1 DECREASE SG RV See Note),remove
3,HB0037,2020_2023,2020,2020-SS2,Expands Business Tax Credits,TAX CREDITS:  Authorizes an income tax credit for certain businesses whose operations were interrupted as a result of the COVID-19 pandemic (Items #26 and 65) (EN DECREASE GF RV See Note),keep
3,HB0038,2020_2023,2020,2020-RS,Establishes the Louisiana Police Funding Protection Act,CRIMINAL/SENTENCING:  Eliminates the death penalty (OR SEE FISC NOTE GF EX),remove
3,HB0038,2020_2023,2020,2020-SS1,Establishes the Louisiana Police Funding Protection Act,TAX/AD VALOREM TAX:  (Constitutional Amendment) To authorize local taxing authorities to enter into cooperative endeavor agreements for the purpose of payments in lieu of taxes (Item #28) (OR SEE FISC NOTE LF RV See Note),remove
3,HB0038,2020_2023,2020,2020-SS2,Establishes the Louisiana Police Funding Protection Act,"FUNDS/FUNDING:  Provides relative to funding university, parish, and municipal police departments (Items #15 and 16) (REF SEE FISC NOTE SD EX See Note)",keep
3,HB0039,2020_2023,2020,2020-RS,Establishes Supplemental Appropriations for Fiscal Year 2020-2021,EVIDENCE:  Provides relative to the admissibility of evidence for failure to wear a safety belt,remove
3,HB0039,2020_2023,2020,2020-SS1,Establishes Supplemental Appropriations for Fiscal Year 2020-2021,UTILITIES:  Provides relative to the Louisiana Electric Utility Investment Recovery Securitization Act (Item #35),remove
3,HB0039,2020_2023,2020,2020-SS2,Establishes Supplemental Appropriations for Fiscal Year 2020-2021,APPROPRIATIONS/SUPPLEML:  Makes supplemental appropriations for Fiscal Year 2020-2021 (Item #11),keep
3,HB0043,2020_2023,2020,2020-RS,Establishes Guidelines for Nursing Homes During COVID-19 Pandemic,LEGISLATIVE POWERS:  (Constitutional Amendment) Provides relative to the naming of public buildings by local governments,remove
3,HB0043,2020_2023,2020,2020-SS1,Establishes Guidelines for Nursing Homes During COVID-19 Pandemic,CIVIL/ACTIONS:  Makes revisions to the Omnibus Premium Reduction Act of 2020 (Item #40),remove
3,HB0043,2020_2023,2020,2020-SS2,Establishes Guidelines for Nursing Homes During COVID-19 Pandemic,HEALTH CARE/FACILITIES:  Provides for administrative rules relative to visitation of nursing home and assisted living facility residents during a public health emergency (Item #59),keep
3,HB0051,2020_2023,2020,2020-RS,Prohibits Using Private Funds for Campaign Election Expenses,CRIMINAL/PROCEDURE:  Provides relative to the time period for filing a bill of information or indictment after an arrest,remove
3,HB0051,2020_2023,2020,2020-SS1,Prohibits Using Private Funds for Campaign Election Expenses,CIVIL/IMMUNITY:  Provides with respect to immunity from civil liability for law enforcement engaged in certain actions (Item #40),remove
3,HB0051,2020_2023,2020,2020-SS2,Prohibits Using Private Funds for Campaign Election Expenses,ELECTIONS:  Provides for prohibition of using private funds for any part of our election system (Item #5),keep
3,HB0057,2020_2023,2020,2020-RS,Amends Jury Trial and Seatbelt Lawsuit Requirements,CRIMINAL/JURY TRIALS:  Provides for the functions of the jury commission in Tangipahoa Parish and Jackson Parish,keep
3,HB0057,2020_2023,2020,2020-SS1,Amends Jury Trial and Seatbelt Lawsuit Requirements,CIVIL/ACTIONS:  Enacts the Civil Justice Reform Act of 2020 (Item #40),remove
3,HB0057,2020_2023,2020,2020-SS2,Amends Jury Trial and Seatbelt Lawsuit Requirements,"LEGISLATIVE POWERS:  Provides relative to the emergency powers of the governor (Items #1, 2, 28, and 41)",remove
3,HB0059,2020_2023,2020,2020-RS,Authorizes Additional Compensation to Certain Election Officials for Elections Held During a Gubernatorially Decla ...,"HUNTING:  Allows hunting feral hogs, nutria, and beaver at night during deer season and repeals requirement for notification to the sheriff",remove
3,HB0059,2020_2023,2020,2020-SS1,Authorizes Additional Compensation to Certain Election Officials for Elections Held During a Gubernatorially Decla ...,LIABILITY/PUBLIC:  Provides relative to limitations of liability for public and private school districts and postsecondary institutions during a declared state of emergency or a public health emergency (Item #40),remove
3,HB0059,2020_2023,2020,2020-SS2,Authorizes Additional Compensation to Certain Election Officials for Elections Held During a Gubernatorially Decla ...,"ELECTIONS:  Authorizes the payment of additional compensation to certain election officials for elections held within a certain period following a gubernatorially declared emergency (Item #5) (EN +$6,334,500 GF EX See Note)",keep
3,HB0064,2020_2023,2020,2020-RS,Establishes 8 Percent Taxation Rate for Fantasy Sports,JUVENILES:  Provides relative to the unlawful disruption of the operation of a school (OR DECREASE GF EX See Note),remove
3,HB0064,2020_2023,2020,2020-SS1,Establishes 8 Percent Taxation Rate for Fantasy Sports,TAX/GAMING:  Levies a state tax on the net revenue of fantasy sports contests (Item #17) (EN INCREASE SD RV See Note),keep
3,HB0064,2020_2023,2020,2020-SS2,Establishes 8 Percent Taxation Rate for Fantasy Sports,GOVERNMENTAL REGULATIONS:  Provides for a program of public health and safety options for local governments to implement during a public health emergency (Item #28),remove
3,SB0020,2020_2023,2020,2020-RS,Amends Election Laws Due to the Declared Disaster Emergency,"FIREFIGHTERS RETIREMENT:  Provides benefits for members hired on or after January 1, 2021. (6/30/20) (OR DECREASE APV)",remove
3,SB0020,2020_2023,2020,2020-SS1,Amends Election Laws Due to the Declared Disaster Emergency,"FUNDS/FUNDING:  Provides for the creation, transfer, dedication, deposit, and use of certain funds in the state treasury. (Item #11) (gov sig) (EG SEE FISC NOTE SD RV See Note)",remove
3,SB0020,2020_2023,2020,2020-SS2,Amends Election Laws Due to the Declared Disaster Emergency,EMERGENCY POWERS:  Provides relative to voting and the holding of elections impaired as the result of a declared emergency or disaster. (1/1/21) (Item #5) (EN SEE FISC NOTE GF EX See Note),keep
3,SB0022,2020_2023,2020,2020-RS,Authorizes Additional Time for Processing Absentee Ballots Prior to Election Day 2020,SUPERINTENDENT OF ED:  Provides relative to the appointment and Senate confirmation of the state superintendent of education. (gov sig),remove
3,SB0022,2020_2023,2020,2020-SS1,Authorizes Additional Time for Processing Absentee Ballots Prior to Election Day 2020,TAX/INCOME/CORPORATE:  Authorizes a net operating loss carry-back for purposes of the corporation income tax. (Item #20) (7/1/20) (OR DECREASE GF RV See Note),remove
3,SB0022,2020_2023,2020,2020-SS2,Authorizes Additional Time for Processing Absentee Ballots Prior to Election Day 2020,"VOTERS/VOTING:  Provides for preparation and counting of absentee and early voting ballots. (gov sig) (Item #5) (EN +$82,800 GF EX See Note)",keep
3,SB0029,2020_2023,2020,2020-RS,Authorizes the Legislature to Void a State of Emergency Declaration After 30 Days,"ROADS/HIGHWAYS:  Designates a portion of Louisiana Highway 38 inTangipahoa Parish the ""Deputy R.A. Kent Memorial Highway"". (8/1/20) (OR +$1,100 SG EX See Note)",remove
3,SB0029,2020_2023,2020,2020-SS1,Authorizes the Legislature to Void a State of Emergency Declaration After 30 Days,"LIABILITY:  Provides relative to certain civil actions, civil liability, damages, and procedures. (1/1/21) (OR SEE FISC NOTE GF EX)",remove
3,SB0029,2020_2023,2020,2020-SS2,Authorizes the Legislature to Void a State of Emergency Declaration After 30 Days,EMERGENCY POWERS:  Provides for legislative review of a state of emergency issued by the governor that extends beyond thirty days. (gov sig) (Items #1 and #2),keep
3,HB0001,2020_2023,2022,2022-RS,Amends State Congressional Districts,APPROPRIATIONS:  Provides for the ordinary operating expenses of state government for Fiscal Year 2022-2023,remove
3,HB0001,2020_2023,2022,2022-SS1,Amends State Congressional Districts,REAPPORTIONMENT/CONGRESS:  Provides relative to the districts for members of the United States Congress (Item #3),keep
3,HB0001,2020_2023,2022,2022-SS2,Amends State Congressional Districts,CONGRESS/DISTRICTS:  Provides relative to the districts for elected members of the United States Congress,keep
3,SB0001,2020_2023,2022,2022-RS,Amends State Senate Legislative Districts,HEALTH CARE:  Constitutional amendment to provide for freedom from discrimination relative to immunization status. (2/3 - CA13s1(A)),remove
3,SB0001,2020_2023,2022,2022-SS1,Amends State Senate Legislative Districts,SENATE:  Provides for the redistricting of the Louisiana Senate. (Item #2),keep
3,SB0001,2020_2023,2022,2022-SS2,Amends State Senate Legislative Districts,CONGRESS:  Provides for redistricting of Louisiana congressional districts.  (Item #1) (OR SEE FISC NOTE GF EX),remove
2,HB0001,2020_2023,2020,2020-SS1,Establishes Parole Eligibility for Juvenile Offenders,APPROPRIATIONS:  Provides for the ordinary operating expenses of state government for Fiscal Year 2020-2021 (Item #1),remove
2,HB0001,2020_2023,2020,2020-SS2,Establishes Parole Eligibility for Juvenile Offenders,JUVENILES:  Provides relative to parole eligibility for certain juvenile offenders (Item #58),keep
2,SB0031,2020_2023,2020,2020-RS,Prohibits the Use of Statewide Assessments to Evaluate Teacher Performance or Student Placement in the 2020-2021 S ...,CRIME/PUNISHMENT:  Provides relative to the penalties for obstruction of justice.  (8/1/20) (OR SEE FISC NOTE GF EX),remove
2,SB0031,2020_2023,2020,2020-SS2,Prohibits the Use of Statewide Assessments to Evaluate Teacher Performance or Student Placement in the 2020-2021 S ...,EDUCATION ACCOUNTABILITY:  Prohibits use of statewide student assessments conducted during the 2020-2021 school year for the purposes of evaluating teacher performance or student placement decisions. (gov sig) (Item #42),keep
2,SB0050,2020_2023,2020,2020-RS,Prohibits Handheld Cell Phone Use While Driving,TRAFFIC:  Prohibits use of a handheld wireless telecommunications device by a person when operating a motor vehicle upon any public roadway in this state. (8/1/20) (REF INCREASE LF EX See Note),keep
2,SB0050,2020_2023,2020,2020-SS2,Prohibits Handheld Cell Phone Use While Driving,CAPITAL OUTLAY:  Provides relative to the capital outlay process. (gov sig) (Item #15) (EN NO IMPACT   See Note),remove
2,SB0072,2020_2023,2020,2020-RS,Authorizes One-Time Income Tax Credit For Businesses,INSURANCE COMMISSIONER:  Provides for collection of certain fees by the commissioner of insurance from property and casualty insurers. (7/1/20) (EG SEE FISC NOTE SG RV See Note),remove
2,SB0072,2020_2023,2020,2020-SS2,Authorizes One-Time Income Tax Credit For Businesses,"TAX/INCOME/CORPORATE:  Authorizes an income tax credit for certain businesses whose operations were interrupted as a result of the COVID-19 pandemic. (gov sig)
(Items #26 and #65) (EN -$2,000,000 GF RV See Note)",keep
2,SB0074,2020_2023,2020,2020-RS,"Amends Election Penalties Relating to Registration, Fraud, and Forgery",COURTS:  Adds a second commissioner to the Twenty-Second Judicial District Court and authorizes commissioners to preside over domestic violence cases and civil matters. (8/1/20) (OR INCREASE LF EX See Note),remove
2,SB0074,2020_2023,2020,2020-SS2,"Amends Election Penalties Relating to Registration, Fraud, and Forgery",ELECTION OFFENSES:  Provides relative to election offenses affecting registration and election fraud or forgery. (gov sig) (Item #5) (EN INCREASE GF EX See Note),keep
2,SB0077,2020_2023,2020,2020-RS,Establishes Regulations for Fantasy Sports Gambling,PUBLIC CONTRACTS:  Requires any contractor who bids on or enters into a contract with a public entity to comply with the Louisiana Equal Pay for Women Act. (8/1/20) (OR INCREASE LF EX See Note),remove
2,SB0077,2020_2023,2020,2020-SS2,Establishes Regulations for Fantasy Sports Gambling,GAMING:  Provides relative to fantasy sports. (gov sig) (Item #32) (EN NO IMPACT   See Note),keep
2,HB0008,2020_2023,2022,2022-RS,Authorizes Current and Former Officials to Carry Handguns,WEAPONS/FIREARMS:  Provides an exception to the illegal carrying of weapons for certain persons,keep
2,HB0008,2020_2023,2022,2022-SS1,Authorizes Current and Former Officials to Carry Handguns,REAPPORTIONMENT/CONGRESS:  Provides relative to the election districts for members of congress (Item #3),remove
2,HB0014,2020_2023,2022,2022-RS,Authorizes New Election Districts for the House of Representatives,PUBLIC MEETINGS:  Provides relative to meetings of public bodies,remove
2,HB0014,2020_2023,2022,2022-SS1,Authorizes New Election Districts for the House of Representatives,REAPPORTIONMENT/HOUSE:  Provides for the districts for the election of members to the House of Representatives (Item #1),keep
2,SB0005,2020_2023,2022,2022-RS,Amends Congressional District Boundaries,STATE EMPLOYEE RET:  Grants a nonrecurring lump-sum supplemental payment to certain eligible retirees and beneficiaries. (2/3 - CA10s29(F)) (gov sig) (EN INCREASE APV),remove
2,SB0005,2020_2023,2022,2022-SS1,Amends Congressional District Boundaries,REDISTRICTING:  Provides for redistricting of Louisiana congressional districts. (Item #3),keep
2,SB0006,2020_2023,2022,2022-RS,Expands Retired Teachers' Benefits,TEACHERS RETIREMENT:  Grants a permanent benefit increase to eligible system retirees and beneficiaries. (2/3 - CA10s29(F)) (6/30/22) (EN INCREASE APV),keep
2,SB0006,2020_2023,2022,2022-SS1,Expands Retired Teachers' Benefits,CONGRESS:  Provides for the redistricting of Congress. (Item #3),remove
2,SB0015,2020_2023,2022,2022-RS,Amends Supreme Court District Boundaries,CONTRACTS:  Provides relative to contracts for fiscal intermediary services. (8/1/22) (EN NO IMPACT   See Note),remove
2,SB0015,2020_2023,2022,2022-SS1,Amends Supreme Court District Boundaries,COURTS:  Provides for redistricting of the Supreme Court. (2/3 - CA5s4) (Item #6),keep
1,HB0109,2020_2023,2020,2020-RS,Prohibits Vaping in Motor Vehicles When a Child Is Present,MTR VEHICLE/VIOLATIONS:  Prohibits vaping in motor vehicles under certain circumstances,keep
1,HB0132,2020_2023,2020,2020-RS,Establishes Daylight Savings Time as the Standard Time Year-Round,TIME/DAYLIGHT SAVING:  Adopts daylight saving time as the standard time,keep
1,HB0140,2020_2023,2020,2020-RS,Prohibits Localities from Establishing Restrictions to Prohibit Firearm Possession,WEAPONS:  Provides relative to the preemption of state law for firearms,keep
1,HB0173,2020_2023,2020,2020-RS,Expands Parole Eligibility for Certain Juvenile Offenders,JUVENILES:  Provides parole eligibility for certain juvenile offenders (EN DECREASE GF EX See Note),keep
1,HB0211,2020_2023,2020,2020-RS,Prohibits State Commissioner from Penalizing Financial Institutions for Providing Services to Cannabis-Related Bus ...,FINANCIAL INSTITUTIONS:  Provides relative to state banks and credit unions providing financial services to cannabis-related legitimate businesses and service providers,keep
1,HB0241,2020_2023,2020,2020-RS,Amends Certain Requirements of the Records Expungement Process,CRIMINAL/RECORDS:  Provides relative to expungement of records,keep
1,HB0317,2020_2023,2020,2020-RS,Authorizes Autism Symbol on Driver's Licenses,"TRANSPORTATION:  Establishes a driver's license designation for a person with autism spectrum disorder (EN +$75,000 GF EX See Note)",keep
1,HB0334,2020_2023,2020,2020-RS,Authorizes Concealed Handgun Permit Holders to Carry Inside Places of Worship,WEAPONS/HANDGUNS:  Authorizes a concealed handgun permit holder to carry a concealed handgun in a place of worship,keep
1,HB0357,2020_2023,2020,2020-RS,Establishes Regulations for Fantasy Sports Gambling,GAMING:  Provides relative to fantasy sports contests (EN SEE FISC NOTE SG EX See Note),keep
1,HB0420,2020_2023,2020,2020-RS,Establishes Minimum Training Requirements for Peace Officers,LAW ENFORCEMENT:  Provides relative to minimum training requirements for law enforcement officers,keep
1,HB0434,2020_2023,2020,2020-RS,Establishes Outlines and Provisions Relating to Homicide,CRIME/HOMICIDE:  Provides relative to certain homicide offenses,keep
1,HB0506,2020_2023,2020,2020-RS,Reduces Severance Tax Rate for Oil,"TAX/SEVERANCE TAX:  Reduces the severance tax rate for oil over a certain period of time, clarifies the severance tax rate for oil produced from certain incapable wells, and authorizes the reduction of the severance tax rate on natural gas (RE DECREASE GF RV See Note)",keep
1,HB0722,2020_2023,2020,2020-RS,Specifies that Electronic Signatures Used in Transactions with Financial Institutions are Enforceable to the Full  ...,FINANCIAL INSTITUTIONS:  Provides for the enforcement of electronic signatures by financial institutions,keep
1,HB0819,2020_2023,2020,2020-RS,Expands Access to Medical Marijuana,MEDICAL MARIJUANA:  Authorizes the recommendation of medical marijuana for additional conditions and allows any state-licensed physician to recommend medical marijuana,keep
1,HB0826,2020_2023,2020,2020-RS,Establishes Legal Immunity for COVID-19 Claims to Businesses and Government Agencies,LIABILITY:  Provides relative to the limitations of liability due to the COVID-19 public health emergency,keep
1,HB0846,2020_2023,2020,2020-RS,Establishes Tax Rebates for COVID-19 Impacted Businesses,TAX/TAX REBATES:  Establishes a Payroll Incentive Program rebate for COVID-19-impacted businesses (EN DECREASE GF RV See Note),keep
1,HCR0023,2020_2023,2020,NA,Classifies the US Senate Confirming Amy Coney Barrett to the US Supreme Court as a Memorialized Event,NA,keep
1,HCR90009,2020_2023,2020,NA,Limits Certain Powers of the Governor for the Declaration of an Emergency,NA,keep
1,SB0130,2020_2023,2020,2020-RS,Authorizes a Ballot Referendum Vote on Legalizing Sports Betting,GAMING:  Provides for a proposition election to determine whether sports wagering activities and operations will be permitted in a parish. (See Act),keep
1,SB0178,2020_2023,2020,2020-RS,Authorizes Alcohol Delivery by Third Party Platforms,"ALCOHOLIC BEVERAGES:  Provides relative to the delivery of alcoholic beverages. 
(gov sig)",keep
1,SB0270,2020_2023,2020,2020-RS,Increases Daily Compensation Paid to Jurors in Civil Cases,COURTS:  Increases the daily compensation paid to jurors in civil cases. (1/1/21) (EN NO IMPACT   See Note),keep
1,SB0440,2020_2023,2020,2020-RS,Limits Environmental Lawsuits Against Oil and Gas Companies,COASTAL RESOURCES:  Provides for enforcement of the Coastal Zone Management Program. (8/1/20),keep
1,SB0508,2020_2023,2020,2020-RS,Limits Liability of Restaurants During the COVID-19 Epidemic,LIABILITY:  Limits liability for restaurants that provide food-to-go during the COVID-19 public health emergency. (gov sig),keep
1,SR0054,2020_2023,2020,NA,Establishes Support for Law Enforcement and Police Departments and Prohibits Any Notion to Defund Law Enforcement  ...,NA,keep
1,HB0020,2020_2023,2021,2021-RS,Prohibits the Use of Private Funds to Pay Election-Related Expenses,ELECTIONS:  Prohibits the use of private funds to pay election-related expenses,keep
1,HB0038,2020_2023,2021,2021-RS,Requires that School Board Information be Made Accessible On the Louisiana Fiscal Transparency Website,FISCAL CONTROLS:  Provides for school board information to be accessible on the Louisiana Fiscal Transparency Website known as Louisiana Checkbook (EN INCREASE GF EX See Note),keep
1,HB0054,2020_2023,2021,2021-RS,Establishes the Crime of Adoption Deception,CRIME:  Creates the crime of adoption deception (EN INCREASE GF EX See Note),keep
1,HB0138,2020_2023,2021,2021-RS,Requires Conducting a Supplemental Canvass of Registered Voters,"VOTING/REGISTRATION:  Provides for a supplemental annual canvass of registered voters (EN +$215,125 GF EX See Note)",keep
1,HB0168,2020_2023,2021,2021-RS,Authorizes a District Attorney to Decide Which Evidence Can be Presented for Objections to a Candidacy for Electiv ...,ELECTIONS/CANDIDATES:  Provides relative to a district attorney's responsibility in an action objecting to the candidacy of a person who qualified as a candidate in a primary election,keep
1,HB0183,2020_2023,2021,2021-RS,Rescinds Federal Unemployment Compensation and Increases State Unemployment Compensation by $28,UNEMPLOYMENT COMP:  Provides relative to state income tax withholdings on federal disaster unemployment compensation benefits and increases the maximum weekly benefit amount (EG NO IMPACT   See Note),keep
1,HB0349,2020_2023,2021,2021-RS,Prohibits Mandating Vaccination Verification or Immunity Status for Transactions or for Special Identification Car ...,MTR VEHICLE/DRIVER LIC:  Prohibits requiring vaccination verification or immunity status for certain transactions or for inclusion on a driver's license or special identification card,keep
1,HB0378,2020_2023,2021,2021-RS,Establishes a Felon Can Register to Vote if the Person has Not Been Incarcerated Within the Last 5 Years,VOTERS/VOTING:  Provides relative to registration and voting by a person with a felony conviction,keep
1,HB0430,2020_2023,2021,2021-RS,Amends the Police Officer's Bill of Rights,LAW ENFORCE/OFFICERS:  Provides relative to the officer's bill of rights,keep
1,HB0438,2020_2023,2021,2021-RS,Requires a Requester of a Public Record to Provide Sufficient Proof of Identity,PUBLIC RECORDS:  Authorizes a custodian to require a requestor of a public record to provide sufficient proof of identity,keep
1,HB0578,2020_2023,2021,2021-RS,Requires Abortion Pill Dispensers to Provide Women with a Statement Indicating its Efficacy,HEALTH CARE:  Provides relative to disclosure of certain information relative to abortion pill reversal,keep
1,HB0652,2020_2023,2021,2021-RS,Reduces Penalties for Possession of Marijuana,CONTROLLED SUBSTANCES:  Provides relative to penalties for possession of marijuana (EN DECREASE GF EX See Note),keep
1,HB0698,2020_2023,2021,2021-RS,Establishes State Agency Partnerships to Improve Medicaid Administration and Program Integrity,STATE AGENCIES:  Provides for state agency partnerships to improve Medicaid administration and program integrity (EN INCREASE GF EX See Note),keep
1,HB0704,2020_2023,2021,2021-RS,Amends Rules Related to Election Administration,ELECTIONS:  Provides relative to elections (EN SEE FISC NOTE GF EX See Note),keep
1,SB0118,2020_2023,2021,2021-RS,Amends Laws Related to Concealed Carrying of Firearms,WEAPONS:  Provides relative to the concealed carrying of firearms. (8/1/21) (EN DECREASE SD RV See Note),keep
1,SB0156,2020_2023,2021,2021-RS,Prohibits Transgender Athletes from Participating Against Sports Teams that do Not Match Their Birth Sex,AMUSEMENTS/SPORTS:  Provides for the Fairness in Women's Sports Act relative to a school's ability to offer opportunities to each student to participate in team sporting events on an equal basis. (8/1/21) (EN NO IMPACT LF EX See Note),keep
1,SB0185,2020_2023,2021,2021-RS,Establishes Regulations on Leasing Land for Solar Farms,NATURAL RESOURCES DEPT:  Provides for regulation of leases of land for solar farms. (8/1/21) (EN SEE FISC NOTE OF EX See Note),keep
1,SB0203,2020_2023,2021,2021-RS,Exempts Groundwater District Commissioners from Provisions of the Code of Governmental Ethics,ETHICS:  Exempts certain groundwater district commissioners from provisions of the Code of Governmental Ethics. (gov sig),keep
1,SB0220,2020_2023,2021,2021-RS,"Establishes Rules for Legislative Auditor Examinations, Audits, and Reviews of Elections and Retention of Election ...","LEGISLATIVE AUDITOR:  Provides relative to the legislative auditor examinations, audits, and reviews of elections and retention of election records. (See Act) (EN INCREASE GF EX See Note)",keep
1,SB0221,2020_2023,2021,2021-RS,Establishes a Voting System Commission to Examine Voting Standards and Regulations,VOTERS/VOTING:  Provides relative to voting systems. (gov sig) (EN INCREASE GF EX See Note),keep
1,SB0224,2020_2023,2021,2021-RS,Increases Requirements for Absentee Voting by Mail,VOTERS/VOTING:  Provides for voter identification information and verification requirements for absentee by mail and early voting ballots. (1/1/23),keep
1,SB0247,2020_2023,2021,2021-RS,Establishes Regulations for the Sports Betting Industry,GAMING:  Provides relative to the regulation of sports wagering.  (See Act) (EN INCREASE GF EX See Note),keep
1,HB0037,2020_2023,2022,2022-RS,Establishes an Online Handgun Education Course,WEAPONS/HANDGUNS:  Provides relative to the concealed carrying of firearms (RE1 INCREASE GF EX See Note),keep
1,HB0054,2020_2023,2022,2022-RS,Prohibits Discrimination Based on Vaccination Status,CRIME/MISDEMEANOR:  Creates the crime of discrimination based on vaccination status (EN SEE FISC NOTE GF EX See Note),keep
1,HB0185,2020_2023,2022,2022-RS,Prohibits Post-Secondary Schools from Limiting Expressive Activities on Campus,COLLEGES/UNIVERSITIES:  Provides relative to expressive activities at public postsecondary education institutions,keep
1,HB0202,2020_2023,2022,2022-RS,Requires Political Committees to Include Specified Information on the Statement of Organization,CAMPAIGN FINANCE DISCLOS:  Requires political committees to include specified information on the statement of organization,keep
1,HB0232,2020_2023,2022,2022-RS,Prohibits Requiring Vaccination Verification or Immunity Status for Certain Transactions,MTR VEHICLE/DRIVER LIC:  Prohibits requiring vaccination verification or immunity status for certain transactions or for inclusion on a driver's license or special identification card,keep
1,HB0274,2020_2023,2022,2022-RS,Requires High Schools to Instruct That Adoption Preferable to Abortion,CURRICULA:  Expands the information required to be provided in adoption awareness instruction for high school students,keep
1,HB0366,2020_2023,2022,2022-RS,Increases the Mandatory Retiring Age for Judges,JUDGES:  (Constitutional Amendment) Provides relative to the mandatory retirement age for judges,keep
1,HB0450,2020_2023,2022,2022-RS,Authorizes Access to Original Birth Certificates For Adoptees Over 24,VITAL RECORDS/BIRTH CERT:  Provides for access to an adopted person's original birth certificate,keep
1,HB0568,2020_2023,2022,2022-RS,Specifies Adoption Regulations,CRIME:  Provides relative to adoption deception,keep
1,HB0629,2020_2023,2022,2022-RS,Prohibits Use of Marijuana Odor to Justify Warrantless Searches,CRIMINAL/PROCEDURE:  Provides relative to a search without a warrant of a person's place of residence for the odor of marijuana,keep
1,HB0729,2020_2023,2022,2022-RS,Limits the Release and Dissemination of Booking Photos of Arrested Persons,CRIMINAL/RECORDS:  Limits the release and dissemination of booking photographs of an arrested person,keep
1,HB0745,2020_2023,2022,2022-RS,Increases Police Whistleblower Protections,LAW ENFORCE/OFFICERS:  Provides relative to the officer bill of rights,keep
1,HB0746,2020_2023,2022,2022-RS,Limits Solitary Confinement of Children,JUVENILES/DETENTION FAC:  Provides relative to solitary confinement in juvenile facilities,keep
1,HB0813,2020_2023,2022,2022-RS,Amends Abortion Laws to Repeal Criminal Penalties for Women who Have Abortions,ABORTION:  Enacts the Abolition of Abortion in Louisiana Act of 2022 (EGF INCREASE GF EX See Note),keep
1,HB0988,2020_2023,2022,2022-RS,Prohibits Discrimination Against Employees Using Medical Marijuana,EMPLOYMENT/DISCRIMINATN:  Provides relative to employment discrimination against state employees being treated with medical marijuana,keep
1,HB1031,2020_2023,2022,2022-RS,Requires Annual Electric Vehicle Use Fee,MOTOR VEHICLES:  Imposes a road usage fee on certain electric and hybrid vehicles (EN INCREASE SD RV See Note),keep
1,HB1059,2020_2023,2022,2022-RS,Amends Bail Hearing Requirements for Certain Individuals,BAIL:  Provides relative to contradictory bail hearings for certain persons,keep
1,HB1083,2020_2023,2022,2022-RS,Prohibits Hair Discrimination,"DISCRIMINATION:  Provides relative to hair discrimination in education, employment, public accommodations, and housing options",keep
1,HCR30003,2020_2023,2022,NA,Repeals Vaccination Requirements for Public Schools,NA,keep
1,SB0044,2020_2023,2022,2022-RS,Limits Participation in Women's Sports on Basis of One's Sex Assigned at Birth,AMUSEMENTS/SPORTS:  Provides for the Fairness in Womens Sports Act relative to a school's ability to offer equal opportunities to each student to participate in team sporting events on an equal basis. (8/1/22) (EN SEE FISC NOTE GF EX See Note),keep
1,SB0104,2020_2023,2022,2022-RS,"Authorizes Abortion Outpatients to Make Private, Uncensored Phone Calls","HEALTH CARE:  Provides relative to telephone access in outpatient abortion facilities. 
(gov sig)",keep
1,SB0141,2020_2023,2022,2022-RS,Prohibits Insurance Companies from Requiring a Certain Vaccination Status or Proof Thereof,INSURANCE POLICIES:  Prohibits insurance companies from requiring a person or business to have a certain vaccination status or requiring information from an applicant or policyholder regarding vaccination status. (8/1/22) (EN NO IMPACT   See Note),keep
1,SB0273,2020_2023,2022,2022-RS,Amends Parole Eligibility Laws,PROBATION/PAROLE:  Provides parole eligibility for certain offenders. (gov sig),keep
1,SB0290,2020_2023,2022,2022-RS,Establishes Sports Betting Regulations,GAMING:  Provides relative to the regulation of sports wagering. (7/1/22),keep
1,SB0304,2020_2023,2022,2022-RS,Reduces Rate of Diminution of Sentences for People Convicted of Killing a Law Enforcement Officer,CRIME/PUNISHMENT:  Provides relative to commutation of a prison sentence for good behavior. (gov sig) (EN INCREASE GF EX See Note),keep
1,SB0342,2020_2023,2022,2022-RS,Increases Criminal Penalties and Monetary Fines for Abortion Centers,ABORTION:  Provides relative to the application of abortion statutes. (gov sig) (EN INCREASE GF EX See Note),keep
1,SB0379,2020_2023,2022,2022-RS,Prohibits Felons Convicted of Gun-Related Offenses at 16 or 17 From Carrying a Firearm,"WEAPONS:  Prohibits possession of firearms, ammunition, or electric weapons or devices by certain felons. (8/1/22)",keep
1,SB0388,2020_2023,2022,2022-RS,Prohibits Distribution of Abortion-Inducing Drugs Without a Prescription,ABORTION:  Prohibits the sale of certain abortion-inducing drugs without a prescription and provides for criminal penalties. (8/1/22) (EN INCREASE GF EX See Note),keep
1,HB0068,2020_2023,2023,2023-RS,Authorizes Bible Course Study in Public Schools,CURRICULA:  Authorizes public high schools to offer a course of instruction in the history and literature of the Bible (EN SEE FISC NOTE LF EX See Note),keep
1,HB0081,2020_2023,2023,2023-RS,Prohibits School Teachers and Employees from Using a Student's Preferred Pronouns,EDUCATION:  Provides relative to the use of certain names and pronouns for students,keep
1,HB0085,2020_2023,2023,2023-RS,Requires Onlookers Remain 25 Feet Away from Police in Action,CRIME/MISDEMEANOR:  Creates the crime of approaching a law enforcement officer lawfully engaged in law enforcement duties (EN SEE FISC NOTE GF EX See Note),keep
1,HB0090,2020_2023,2023,2023-RS,Increases Penalties for Drug Distribution Resulting in Death to Life in Prison,DRUGS/CONTROLLED:  Provides relative to penalties for distribution or possession with intent to distribute fentanyl or carfentanil (EN INCREASE GF EX See Note),keep
1,HB0091,2020_2023,2023,2023-RS,Authorizes Restitution to Victims of Vehicular Homicide,CRIME/HOMICIDE:  Provides relative to vehicular homicide,keep
1,HB0125,2020_2023,2023,2023-RS,Prohibits Chinese Nationals and Other Foreign Adversaries from Owning Land in the State,AGRICULTURE:  Provides relative to agriculture land protection against foreign adversaries (EN INCREASE GF EX See Note),keep
1,HB0131,2020_2023,2023,2023-RS,Repeals the Conceal Carry Permitting Process Requirements,WEAPONS/HANDGUNS:  Provides relative to the concealed carrying of firearms (RE1 DECREASE SD RV See Note),keep
1,HB0160,2020_2023,2023,2023-RS,Authorizes Victims and Family in Juvenile Court Proceedings to Openly Share Information,JUVENILES:  Provides relative to rights of victims of alleged delinquent acts (EN NO IMPACT   See Note),keep
1,HB0166,2020_2023,2023,2023-RS,Requires Detailed Accounting of Revenue Available to Lawmakers to Spend Each Fiscal Cycle,BUDGETARY CONTROLS:  Requires certain information and analysis to be included in the governor's executive budget and the General Appropriation Bill (EN INCREASE GF EX See Note),keep
1,HB0182,2020_2023,2023,2023-RS,Prohibits Public and Private Schools from Requiring the COVID-19 Vaccine,VACCINES/VACCINATION:  Provides that no person shall be required to receive a COVID-19 vaccine as a condition of enrollment or attendance at any public or nonpublic school,keep
1,HB0188,2020_2023,2023,2023-RS,"Prohibits Parole for ""Dangerous Offenders""",PAROLE:  Provides relative to denial of parole for dangerous offenders (EN SEE FISC NOTE GF EX See Note),keep
1,HB0205,2020_2023,2023,2023-RS,Authorizes Overtime Pay for Teachers and School Employees,SCHOOLS/EMPLOYEES:  Requires additional compensation for teachers and other school employees under certain circumstances (EN INCREASE LF EX See Note),keep
1,HB0247,2020_2023,2023,2023-RS,Establishes a $500 Tax Credit for Individuals to Purchase Firearm Safety Devices,"TAX/INCOME-INDIV/CREDIT:  Establishes a tax credit for purchases of firearm safety devices (EN -$500,000 GF RV See Note)",keep
1,HB0260,2020_2023,2023,2023-RS,Requires Legislature Approval for all Election Rule-making and Funding,ELECTIONS:  Provides relative to federal election guidance and funding,keep
1,HB0286,2020_2023,2023,2023-RS,Authorizes Expungements for Certain Amounts of Possession of Marijuana,CRIMINAL/RECORDS:  Provides relative to expungements for certain amounts of possession of marijuana (EN DECREASE GF RV See Note),keep
1,HB0309,2020_2023,2023,2023-RS,Amends State Fortified Home and Commercial Standards,INSURANCE:  Provides relative to fortified home and commercial standards,keep
1,HB0321,2020_2023,2023,2023-RS,Authorizes the Release of Certain Juvenile Criminal Records to the Public,CRIMINAL/JUSTICE:  Creates the Truth and Transparency in the Louisiana Criminal Justice System Pilot Program (RE1 INCREASE LF EX See Note),keep
1,HB0399,2020_2023,2023,2023-RS,Requires Vaccination Information Communicated by Schools to Include Exemption Information,VACCINES/VACCINATION:  Requires that communication issued about immunization requirements include exemption information and applies exemptions not only to students seeking to enter school but also to students attending school,keep
1,HB0415,2020_2023,2023,2023-RS,Prohibits Digital Currency from Being Considered a Deposit for Banking Purposes,BANKS/BANKING:  Provides relative to central bank digital currency,keep
1,HB0464,2020_2023,2023,2023-RS,Prohibits Possession of Firearms by Convicted Felons,WEAPONS/FIREARMS:  Provides relative to possession of a firearm by a felon (REF INCREASE GF EX See Note),keep
1,HB0466,2020_2023,2023,2023-RS,Prohibits Classroom Discussion of Gender and Sexual Identity in K-12 Public Schools,CURRICULA:  Provides relative to discussion of sexual orientation and gender identity in public schools,keep
1,HB0504,2020_2023,2023,2023-RS,"Requires All Unclassified State Employees Making Over $100,000 Hold a Valid Driver's License and Register Their Ve ...",CIVIL SERVICE/UNCLASSIFD:  Removes certain employment eligibility requirements for certain unclassified state employees relative to the registration of motor vehicles,keep
1,HB0537,2020_2023,2023,2023-RS,Prohibits the Chinese Government and its Citizens from Purchasing Agricultural Land in the State,"CONTRACTS:  Provides for a prohibition against foreign adversary purchasing, leasing, or acquiring land (EN  GF EX See Note)",keep
1,HB0564,2020_2023,2023,2023-RS,Authorizes Fixed-Odds Bets on Horse Racing,RACING/HORSE:  Provides relative to racehorse wagering,keep
1,HB0571,2020_2023,2023,2023-RS,Establishes More Requirements for Companies to Receive Carbon Dioxide Well Permits,ENERGY:  Provides relative to carbon capture and sequestration (EN SEE FISC NOTE LF RV),keep
1,HB0646,2020_2023,2023,2023-RS,Requires Supplemental Voter Canvasses in Each Primary and General Election,VOTING/REGISTRATION:  Provides for the annual canvass of registered voters (EN INCREASE GF EX See Note),keep
1,HB0648,2020_2023,2023,2023-RS,Prohibits Gender Affirming Care for Minors,HEALTH/CHILDREN:  Prohibits certain procedures to alter the sex of a minor child,keep
1,HB0658,2020_2023,2023,2023-RS,Increases Transparency in Health Care Pricing,HEALTH CARE/FACILITIES:  Provides relative to disclosure by healthcare facilities to patients of prices for certain items and services (EN  GF EX See Note),keep
1,HB0659,2020_2023,2023,2023-RS,Establishes a Registry for Certain Offenders Convicted of Crimes Against Children,CRIME/BATTERY:  Creates a statewide database for individuals convicted of certain offenses against minors,keep
1,HB0661,2020_2023,2023,2023-RS,Authorizes Judicial Council of the Supreme Court to Make Judicial District Suggestions to the Legislature,"JUDGES:  Provides relative to the Judicial Council of the Supreme Court of Louisiana (EN +$42,376 GF EX See Note)",keep
1,SB0049,2020_2023,2023,2023-RS,Establishes New Penalties for the Operation of a Fentanyl Producing Laboratory,CRIME/PUNISHMENT:  Increases penalties for the crime of creation or operation of a clandestine laboratory for the unlawful manufacture of certain controlled dangerous substances. (8/1/23) (EN INCREASE GF EX See Note),keep
1,SB0056,2020_2023,2023,2023-RS,Extends and Reinstates the Second Amendment Sales Tax Holiday,TAX EXEMPTIONS:  Reinstates the Second Amendment sales tax holiday. (7/1/23) (EN DECREASE GF RV See Note),keep
1,SB0159,2020_2023,2023,2023-RS,Amends Previous Law to Automatically Classify 17-Year-Old Defendants as Adults,JUVENILE JUSTICE:  Provides for the detention of seventeen year old juveniles under certain circumstances. (gov sig) (EN NO IMPACT   See Note),keep
1,SB0162,2020_2023,2023,2023-RS,Requires Parental Consent and Age Verification for Minor Social Media Access,COMMERCIAL REGULATIONS:  Creates the Secure Online Child Interaction and Age Limitation Act. (8/1/23) (EN INCREASE GF EX See Note),keep
1,SB0194,2020_2023,2023,2023-RS,Prohibits Underage Bar Entry,ALCOHOLIC BEVERAGES:  Provides relative to the sale or service of alcohol to any person under the age of twenty-one. (2/3-CA7s2.1(A)) (gov sig),keep
1,SB0196,2020_2023,2023,2023-RS,Increases Financial Transparency Requirements in Litigation,CONTRACTS:  Creates the Litigation Financing Disclosure and Security Protection Act. (8/1/23),keep