bill_number,session,action_date,action,order
HB 1EX,2023 Special Session,12/08/2023,Effective Date,19
HB 1EX,2023 Special Session,12/08/2023,Act 3EX,18
HB 1EX,2023 Special Session,12/08/2023,House Date Signed by Governor,17
HB 1EX,2023 Special Session,12/07/2023,House Sent to Governor,16
HB 1EX,2023 Special Session,12/05/2023,Senate Passed/Adopted,15
HB 1EX,2023 Special Session,12/05/2023,Senate Third Read,14
HB 1EX,2023 Special Session,12/05/2023,Senate Engrossed,13
HB 1EX,2023 Special Session,12/04/2023,Senate Read Second Time,12
HB 1EX,2023 Special Session,12/04/2023,Senate Committee Favorably Reported,11
HB 1EX,2023 Special Session,12/01/2023,Senate Read and Referred,10
HB 1EX,2023 Special Session,12/01/2023,House Immediately Transmitted to Senate,9
HB 1EX,2023 Special Session,12/01/2023,House Passed/Adopted,8
HB 1EX,2023 Special Session,12/01/2023,House Third Readers,7
HB 1EX,2023 Special Session,12/01/2023,House Committee Favorably Reported,6
HB 1EX,2023 Special Session,12/01/2023,"House Withdrawn, Recommitted",5
HB 1EX,2023 Special Session,11/30/2023,House Committee Favorably Reported,4
HB 1EX,2023 Special Session,11/30/2023,House Second Readers,3
HB 1EX,2023 Special Session,11/29/2023,House First Readers,2
HB 1EX,2023 Special Session,11/29/2023,House Hopper,1
HB 2EX,2023 Special Session,12/18/2023,Effective Date,13
HB 2EX,2023 Special Session,12/18/2023,Act 4EX,12
HB 2EX,2023 Special Session,12/18/2023,House Date Signed by Governor,11
HB 2EX,2023 Special Session,12/07/2023,House Sent to Governor,10
HB 2EX,2023 Special Session,12/05/2023,Senate Passed/Adopted,9
HB 2EX,2023 Special Session,12/05/2023,Senate Committee Favorably Reported,8
HB 2EX,2023 Special Session,12/04/2023,Senate Read and Referred,7
HB 2EX,2023 Special Session,12/04/2023,House Passed/Adopted By Substitute,6
HB 2EX,2023 Special Session,12/04/2023,House Third Readers,5
HB 2EX,2023 Special Session,12/04/2023,House Committee Favorably Reported By Substitute,4
HB 2EX,2023 Special Session,11/30/2023,House Second Readers,3
HB 2EX,2023 Special Session,11/29/2023,House First Readers,2
HB 2EX,2023 Special Session,11/29/2023,House Hopper,1
HB 3EX,2023 Special Session,12/18/2023,Effective Date,13
HB 3EX,2023 Special Session,12/18/2023,Act 5EX,12
HB 3EX,2023 Special Session,12/18/2023,House Date Signed by Governor,11
HB 3EX,2023 Special Session,12/07/2023,House Sent to Governor,10
HB 3EX,2023 Special Session,12/05/2023,Senate Passed/Adopted,9
HB 3EX,2023 Special Session,12/05/2023,Senate Committee Favorably Reported,8
HB 3EX,2023 Special Session,12/04/2023,Senate Read and Referred,7
HB 3EX,2023 Special Session,12/04/2023,House Passed/Adopted,6
HB 3EX,2023 Special Session,12/04/2023,House Third Readers,5
HB 3EX,2023 Special Session,12/04/2023,House Committee Favorably Reported,4
HB 3EX,2023 Special Session,11/30/2023,House Second Readers,3
HB 3EX,2023 Special Session,11/29/2023,House First Readers,2
HB 3EX,2023 Special Session,11/29/2023,House Hopper,1
HB 4EX,2023 Special Session,12/19/2023,Veto V1,12
HB 4EX,2023 Special Session,12/19/2023,House Date Vetoed by Governor,11
HB 4EX,2023 Special Session,12/07/2023,House Sent to Governor,10
HB 4EX,2023 Special Session,12/05/2023,Senate Passed/Adopted,9
HB 4EX,2023 Special Session,12/05/2023,Senate Committee Favorably Reported,8
HB 4EX,2023 Special Session,12/04/2023,Senate Read and Referred,7
HB 4EX,2023 Special Session,12/04/2023,House Passed/Adopted,6
HB 4EX,2023 Special Session,12/04/2023,House Third Readers,5
HB 4EX,2023 Special Session,12/04/2023,House Committee Favorably Reported,4
HB 4EX,2023 Special Session,11/30/2023,House Second Readers,3
HB 4EX,2023 Special Session,11/29/2023,House First Readers,2
HB 4EX,2023 Special Session,11/29/2023,House Hopper,1
HB 5EX,2023 Special Session,12/06/2023,House Second Readers,3
HB 5EX,2023 Special Session,12/05/2023,House First Readers,2
HB 5EX,2023 Special Session,12/04/2023,House Hopper,1
HB 6EX,2023 Special Session,12/06/2023,House Second Readers,3
HB 6EX,2023 Special Session,12/05/2023,House First Readers,2
HB 6EX,2023 Special Session,12/04/2023,House Hopper,1
HR 1EX,2023 Special Session,11/29/2023,House Immediately Transmitted to Senate,4
HR 1EX,2023 Special Session,11/29/2023,House Read and Adopted,3
HR 1EX,2023 Special Session,11/29/2023,House First Readers,2
HR 1EX,2023 Special Session,11/28/2023,House Hopper,1
HR 2EX,2023 Special Session,11/29/2023,Senate Passed/Adopted,5
HR 2EX,2023 Special Session,11/29/2023,House Immediately Transmitted to Senate,4
HR 2EX,2023 Special Session,11/29/2023,House Read and Adopted,3
HR 2EX,2023 Special Session,11/29/2023,House First Readers,2
HR 2EX,2023 Special Session,11/28/2023,House Hopper,1
HR 3EX,2023 Special Session,12/05/2023,Senate Passed/Adopted,13
HR 3EX,2023 Special Session,12/05/2023,Senate Third Read,12
HR 3EX,2023 Special Session,12/05/2023,Senate Engrossed,11
HR 3EX,2023 Special Session,12/04/2023,Senate Read Second Time,10
HR 3EX,2023 Special Session,12/04/2023,Senate Committee Favorably Reported,9
HR 3EX,2023 Special Session,12/01/2023,Senate Read and Referred,8
HR 3EX,2023 Special Session,12/01/2023,House Immediately Transmitted to Senate,7
HR 3EX,2023 Special Session,12/01/2023,House Passed/Adopted,6
HR 3EX,2023 Special Session,12/01/2023,House Third Readers,5
HR 3EX,2023 Special Session,11/30/2023,House Committee Favorably Reported,4
HR 3EX,2023 Special Session,11/30/2023,House Second Readers,3
HR 3EX,2023 Special Session,11/29/2023,House First Readers,2
HR 3EX,2023 Special Session,11/29/2023,House Hopper,1
HR 4EX,2023 Special Session,12/04/2023,House Passed/Adopted,6
HR 4EX,2023 Special Session,12/04/2023,House Third Readers,5
HR 4EX,2023 Special Session,12/01/2023,House Committee Favorably Reported,4
HR 4EX,2023 Special Session,11/30/2023,House Second Readers,3
HR 4EX,2023 Special Session,11/29/2023,House First Readers,2
HR 4EX,2023 Special Session,11/29/2023,House Hopper,1
HR 5EX,2023 Special Session,11/30/2023,House Second Readers,3
HR 5EX,2023 Special Session,11/29/2023,House First Readers,2
HR 5EX,2023 Special Session,11/29/2023,House Hopper,1
HR 6EX,2023 Special Session,11/29/2023,House Read and Adopted,3
HR 6EX,2023 Special Session,11/29/2023,House First Readers,2
HR 6EX,2023 Special Session,11/29/2023,House Hopper,1
HR 7EX,2023 Special Session,11/30/2023,House Read and Adopted,3
HR 7EX,2023 Special Session,11/30/2023,House First Readers,2
HR 7EX,2023 Special Session,11/30/2023,House Hopper,1
HR 8EX,2023 Special Session,11/30/2023,House Read and Adopted,3
HR 8EX,2023 Special Session,11/30/2023,House First Readers,2
HR 8EX,2023 Special Session,11/30/2023,House Hopper,1
HR 9EX,2023 Special Session,11/30/2023,House Read and Adopted,3
HR 9EX,2023 Special Session,11/30/2023,House First Readers,2
HR 9EX,2023 Special Session,11/30/2023,House Hopper,1
HR 10EX,2023 Special Session,11/30/2023,House Read and Adopted,3
HR 10EX,2023 Special Session,11/30/2023,House First Readers,2
HR 10EX,2023 Special Session,11/30/2023,House Hopper,1
HR 11EX,2023 Special Session,11/30/2023,House Read and Adopted,3
HR 11EX,2023 Special Session,11/30/2023,House First Readers,2
HR 11EX,2023 Special Session,11/30/2023,House Hopper,1
HR 12EX,2023 Special Session,11/30/2023,House Read and Adopted,3
HR 12EX,2023 Special Session,11/30/2023,House First Readers,2
HR 12EX,2023 Special Session,11/30/2023,House Hopper,1
HR 13EX,2023 Special Session,12/01/2023,House Read and Adopted,3
HR 13EX,2023 Special Session,12/01/2023,House First Readers,2
HR 13EX,2023 Special Session,12/01/2023,House Hopper,1
HR 14EX,2023 Special Session,12/01/2023,House Read and Adopted,3
HR 14EX,2023 Special Session,12/01/2023,House First Readers,2
HR 14EX,2023 Special Session,12/01/2023,House Hopper,1
HR 15EX,2023 Special Session,12/01/2023,House Read and Adopted,3
HR 15EX,2023 Special Session,12/01/2023,House First Readers,2
HR 15EX,2023 Special Session,12/01/2023,House Hopper,1
HR 16EX,2023 Special Session,12/01/2023,House Read and Adopted,3
HR 16EX,2023 Special Session,12/01/2023,House First Readers,2
HR 16EX,2023 Special Session,12/01/2023,House Hopper,1
HR 17EX,2023 Special Session,12/01/2023,House Read and Adopted,3
HR 17EX,2023 Special Session,12/01/2023,House First Readers,2
HR 17EX,2023 Special Session,12/01/2023,House Hopper,1
HR 18EX,2023 Special Session,12/01/2023,House Read and Adopted,3
HR 18EX,2023 Special Session,12/01/2023,House First Readers,2
HR 18EX,2023 Special Session,12/01/2023,House Hopper,1
HR 19EX,2023 Special Session,12/01/2023,House Read and Adopted,3
HR 19EX,2023 Special Session,12/01/2023,House First Readers,2
HR 19EX,2023 Special Session,12/01/2023,House Hopper,1
HR 20EX,2023 Special Session,12/01/2023,House Read and Adopted,3
HR 20EX,2023 Special Session,12/01/2023,House First Readers,2
HR 20EX,2023 Special Session,12/01/2023,House Hopper,1
HR 21EX,2023 Special Session,12/04/2023,House Second Readers,3
HR 21EX,2023 Special Session,12/01/2023,House First Readers,2
HR 21EX,2023 Special Session,12/01/2023,House Hopper,1
HR 22EX,2023 Special Session,12/04/2023,House Read and Adopted,3
HR 22EX,2023 Special Session,12/04/2023,House First Readers,2
HR 22EX,2023 Special Session,12/04/2023,House Hopper,1
HR 23EX,2023 Special Session,12/04/2023,House Read and Adopted,3
HR 23EX,2023 Special Session,12/04/2023,House First Readers,2
HR 23EX,2023 Special Session,12/04/2023,House Hopper,1
HR 24EX,2023 Special Session,12/04/2023,House Read and Adopted,3
HR 24EX,2023 Special Session,12/04/2023,House First Readers,2
HR 24EX,2023 Special Session,12/04/2023,House Hopper,1
HR 25EX,2023 Special Session,12/04/2023,House Read and Adopted,3
HR 25EX,2023 Special Session,12/04/2023,House First Readers,2
HR 25EX,2023 Special Session,12/04/2023,House Hopper,1
HR 26EX,2023 Special Session,12/04/2023,House Read and Adopted,3
HR 26EX,2023 Special Session,12/04/2023,House First Readers,2
HR 26EX,2023 Special Session,12/04/2023,House Hopper,1
HR 27EX,2023 Special Session,12/04/2023,House Read and Adopted,3
HR 27EX,2023 Special Session,12/04/2023,House First Readers,2
HR 27EX,2023 Special Session,12/04/2023,House Hopper,1
HR 28EX,2023 Special Session,12/05/2023,House Read and Adopted,3
HR 28EX,2023 Special Session,12/05/2023,House First Readers,2
HR 28EX,2023 Special Session,12/05/2023,House Hopper,1
HR 29EX,2023 Special Session,12/05/2023,House Read and Adopted,3
HR 29EX,2023 Special Session,12/05/2023,House First Readers,2
HR 29EX,2023 Special Session,12/05/2023,House Hopper,1
HR 30EX,2023 Special Session,12/05/2023,House Read and Adopted,3
HR 30EX,2023 Special Session,12/05/2023,House First Readers,2
HR 30EX,2023 Special Session,12/05/2023,House Hopper,1
HR 31EX,2023 Special Session,12/05/2023,House Read and Adopted,3
HR 31EX,2023 Special Session,12/05/2023,House First Readers,2
HR 31EX,2023 Special Session,12/05/2023,House Hopper,1
HR 32EX,2023 Special Session,12/05/2023,House Read and Adopted,3
HR 32EX,2023 Special Session,12/05/2023,House First Readers,2
HR 32EX,2023 Special Session,12/05/2023,House Hopper,1
HR 33EX,2023 Special Session,12/06/2023,House Read and Adopted,3
HR 33EX,2023 Special Session,12/06/2023,House First Readers,2
HR 33EX,2023 Special Session,12/06/2023,House Hopper,1
HR 34EX,2023 Special Session,12/07/2023,House Read and Adopted,3
HR 34EX,2023 Special Session,12/07/2023,House First Readers,2
HR 34EX,2023 Special Session,12/07/2023,House Hopper,1
HR 35EX,2023 Special Session,12/07/2023,House Read and Adopted,3
HR 35EX,2023 Special Session,12/07/2023,House First Readers,2
HR 35EX,2023 Special Session,12/07/2023,House Hopper,1
HR 36EX,2023 Special Session,12/07/2023,House Read and Adopted,3
HR 36EX,2023 Special Session,12/07/2023,House First Readers,2
HR 36EX,2023 Special Session,12/07/2023,House Hopper,1
HR 37EX,2023 Special Session,12/07/2023,House Read and Adopted,3
HR 37EX,2023 Special Session,12/07/2023,House First Readers,2
HR 37EX,2023 Special Session,12/07/2023,House Hopper,1
HR 38EX,2023 Special Session,12/07/2023,House Read and Adopted,3
HR 38EX,2023 Special Session,12/07/2023,House First Readers,2
HR 38EX,2023 Special Session,12/07/2023,House Hopper,1
HR 39EX,2023 Special Session,12/07/2023,House Read and Adopted,3
HR 39EX,2023 Special Session,12/07/2023,House First Readers,2
HR 39EX,2023 Special Session,12/07/2023,House Hopper,1
HR 40EX,2023 Special Session,12/07/2023,House Read and Adopted,3
HR 40EX,2023 Special Session,12/07/2023,House First Readers,2
HR 40EX,2023 Special Session,12/07/2023,House Hopper,1
SB 1EX,2023 Special Session,12/08/2023,Effective Date,16
SB 1EX,2023 Special Session,12/08/2023,Act 1EX,15
SB 1EX,2023 Special Session,12/08/2023,Senate Date Signed by Governor,14
SB 1EX,2023 Special Session,12/07/2023,Senate Sent to Governor,13
SB 1EX,2023 Special Session,12/05/2023,House Passed/Adopted,12
SB 1EX,2023 Special Session,12/05/2023,House Third Readers,11
SB 1EX,2023 Special Session,12/04/2023,House Committee Favorably Reported,10
SB 1EX,2023 Special Session,12/04/2023,House Second Readers,9
SB 1EX,2023 Special Session,12/01/2023,House First Readers,8
SB 1EX,2023 Special Session,12/01/2023,Senate Passed/Adopted,7
SB 1EX,2023 Special Session,12/01/2023,Senate Third Read,6
SB 1EX,2023 Special Session,12/01/2023,Senate Engrossed,5
SB 1EX,2023 Special Session,11/30/2023,Senate Read Second Time,4
SB 1EX,2023 Special Session,11/30/2023,Senate Committee Favorably Reported,3
SB 1EX,2023 Special Session,11/29/2023,Senate Read and Referred,2
SB 1EX,2023 Special Session,11/29/2023,Senate Hopper,1
SB 2EX,2023 Special Session,11/29/2023,Senate Read and Referred,2
SB 2EX,2023 Special Session,11/29/2023,Senate Hopper,1
SB 3EX,2023 Special Session,12/08/2023,Effective Date,16
SB 3EX,2023 Special Session,12/08/2023,Act 2EX,15
SB 3EX,2023 Special Session,12/08/2023,Senate Date Signed by Governor,14
SB 3EX,2023 Special Session,12/07/2023,Senate Sent to Governor,13
SB 3EX,2023 Special Session,12/07/2023,House Passed/Adopted,12
SB 3EX,2023 Special Session,12/07/2023,House Third Readers,11
SB 3EX,2023 Special Session,12/06/2023,House Committee Favorably Reported,10
SB 3EX,2023 Special Session,12/06/2023,House Second Readers,9
SB 3EX,2023 Special Session,12/05/2023,House First Readers,8
SB 3EX,2023 Special Session,12/05/2023,Senate Passed/Adopted By Substitute,7
SB 3EX,2023 Special Session,12/05/2023,Senate Third Read,6
SB 3EX,2023 Special Session,12/05/2023,Senate Engrossed,5
SB 3EX,2023 Special Session,12/04/2023,Senate Read Second Time,4
SB 3EX,2023 Special Session,12/04/2023,Senate Committee Favorably Reported  By Substitute,3
SB 3EX,2023 Special Session,11/29/2023,Senate Read and Referred,2
SB 3EX,2023 Special Session,11/29/2023,Senate Hopper,1
SB 4EX,2023 Special Session,11/29/2023,Senate Read and Referred,2
SB 4EX,2023 Special Session,11/29/2023,Senate Hopper,1
SB 5EX,2023 Special Session,12/18/2023,Effective Date,13
SB 5EX,2023 Special Session,12/18/2023,Act 6 EX,12
SB 5EX,2023 Special Session,12/18/2023,Senate Date Signed by Governor,11
SB 5EX,2023 Special Session,12/07/2023,Senate Sent to Governor,10
SB 5EX,2023 Special Session,12/07/2023,House Passed/Adopted,9
SB 5EX,2023 Special Session,12/07/2023,House Third Readers,8
SB 5EX,2023 Special Session,12/07/2023,House Committee Favorably Reported,7
SB 5EX,2023 Special Session,12/06/2023,House Second Readers,6
SB 5EX,2023 Special Session,12/05/2023,House First Readers,5
SB 5EX,2023 Special Session,12/04/2023,Senate Passed/Adopted,4
SB 5EX,2023 Special Session,12/04/2023,Senate Committee Favorably Reported,3
SB 5EX,2023 Special Session,11/30/2023,Senate Read and Referred,2
SB 5EX,2023 Special Session,11/29/2023,Senate Hopper,1
SR 1EX,2023 Special Session,11/29/2023,Senate Passed/Adopted,3
SR 1EX,2023 Special Session,11/29/2023,Senate Engrossed,2
SR 1EX,2023 Special Session,11/28/2023,Senate Hopper,1
SR 2EX,2023 Special Session,11/29/2023,Senate Read and Adopted,2
SR 2EX,2023 Special Session,11/28/2023,Senate Hopper,1
SR 3EX,2023 Special Session,11/29/2023,House Immediately Transmitted to Senate,5
SR 3EX,2023 Special Session,11/29/2023,House Read and Adopted,4
SR 3EX,2023 Special Session,11/29/2023,House First Readers,3
SR 3EX,2023 Special Session,11/29/2023,Senate Read and Adopted,2
SR 3EX,2023 Special Session,11/28/2023,Senate Hopper,1
SR 4EX,2023 Special Session,11/29/2023,Senate Passed/Adopted,2
SR 4EX,2023 Special Session,11/29/2023,Senate Hopper,1
SR 5EX,2023 Special Session,11/30/2023,Senate Read and Adopted,2
SR 5EX,2023 Special Session,11/29/2023,Senate Hopper,1
SR 6EX,2023 Special Session,12/06/2023,House Passed/Adopted,7
SR 6EX,2023 Special Session,12/06/2023,House Third Readers,6
SR 6EX,2023 Special Session,12/05/2023,House Committee Favorably Reported,5
SR 6EX,2023 Special Session,12/04/2023,House Second Readers,4
SR 6EX,2023 Special Session,12/01/2023,House First Readers,3
SR 6EX,2023 Special Session,12/01/2023,Senate Passed/Adopted,2
SR 6EX,2023 Special Session,11/30/2023,Senate Hopper,1
SR 7EX,2023 Special Session,12/04/2023,Senate Read and Adopted,2
SR 7EX,2023 Special Session,12/01/2023,Senate Hopper,1
SR 8EX,2023 Special Session,12/04/2023,Senate Read and Adopted,2
SR 8EX,2023 Special Session,12/01/2023,Senate Hopper,1
SR 9EX,2023 Special Session,12/04/2023,Senate Read and Adopted,2
SR 9EX,2023 Special Session,12/01/2023,Senate Hopper,1
SR 10EX,2023 Special Session,12/04/2023,Senate Read and Adopted,2
SR 10EX,2023 Special Session,12/01/2023,Senate Hopper,1
SR 11EX,2023 Special Session,12/05/2023,Senate Read and Adopted,2
SR 11EX,2023 Special Session,12/04/2023,Senate Hopper,1
SR 12EX,2023 Special Session,12/05/2023,Senate Read and Adopted,2
SR 12EX,2023 Special Session,12/04/2023,Senate Hopper,1
SR 13EX,2023 Special Session,12/05/2023,Senate Read and Adopted,2
SR 13EX,2023 Special Session,12/04/2023,Senate Hopper,1
SR 14EX,2023 Special Session,12/05/2023,Senate Hopper,1
SR 15EX,2023 Special Session,12/05/2023,Senate Hopper,1
SR 16EX,2023 Special Session,12/06/2023,Senate Hopper,1
