bill_number,session,sponsors,oppo_chamber_sponsors,title,house_comm,senate_comm,summary,bill_url
HB 1EX,2023 Special Session,"Leverett, Rob 123rd","Hatchett, Bo","Georgia House of Representatives Redistricting Act of 2023; enact
Status: 12/08/2023 - House Date Signed by Governor",Reapportionment and Redistricting,Reapportionment and Redistricting,"A BILL to be entitled an Act to provide for the composition and number of state house districts; to provide for a short title; to provide for the contingent nature of this Act and the circumstances under which it shall or shall not apply, according to the enforceability of prior provisions under federal law;  to provide for the continuation of present members; to provide a short title; to provide for an effective date; to repeal conflicting laws; and for other purposes.",https://www.legis.ga.gov/legislation/65850
HB 2EX,2023 Special Session,"Persinger, Holt 119th; Gaines, Houston 120th; Efstration, Chuck 104th",,"Barrow County; Board of Education; filling vacancies; revise a provision
Status: 12/18/2023 - House Date Signed by Governor",Intragovernmental Coordination,State and Local Governmental Operations,"A BILL to be entitled an Act to amend an Act providing authority for members of the Board of Education of Barrow County, approved April 19, 1971 (Ga. L. 1971, p. 3919), as amended, particularly by an Act approved May 12, 2015 (Ga. L. 2015, p. 3851), so as to revise a provision relating to filling vacancies on the board; to provide for related matters; to repeal conflicting laws; and for other purposes.",https://www.legis.ga.gov/legislation/65856
HB 3EX,2023 Special Session,"Stephens, Ron 164th; Jackson, Edna 165th; Westbrook, Anne Allen 163rd; Hitchens, Bill 161st; Gilliard, Carl 162nd",,"Chatham County; designation of electors for community improvement districts wholly within municipalities; revise provisions
Status: 12/18/2023 - House Date Signed by Governor",Intragovernmental Coordination,State and Local Governmental Operations,"A BILL to be entitled an Act to amend an Act to provide for the creation of one or more community improvement districts in Chatham County and in each municipality therein, approved April 5, 1994 (Ga. L. 1994, p. 4931), so as to revise provisions relating to designation of electors for districts wholly within municipalities; to authorize additional elected members of district boards; to revise qualifications for board members; to update provisions relating to cooperation with municipal governments; to provide for related matters; to repeal conflicting laws; and for other purposes.",https://www.legis.ga.gov/legislation/65857
HB 4EX,2023 Special Session,"Gilliard, Carl 162nd; Stephens, Ron 164th; Jackson, Edna 165th; Westbrook, Anne Allen 163rd; Hitchens, Bill 161st",,"Garden City; City of; change corporate limits
Status: 12/19/2023 - House Date Vetoed by Governor",Intragovernmental Coordination,State and Local Governmental Operations,"A BILL to be entitled an Act to amend an Act creating a new charter for the City of Garden City, approved April 17, 1973 (Ga. L. 1973, p. 3581), as amended, so as to change the corporate limits of such city; to provide descriptions; to provide for a referendum, effective dates, automatic repeal, mandatory execution of election, and judicial remedies regarding failure to comply; to repeal conflicting laws; and for other purposes.",https://www.legis.ga.gov/legislation/65858
HB 5EX,2023 Special Session,"Beverly, James 143rd",,"Georgia House of Representatives Redistricting Act of 2023; enact
Status: 12/06/2023 - House Second Readers",Reapportionment and Redistricting,Georgia.gov,A BILL to be entitled an Act to provide for the composition and number of state house districts; to provide for a short title; to provide for the continuation of present members; to provide that the provisions of this Act shall supersede and replace a districting plan and certain changes thereto; to provide for related matters; to provide an effective date; to repeal a specific Act; to repeal conflicting laws; and for other purposes.,https://www.legis.ga.gov/legislation/65891
HB 6EX,2023 Special Session,"Beverly, James 143rd",,"Georgia Congressional Redistricting Act of 2023; enact
Status: 12/06/2023 - House Second Readers",Reapportionment and Redistricting,Georgia.gov,A BILL to be entitled an Act to provide for the composition and number of congressional districts; to provide for a short title; to provide when such representatives shall take office; to provide for continuation of present congressional districts until a certain time; to provide for related matters; to provide an effective date; to repeal provisions of a specific Act; to repeal conflicting laws; and for other purposes.,https://www.legis.ga.gov/legislation/65892
HR 1EX,2023 Special Session,"Efstration, Chuck 104th",,"House of Representatives convened; notify Senate
Status: 11/29/2023 - House Immediately Transmitted to Senate",Georgia.gov,Georgia.gov,A RESOLUTION to notify the Senate that the House of Representatives has convened; and for other purposes.,https://www.legis.ga.gov/legislation/65844
HR 2EX,2023 Special Session,"Efstration, Chuck 104th",,"Adjournment; relative to
Status: 11/29/2023 - Senate Passed/Adopted",Georgia.gov,Georgia.gov,A RESOLUTION relative to meetings and adjournments of the General Assembly; and for other purposes.,https://www.legis.ga.gov/legislation/65845
HR 3EX,2023 Special Session,"Gambill, Matthew 15th; Wade, Will 9th; McDonald, Lauren 26th; Hong, Soo 103rd; Horner, Mitchell 3rd","Hatchett, Bo","General Assembly; motor fuel and diesel fuel taxes; ratify Governor Brian P. Kemp's Executive Orders
Status: 12/05/2023 - Senate Passed/Adopted",Ways & Means,Finance,"A RESOLUTION ratifying Governor Brian P. Kemp's Executive Order Nos. 09.12.23.01, 10.06.23.01, and 11.08.23.01 suspending the collection of motor fuel and diesel fuel taxes; and for other purposes.",https://www.legis.ga.gov/legislation/65849
HR 4EX,2023 Special Session,"Cox, Brent 28th; Panitch, Esther 51st; Carson, John 46th; Efstration, Chuck 104th; McDonald, Lauren 26th; Horner, Mitchell 3rd",,"Hamas terrorism; condemn
Status: 12/04/2023 - House Passed/Adopted",Rules,Georgia.gov,A RESOLUTION condemning Hamas terrorism; and for other purposes.,https://www.legis.ga.gov/legislation/65859
HR 5EX,2023 Special Session,"Cox, Brent 28th; Horner, Mitchell 3rd",,"Hamas terrorism; condemn; Jewish people; express support
Status: 11/30/2023 - House Second Readers",Rules,Georgia.gov,"A RESOLUTION condemning Hamas terrorism, expressing our support for the Jewish people; and for other purposes.",https://www.legis.ga.gov/legislation/65860
HR 6EX,2023 Special Session,"Burns, Jon 159th; Jones, Jan 47th; Cheokas, Mike 151st; Beverly, James 143rd; Buckner, Debbie 137th",,"Carter, Mrs. Rosalynn; condolences
Status: 11/29/2023 - House Read and Adopted",Georgia.gov,Georgia.gov,A RESOLUTION honoring the life and memory of Mrs. Rosalynn Carter; and for other purposes.,https://www.legis.ga.gov/legislation/65861
HR 7EX,2023 Special Session,"Williams, Al 168th; DeLoach, Buddy 167th",,"Darden, Dr. Linnie Louis, Jr.; condolences
Status: 11/30/2023 - House Read and Adopted",Georgia.gov,Georgia.gov,A RESOLUTION honoring the life and memory of Dr. Linnie Louis Darden Jr.; and for other purposes.,https://www.legis.ga.gov/legislation/65868
HR 8EX,2023 Special Session,"Adeyina, Segun 110th; Mitchell, Billy 88th; Romman, Ruwa 97th; Adesanya, Solomon 43rd; Olaleye, Phil 59th",,"Association of Nigerian Physicians in the Americas; Nigerian Physicians Advocacy Group; commend
Status: 11/30/2023 - House Read and Adopted",Georgia.gov,Georgia.gov,A RESOLUTION commending the Association of Nigerian Physicians in the Americas and the Nigerian Physicians Advocacy Group; and for other purposes.,https://www.legis.ga.gov/legislation/65869
HR 9EX,2023 Special Session,"Davis, Viola 87th; Schofield, Kim 63rd; Scott, Sandra 76th",,"Hammet, Melanie; outstanding public service as mayor of Pine Lake; commend
Status: 11/30/2023 - House Read and Adopted",Georgia.gov,Georgia.gov,A RESOLUTION recognizing and commending Melanie Hammet on her outstanding public service as the mayor of Pine Lake; and for other purposes.,https://www.legis.ga.gov/legislation/65870
HR 10EX,2023 Special Session,"Adeyina, Segun 110th; Holly, El-Mahdi 116th; Adesanya, Solomon 43rd; Olaleye, Phil 59th; Okoye, Gabe 102nd",,"Adeleke, David Adedeji; commend
Status: 11/30/2023 - House Read and Adopted",Georgia.gov,Georgia.gov,A RESOLUTION recognizing and commending David Adedeji Adeleke; and for other purposes.,https://www.legis.ga.gov/legislation/65871
HR 11EX,2023 Special Session,"Lewis-Ward, Regina 115th; Holly, El-Mahdi 116th",,"McDonough, City of; bicentennial; congratulate
Status: 11/30/2023 - House Read and Adopted",Georgia.gov,Georgia.gov,"A RESOLUTION congratulating the City of McDonough, Georgia, upon its bicentennial; and for other purposes.",https://www.legis.ga.gov/legislation/65872
HR 12EX,2023 Special Session,"Davis, Viola 87th; Schofield, Kim 63rd; Scott, Sandra 76th",,"Love, Denese Lynetta; condolences
Status: 11/30/2023 - House Read and Adopted",Georgia.gov,Georgia.gov,A RESOLUTION honoring the life and memory of Denese Lynetta Love; and for other purposes.,https://www.legis.ga.gov/legislation/65873
HR 13EX,2023 Special Session,"Hutchinson, Shelly 106th",,"Barthelemy, Bryce Aiden; condolences
Status: 12/01/2023 - House Read and Adopted",Georgia.gov,Georgia.gov,A RESOLUTION honoring the life and memory of Bryce Aiden Barthelemy; and for other purposes.,https://www.legis.ga.gov/legislation/65879
HR 14EX,2023 Special Session,"Bell, Eric 75th; Holly, El-Mahdi 116th",,"Smith-Dixon, Ms. Lois; commend
Status: 12/01/2023 - House Read and Adopted",Georgia.gov,Georgia.gov,A RESOLUTION commending and congratulating Ms. Lois Smith-Dixon; and for other purposes.,https://www.legis.ga.gov/legislation/65880
HR 15EX,2023 Special Session,"Jones, Sheila 60th",,"Berean Seventh-day Adventist Church; 120th anniversary; recognize
Status: 12/01/2023 - House Read and Adopted",Georgia.gov,Georgia.gov,A RESOLUTION recognizing and commending Berean Seventh-day Adventist Church on the occasion of its 120th anniversary; and for other purposes.,https://www.legis.ga.gov/legislation/65881
HR 16EX,2023 Special Session,"Kennard, Gregg 101st; Reeves, Matt 99th; Park, Sam 107th; Hong, Soo 103rd; Romman, Ruwa 97th",,"Cohen, Marc; outstanding public service; commend
Status: 12/01/2023 - House Read and Adopted",Georgia.gov,Georgia.gov,A RESOLUTION recognizing and commending Marc Cohen on his outstanding public service; and for other purposes.,https://www.legis.ga.gov/legislation/65882
HR 17EX,2023 Special Session,"Efstration, Chuck 104th; Persinger, Holt 119th; Gaines, Houston 120th",,"Blechinger, Linda; outstanding public service; commend
Status: 12/01/2023 - House Read and Adopted",Georgia.gov,Georgia.gov,A RESOLUTION recognizing and commending Linda Blechinger on her outstanding public service; and for other purposes.,https://www.legis.ga.gov/legislation/65883
HR 18EX,2023 Special Session,"Efstration, Chuck 104th; Persinger, Holt 119th; Gaines, Houston 120th",,"Evans, Power; commend
Status: 12/01/2023 - House Read and Adopted",Georgia.gov,Georgia.gov,A RESOLUTION recognizing and commending Power Evans; and for other purposes.,https://www.legis.ga.gov/legislation/65884
HR 19EX,2023 Special Session,"Seabaugh, Devan 34th; Parsons, Don 44th; Ehrhart, Ginny 36th; Carson, John 46th; Ridley, Jordan 22nd",,"Couch, Ms. Nancy; commend
Status: 12/01/2023 - House Read and Adopted",Georgia.gov,Georgia.gov,A RESOLUTION recognizing and commending Ms. Nancy Couch; and for other purposes.,https://www.legis.ga.gov/legislation/65885
HR 20EX,2023 Special Session,"Bennett, Karen 94th",,"Wynn, James Edward "" Sonny""; condolences
Status: 12/01/2023 - House Read and Adopted",Georgia.gov,Georgia.gov,"A RESOLUTION honoring the life and memory of James Edward ""Sonny"" Wynn; and for other purposes.",https://www.legis.ga.gov/legislation/65886
HR 21EX,2023 Special Session,"Jones, Sheila 60th",,"Children in foster care; express support
Status: 12/04/2023 - House Second Readers",Juvenile Justice,Georgia.gov,A RESOLUTION expressing support for children in foster care; and for other purposes.,https://www.legis.ga.gov/legislation/65889
HR 22EX,2023 Special Session,"Smith, Vance 138th; Burns, Jon 159th; Cooper, Sharon 45th; Cox, Brent 28th; Buckner, Debbie 137th; Carson, John 46th",,"Kaye, Mitchell Adam, III; birth; celebrate
Status: 12/04/2023 - House Read and Adopted",Georgia.gov,Georgia.gov,"A RESOLUTION celebrating the birth of Mitchell Adam Kaye, III; and for other purposes.",https://www.legis.ga.gov/legislation/65897
HR 23EX,2023 Special Session,"Carson, John 46th",,"Farah, Julian; commend
Status: 12/04/2023 - House Read and Adopted",Georgia.gov,Georgia.gov,A RESOLUTION commending and congratulating Julian Farah; and for other purposes.,https://www.legis.ga.gov/legislation/65898
HR 24EX,2023 Special Session,"Jones, Sheila 60th",,"Children in foster care; commend
Status: 12/04/2023 - House Read and Adopted",Georgia.gov,Georgia.gov,A RESOLUTION commending children in foster care; and for other purposes.,https://www.legis.ga.gov/legislation/65899
HR 25EX,2023 Special Session,"Barnes, Imani 86th; Crawford, Omari 84th; Mitchell, Billy 88th; Cannon, Park 58th; Willis, Inga 55th; Davis, Viola 87th",,"Under21 The Band; commend
Status: 12/04/2023 - House Read and Adopted",Georgia.gov,Georgia.gov,A RESOLUTION commending Under21 The Band; and for other purposes.,https://www.legis.ga.gov/legislation/65900
HR 26EX,2023 Special Session,"Schofield, Kim 63rd; Scott, Sandra 76th; Davis, Viola 87th",,"Dollar, Alvin; commend
Status: 12/04/2023 - House Read and Adopted",Georgia.gov,Georgia.gov,A RESOLUTION commending Alvin Dollar; and for other purposes.,https://www.legis.ga.gov/legislation/65901
HR 27EX,2023 Special Session,"Barnes, Imani 86th; Mitchell, Billy 88th; Cannon, Park 58th; Willis, Inga 55th; Neal, Yasmin 79th; Glaize, Lydia 67th",,"Baranco, Grené; commend
Status: 12/04/2023 - House Read and Adopted",Georgia.gov,Georgia.gov,A RESOLUTION commending Grené Baranco; and for other purposes.,https://www.legis.ga.gov/legislation/65902
HR 28EX,2023 Special Session,"Glaize, Lydia 67th",,"Sebastian, Councilmember Jaceey; commend
Status: 12/05/2023 - House Read and Adopted",Georgia.gov,Georgia.gov,A RESOLUTION commending Councilmember Jaceey Sebastian; and for other purposes.,https://www.legis.ga.gov/legislation/65905
HR 29EX,2023 Special Session,"Camp, Beth 135th; Knight, David 134th",,"Wilson, Dr. Jute; commend
Status: 12/05/2023 - House Read and Adopted",Georgia.gov,Georgia.gov,A RESOLUTION recognizing and commending Dr. Jute Wilson; and for other purposes.,https://www.legis.ga.gov/legislation/65906
HR 30EX,2023 Special Session,"Camp, Beth 135th; Knight, David 134th",,"Banks, Peter Louis; commend
Status: 12/05/2023 - House Read and Adopted",Georgia.gov,Georgia.gov,A RESOLUTION recognizing and commending Peter Louis Banks on his outstanding public service; and for other purposes.,https://www.legis.ga.gov/legislation/65907
HR 31EX,2023 Special Session,"Adeyina, Segun 110th",,"Beard, Dorian James; condolences
Status: 12/05/2023 - House Read and Adopted",Georgia.gov,Georgia.gov,A RESOLUTION honoring the life and memory of Dorian James Beard; and for other purposes.,https://www.legis.ga.gov/legislation/65908
HR 32EX,2023 Special Session,"Cooper, Sharon 45th; Kelley, Trey 16th",,"Walton High School Varsity Coed Competition Cheerleading Squad; winning 2023 GHSA Competition Cheerleading State Championship; congratulate
Status: 12/05/2023 - House Read and Adopted",Georgia.gov,Georgia.gov,A RESOLUTION congratulating the Walton High School Varsity Coed Competition Cheerleading Squad  for winning the 2023 GHSA Competition Cheerleading State Championship; and for other purposes.,https://www.legis.ga.gov/legislation/65909
HR 33EX,2023 Special Session,"Burnough, Rhonda 77th; Neal, Yasmin 79th; Scott, Sandra 76th; Bell, Eric 75th",,"Fluellyn, Marci; outstanding public service; commend
Status: 12/06/2023 - House Read and Adopted",Georgia.gov,Georgia.gov,A RESOLUTION recognizing and commending Marci Fluellyn on her outstanding public service; and for other purposes.,https://www.legis.ga.gov/legislation/65910
HR 34EX,2023 Special Session,"Kendrick, Dar'shun 95th; Bennett, Karen 94th; Mitchell, Billy 88th; Hutchinson, Shelly 106th; Efstration, Chuck 104th; McClain, Dewey 109th",,"Livsey, Thomas; condolences
Status: 12/07/2023 - House Read and Adopted",Georgia.gov,Georgia.gov,A RESOLUTION honoring the life and memory of Thomas Livsey; and for other purposes.,https://www.legis.ga.gov/legislation/65913
HR 35EX,2023 Special Session,"Wilkerson, David 38th; Williams, Mary Frances 37th; Stoner, Doug 40th; Anulewicz, Teri 42nd; Smith, Michael 41st; Evans, Stacey 57th",,"Godwin, Betty Camp; condolences
Status: 12/07/2023 - House Read and Adopted",Georgia.gov,Georgia.gov,A RESOLUTION honoring the life and memory of Betty Camp Godwin; and for other purposes.,https://www.legis.ga.gov/legislation/65914
HR 36EX,2023 Special Session,"Carter, Doreen 93rd",,"Williams, Reverend Dr. Joseph L.; 25th pastoral anniversary; commend
Status: 12/07/2023 - House Read and Adopted",Georgia.gov,Georgia.gov,A RESOLUTION recognizing and commending Reverend Dr. Joseph L. Williams on the occasion of his 25th pastoral anniversary; and for other purposes.,https://www.legis.ga.gov/legislation/65915
HR 37EX,2023 Special Session,"Carter, Doreen 93rd",,"Kinney, Dr. A. Demoine; commend
Status: 12/07/2023 - House Read and Adopted",Georgia.gov,Georgia.gov,A RESOLUTION commending and congratulating Dr. A. Demoine Kinney; and for other purposes.,https://www.legis.ga.gov/legislation/65916
HR 38EX,2023 Special Session,"Adeyina, Segun 110th; Okoye, Gabe 102nd; Burnough, Rhonda 77th; Mughal, Farooq 105th; Park, Sam 107th",,"Georgia Haitian-American Chamber of Commerce Inc.; commend
Status: 12/07/2023 - House Read and Adopted",Georgia.gov,Georgia.gov,A RESOLUTION recognizing and commending the Georgia Haitian-American Chamber of Commerce Inc.; and for other purposes.,https://www.legis.ga.gov/legislation/65917
HR 39EX,2023 Special Session,"Drenner, Karla 85th; Evans, Becky 89th; Oliver, Mary Margaret 82nd; Crawford, Omari 84th",,"Decatur, City of; bicentennial; commend
Status: 12/07/2023 - House Read and Adopted",Georgia.gov,Georgia.gov,A RESOLUTION commending and celebrating the City of Decatur on its bicentennial; and for other purposes,https://www.legis.ga.gov/legislation/65918
HR 40EX,2023 Special Session,"Fleming, Tim 114th",,"Horton, Steve; Mayor of Covington; commend
Status: 12/07/2023 - House Read and Adopted",Georgia.gov,Georgia.gov,A RESOLUTION recognizing and commending Steve Horton on his outstanding public service as the Mayor of Covington; and for other purposes.,https://www.legis.ga.gov/legislation/65919
SB 1EX,2023 Special Session,"Echols, Shelly 49th; Kennedy, John F. 18th; Gooch, Steve 51st; Robertson, Randy 29th; Brass, Matt 28th; Anavitarte, Jason 31st; Walker, III, Larry 20th","Leverett, Rob","""Georgia Senate Redistricting Act of 2023""; enact
Status: 12/08/2023 - Senate Date Signed by Governor",Reapportionment and Redistricting,Reapportionment and Redistricting,"A BILL to be entitled an Act to provide for the composition and number of state senatorial districts; to provide for a short title; to provide for the contingent nature of this Act and the circumstances under which it shall or shall not apply, according to the enforceability of prior provisions under federal law; to provide for the continuation of present Senators; to provide an effective date; to repeal conflicting laws; and for other purposes.",https://www.legis.ga.gov/legislation/65851
SB 2EX,2023 Special Session,"Echols, Shelly 49th; Kennedy, John F. 18th; Gooch, Steve 51st; Robertson, Randy 29th; Brass, Matt 28th; Anavitarte, Jason 31st; Walker, III, Larry 20th",,"""Georgia Senate Redistricting Act of 2023""; enact
Status: 11/29/2023 - Senate Read and Referred",Reapportionment and Redistricting,Reapportionment and Redistricting,"A BILL to be entitled an Act to provide for the composition and number of state senatorial districts; to provide for a short title; to provide for the contingent nature of this Act and the circumstances under which it shall or shall not apply, according to the enforceability of prior provisions under federal law; to provide for the continuation of present Senators; to provide an effective date; to repeal conflicting laws; and for other purposes.",https://www.legis.ga.gov/legislation/65852
SB 3EX,2023 Special Session,"Echols, Shelly 49th; Kennedy, John F. 18th; Gooch, Steve 51st; Robertson, Randy 29th; Brass, Matt 28th; Anavitarte, Jason 31st; Walker, III, Larry 20th","Leverett, Rob","""Georgia Congressional Redistricting Act of 2023""; enact
Status: 12/08/2023 - Senate Date Signed by Governor",Reapportionment and Redistricting,Reapportionment and Redistricting,"A BILL to be entitled an Act to provide for the composition and number of congressional districts; to provide for a short title; to provide for the contingent nature of this Act and the circumstances under which it shall or shall not apply, according to the enforceability of prior provisions under federal law;  to provide for the continuation of present members of the United States House of Representatives; to provide an effective date; to repeal conflicting laws; and for other purposes.",https://www.legis.ga.gov/legislation/65853
SB 4EX,2023 Special Session,"Butler, Gloria 55th; Parent, Elena 42nd; Jones II, Harold 22nd; Esteves, Jason 6th; Harrell, Sally 40th; Sims, Freddie Powell 12th; Orrock, Nan 36th; Harbison, Ed 15th; McLaurin, Josh 14th; Merritt, Nikki 9th; Jackson, Kim 41st; Tate, Horacena 38th; Lucas, David 26th; Davenport, Gail 44th; Rhett, Michael 'Doc' 33rd; Islam Parkes, Nabilah 7th; James, Donzella 35th; Halpern, Sonya 39th; Rahman, Sheikh 5th; Anderson, Tonya 43rd; Jones, Emanuel 10th",,"""Georgia Senate Redistricting Act of 2023""; enact
Status: 11/29/2023 - Senate Read and Referred",Reapportionment and Redistricting,Reapportionment and Redistricting,A BILL to be entitled an Act to provide for the composition and number of state senatorial districts; to provide for a short title; to provide for the continuation of present members of the Senate; to provide that the provisions of this Act shall supersede and replace a districting plan and certain changes thereto; to provide for related matters; to provide an effective date; to repeal a specific Act; to repeal conflicting laws; and for other purposes.,https://www.legis.ga.gov/legislation/65855
SB 5EX,2023 Special Session,"Summers, Carden 13th","Pirkle, Clay","State Court of Turner County; district attorney of the judicial circuit shall represent the state in all criminal prosecutions on or after January 1, 2024; perform the duties of the office of solicitor-general
Status: 12/18/2023 - Senate Date Signed by Governor",Intragovernmental Coordination,State and Local Governmental Operations,"A BILL to be entitled an Act to amend an Act creating the State Court of Turner County, approved April 18, 2002 (Ga. L. 2002, p. 4074), so as to provide that on and after January 1, 2024, the district attorney of the judicial circuit within which Turner County is located shall represent the state in all criminal prosecutions brought in the State Court of Turner County and shall perform the duties of the office of solicitor-general of the state court; to provide that no election shall be held for the office of solicitor-general of the state court; to provide for related matters; to repeal conflicting laws; and for other purposes.",https://www.legis.ga.gov/legislation/65867
SR 1EX,2023 Special Session,"Kennedy, John F. 18th; Gooch, Steve 51st",,"Senate Rules; adopt
Status: 11/29/2023 - Senate Passed/Adopted",Georgia.gov,Georgia.gov,A RESOLUTION adopting the Rules of the Georgia Senate for the 2023 special session of the General Assembly of Georgia; and for other purposes.,https://www.legis.ga.gov/legislation/65846
SR 2EX,2023 Special Session,"Kennedy, John F. 18th; Gooch, Steve 51st",,"Senate Convened; notify House of Representatives
Status: 11/29/2023 - Senate Read and Adopted",Georgia.gov,Georgia.gov,A RESOLUTION to notify the House of Representatives that the Senate has convened; and for other purposes.,https://www.legis.ga.gov/legislation/65847
SR 3EX,2023 Special Session,"Kennedy, John F. 18th; Gooch, Steve 51st",,"General Assembly Convened; notify the Governor
Status: 11/29/2023 - House Immediately Transmitted to Senate",Georgia.gov,Georgia.gov,A RESOLUTION to notify the Governor that the General Assembly has convened; and for other purposes.,https://www.legis.ga.gov/legislation/65848
SR 4EX,2023 Special Session,"Brass, Matt 28th; Kennedy, John F. 18th; Gooch, Steve 51st; Robertson, Randy 29th; Anavitarte, Jason 31st; Walker, III, Larry 20th; Tillery, Blake 19th; Albers, John 56th; Kirkpatrick, Kay 32nd; Echols, Shelly 49th; Hatchett, Bo 50th; Watson, Ben 1st; Burns, Max 23rd; Williams, Rick 25th; Hodges, Mike 3rd; Beach, Brandon 21st; Dolezal, Greg 27th; Payne, Chuck 54th; Watson, Sam 11th; Harbin, Marty 16th; Still, Shawn 48th; Dixon, Clint 45th; Goodman, Russ 8th; Dugan, Mike 30th; Strickland, Brian 17th; Anderson, Lee 24th; Hufstetler, Chuck 52nd; Summers, Carden 13th; Hickman, Billy 4th; Ginn, Frank 47th; Cowsert, Bill 46th; Setzler, Ed 37th; Moore, Colton 53rd",,"Nation of Israel and the Jewish People; express support
Status: 11/29/2023 - Senate Passed/Adopted",Georgia.gov,Georgia.gov,A RESOLUTION expressing support for the Nation of Israel and the Jewish people as well as condemning terroristic attacks upon the Nation of Israel and antisemitic acts and speech in the United States; and for other purposes.,https://www.legis.ga.gov/legislation/65854
SR 5EX,2023 Special Session,"Kennedy, John F. 18th; Sims, Freddie Powell 12th; Gooch, Steve 51st; Robertson, Randy 29th; Walker, III, Larry 20th; Butler, Gloria 55th; James, Donzella 35th; Summers, Carden 13th; Anderson, Tonya 43rd; Davenport, Gail 44th; Orrock, Nan 36th; Moore, Colton 53rd; Albers, John 56th; Hufstetler, Chuck 52nd; Hatchett, Bo 50th; Watson, Ben 1st; Hickman, Billy 4th; Strickland, Brian 17th; Tillery, Blake 19th; McLaurin, Josh 14th; Setzler, Ed 37th; Cowsert, Bill 46th; Merritt, Nikki 9th; Jones, Emanuel 10th; Kirkpatrick, Kay 32nd; Goodman, Russ 8th; Esteves, Jason 6th; Jackson, Kim 41st; Burns, Max 23rd; Williams, Rick 25th; Dixon, Clint 45th; Still, Shawn 48th; Beach, Brandon 21st; Dolezal, Greg 27th; Watson, Sam 11th; Echols, Shelly 49th; Brass, Matt 28th; Rahman, Sheikh 5th; Anderson, Lee 24th; Anavitarte, Jason 31st; Harbin, Marty 16th; Parent, Elena 42nd; Payne, Chuck 54th; Tate, Horacena 38th; Harrell, Sally 40th; Rhett, Michael 'Doc' 33rd; Hodges, Mike 3rd; Lucas, David 26th; Jones II, Harold 22nd; Islam Parkes, Nabilah 7th; Halpern, Sonya 39th; Harbison, Ed 15th",,"Carter, Rosalynn; condolences
Status: 11/30/2023 - Senate Read and Adopted",Georgia.gov,Georgia.gov,A RESOLUTION honoring the life and memory of Rosalynn Carter; and for other purposes.,https://www.legis.ga.gov/legislation/65866
SR 6EX,2023 Special Session,"Hodges, Mike 3rd; Burns, Max 23rd; Williams, Rick 25th; Hatchett, Bo 50th; Kennedy, John F. 18th; Cowsert, Bill 46th; Echols, Shelly 49th","Wade, Will","Atlanta Public Safety Training Center; express support
Status: 12/06/2023 - House Passed/Adopted",Rules,Georgia.gov,A RESOLUTION expressing support for the Atlanta Public Safety Training Center and condemning acts of violence and domestic terrorism; and for other purposes.,https://www.legis.ga.gov/legislation/65874
SR 7EX,2023 Special Session,"James, Donzella 35th; Jones, Emanuel 10th; McLaurin, Josh 14th; Seay, Valencia 34th; Harbison, Ed 15th; Orrock, Nan 36th; Merritt, Nikki 9th; Esteves, Jason 6th; Rhett, Michael 'Doc' 33rd; Halpern, Sonya 39th; Anderson, Tonya 43rd; Davenport, Gail 44th",,"Adedeji Adeleke, David; recognize
Status: 12/04/2023 - Senate Read and Adopted",Georgia.gov,Georgia.gov,A RESOLUTION recognizing and commending David Adedeji Adeleke; and for other purposes.,https://www.legis.ga.gov/legislation/65877
SR 8EX,2023 Special Session,"James, Donzella 35th; Jones, Emanuel 10th; McLaurin, Josh 14th; Seay, Valencia 34th; Harbison, Ed 15th; Orrock, Nan 36th; Merritt, Nikki 9th; Islam Parkes, Nabilah 7th; Rhett, Michael 'Doc' 33rd; Esteves, Jason 6th; Halpern, Sonya 39th; Anderson, Tonya 43rd; Davenport, Gail 44th",,"Association of Nigerian Physicians in the Americas and the Nigerian Physicians Advocacy Group; commend
Status: 12/04/2023 - Senate Read and Adopted",Georgia.gov,Georgia.gov,A RESOLUTION commending the Association of Nigerian Physicians in the Americas and the Nigerian Physicians Advocacy Group; and for other purposes.,https://www.legis.ga.gov/legislation/65878
SR 9EX,2023 Special Session,"Brass, Matt 28th; Kennedy, John F. 18th; Gooch, Steve 51st; Robertson, Randy 29th; Butler, Gloria 55th; Strickland, Brian 17th",,"Wisenbaker, Ms. Sandra Nadeau; recognize
Status: 12/04/2023 - Senate Read and Adopted",Georgia.gov,Georgia.gov,A RESOLUTION recognizing and commending Ms. Sandra Nadeau Wisenbaker for her dedicated service to the citizens of the State of Georgia as the Solicitor-General of Coweta County; and for other purposes.,https://www.legis.ga.gov/legislation/65887
SR 10EX,2023 Special Session,"Walker, III, Larry 20th; Harrell, Sally 40th; Kirkpatrick, Kay 32nd; Kennedy, John F. 18th; Gooch, Steve 51st; Anavitarte, Jason 31st; Robertson, Randy 29th; Hatchett, Bo 50th; Watson, Ben 1st; Albers, John 56th; Dugan, Mike 30th",,"Wilush, Diane; recognize
Status: 12/04/2023 - Senate Read and Adopted",Georgia.gov,Georgia.gov,A RESOLUTION recognizing and commending Diane Wilush on her outstanding service; and for other purposes.,https://www.legis.ga.gov/legislation/65888
SR 11EX,2023 Special Session,"Harrell, Sally 40th; Butler, Gloria 55th; Gooch, Steve 51st; Parent, Elena 42nd; Hatchett, Bo 50th; Setzler, Ed 37th; Davenport, Gail 44th; Anderson, Tonya 43rd; Kirkpatrick, Kay 32nd; Tillery, Blake 19th; Strickland, Brian 17th; Goodman, Russ 8th; Albers, John 56th; Tate, Horacena 38th; Cowsert, Bill 46th; Payne, Chuck 54th; Rhett, Michael 'Doc' 33rd; Harbin, Marty 16th; James, Donzella 35th; Burns, Max 23rd; Williams, Rick 25th; Dixon, Clint 45th; McLaurin, Josh 14th; Walker, III, Larry 20th; Beach, Brandon 21st; Jones II, Harold 22nd; Halpern, Sonya 39th; Jones, Emanuel 10th; Sims, Freddie Powell 12th; Esteves, Jason 6th; Harbison, Ed 15th; Brass, Matt 28th; Kennedy, John F. 18th; Anavitarte, Jason 31st; Robertson, Randy 29th; Summers, Carden 13th; Lucas, David 26th",,"Ida Lubin, Rose; condolences
Status: 12/05/2023 - Senate Read and Adopted",Georgia.gov,Georgia.gov,A RESOLUTION honoring the life and memory of Rose Ida Lubin; and for other purposes.,https://www.legis.ga.gov/legislation/65890
SR 12EX,2023 Special Session,"Butler, Gloria 55th; Jones II, Harold 22nd; Parent, Elena 42nd; Halpern, Sonya 39th; Esteves, Jason 6th; Orrock, Nan 36th",,"Flowers, Liz; recognize
Status: 12/05/2023 - Senate Read and Adopted",Georgia.gov,Georgia.gov,A RESOLUTION recognizing and commending Liz Flowers; and for other purposes.,https://www.legis.ga.gov/legislation/65895
SR 13EX,2023 Special Session,"Halpern, Sonya 39th",,"Bailey, Radcliffe; condolences
Status: 12/05/2023 - Senate Read and Adopted",Georgia.gov,Georgia.gov,A RESOLUTION celebrating the life and artistic legacy of Radcliffe Bailey; and for other purposes.,https://www.legis.ga.gov/legislation/65896
SR 14EX,2023 Special Session,"Davenport, Gail 44th; Tate, Horacena 38th; James, Donzella 35th; Seay, Valencia 34th; Butler, Gloria 55th",,"Smith-Dixon, Ms. Lois; commend
Status: 12/05/2023 - Senate Hopper",Georgia.gov,Georgia.gov,A RESOLUTION commending and congratulating Ms. Lois Smith-Dixon; and for other purposes.,https://www.legis.ga.gov/legislation/65903
SR 15EX,2023 Special Session,"Anderson, Tonya 43rd; Davenport, Gail 44th; Butler, Gloria 55th; Seay, Valencia 34th; James, Donzella 35th; Tate, Horacena 38th; Rhett, Michael 'Doc' 33rd; Halpern, Sonya 39th; Esteves, Jason 6th",,"Williams, Reverend Dr. Joseph L.; recognize
Status: 12/05/2023 - Senate Hopper",Georgia.gov,Georgia.gov,A RESOLUTION recognizing and commending Reverend Dr. Joseph L. Williams on the occasion of his 25th pastoral anniversary; and for other purposes.,https://www.legis.ga.gov/legislation/65904
SR 16EX,2023 Special Session,"James, Donzella 35th; Tate, Horacena 38th; Rhett, Michael 'Doc' 33rd; Orrock, Nan 36th; Harrell, Sally 40th; Anderson, Tonya 43rd; Butler, Gloria 55th",,"Riley, Herman Lee; condolences
Status: 12/06/2023 - Senate Hopper",Georgia.gov,Georgia.gov,A RESOLUTION honoring the life and memory of Herman Lee Riley; and for other purposes.,https://www.legis.ga.gov/legislation/65911
