term,chamber,data_name,sponsor,party,district,roster_id,roster_id_col,LES,BILL_wshare,AIC_wshare,ABC_wshare,PASS_wshare,LAW_wshare,all_bills,all_aic,all_abc,all_pass,all_law,ss_bills,ss_aic,ss_abc,ss_pass,ss_law,s_bills,s_aic,s_abc,s_pass,s_law,c_bills,c_aic,c_abc,c_pass,c_law,num_sponsored_bills,sponsor_pass_rate,sponsor_law_rate,num_cosponsored_bills,LES_rank,LES_nw
2023_2024,House,s. bird,Shannon Bird,D,HD-029,20127,legiscan_id,8.698732258299028,0.1103024789629292,0.1103024789629292,0.1323198198198198,0.1342090234151913,0.1432091161071758,95,95,92,92,91,2,2,2,2,2,93,93,90,90,89,0,0,0,0,0,95,0.968421052631579,0.9578947368421052,,1,9.517714351544422
2023_2024,House,j. amabile,Judith Amabile,D,HD-049,22219,legiscan_id,1.701017562109591,0.0216056402092335,0.0216056402092335,0.0267454954954954,0.0271273557966876,0.0261780104712041,17,17,17,17,15,2,2,2,2,2,15,15,15,15,13,0,0,0,0,0,17,1.0,0.8823529411764706,,6,1.6961449390897378
2023_2024,House,j. bacon,Jennifer Bacon,D,HD-007,22220,legiscan_id,1.0721754206374483,0.0147828064589492,0.0147828064589492,0.0154842342342342,0.0157053112507138,0.016938712657838,9,9,7,7,7,4,4,4,4,4,5,5,3,3,3,0,0,0,0,0,9,0.7777777777777778,0.7777777777777778,,21,0.7871951772953242
2023_2024,House,l. garcia,Lorena Garcia,D,HD-035,24385,legiscan_id,0.7992740354332507,0.0136456675005685,0.0136456675005685,0.0098536036036036,0.009994288977727,0.0107791807822605,11,11,6,6,6,1,1,1,1,1,10,10,5,5,5,0,0,0,0,0,11,0.5454545454545454,0.5454545454545454,,39,0.78823774002392
2023_2024,House,m. duran,Monica Duran,D,HD-023,20148,legiscan_id,1.6585167921681063,0.0216056402092335,0.0216056402092335,0.0267454954954954,0.0271273557966876,0.0230982445334154,15,15,15,15,13,4,4,4,4,2,11,11,11,11,11,0,0,0,0,0,15,1.0,0.8666666666666667,,7,1.490970990704627
2023_2024,House,j. joseph,Junie Joseph,D,HD-010,23956,legiscan_id,1.2846977183534245,0.01591994541733,0.01591994541733,0.0197072072072072,0.019988577955454,0.021558361564521,12,12,12,12,12,2,2,2,2,2,10,10,10,10,10,0,0,0,0,0,12,1.0,1.0,,13,1.2310436903106683
2023_2024,House,a. boesenecker,Andrew Boesenecker,D,HD-053,22921,legiscan_id,1.0475529682427025,0.0147828064589492,0.0147828064589492,0.0168918918918918,0.0171330668189605,0.0123190637511549,11,11,10,10,7,2,2,2,2,1,9,9,8,8,6,0,0,0,0,0,11,0.9090909090909092,0.6363636363636364,,23,0.9886624876237108
2023_2024,House,l. daugherty,Lindsey Daugherty,D,HD-024,22223,legiscan_id,1.3552114561222122,0.0170570843757107,0.0170570843757107,0.0211148648648648,0.0214163335237007,0.021558361564521,11,11,11,11,10,4,4,4,4,4,7,7,7,7,6,0,0,0,0,0,11,1.0,0.9090909090909092,,12,1.1045399050262583
2023_2024,House,e. sirota,Emily Sirota,D,HD-009,20024,legiscan_id,2.1419598582605044,0.0272913350011371,0.0272913350011371,0.0323761261261261,0.0328383780696744,0.0354173082845703,22,22,21,21,21,2,2,2,2,2,20,20,19,19,19,0,0,0,0,0,22,0.9545454545454546,0.9545454545454546,,2,2.188869637017387
2023_2024,House,m. snyder,Marc Snyder,D,HD-018,20138,legiscan_id,1.4900426225225534,0.0204685012508528,0.0204685012508528,0.0225225225225225,0.0214163335237007,0.0230982445334154,16,16,14,13,13,2,2,2,2,2,14,14,12,11,11,0,0,0,0,0,16,0.8125,0.8125,,10,1.4591649633291377
2023_2024,House,m. lukens,Meghan Lukens,D,HD-026,23960,legiscan_id,1.835282454790606,0.0227427791676142,0.0227427791676142,0.0281531531531531,0.0285551113649343,0.0307976593778872,16,16,16,16,16,4,4,4,4,4,12,12,12,12,12,0,0,0,0,0,16,1.0,1.0,,4,1.6413915870808913
2023_2024,House,r. armagost,Ryan Armagost,R,HD-064,23965,legiscan_id,0.7968830524188578,0.0113713895838071,0.0113713895838071,0.0112612612612612,0.0114220445459737,0.0123190637511549,9,9,7,7,7,1,1,1,1,1,8,8,6,6,6,0,0,0,0,0,9,0.7777777777777778,0.7777777777777778,,40,0.7871951772953242
2023_2024,House,k. brown,Kyle Brown,D,HD-012,24873,legiscan_id,1.958431612781444,0.0250170570843757,0.0250170570843757,0.0295608108108108,0.029982866933181,0.0323375423467816,19,19,18,18,18,3,3,3,3,3,16,16,15,15,15,0,0,0,0,0,19,0.9473684210526316,0.9473684210526316,,3,1.88110871443972
2023_2024,House,m. catlin,Marc Catlin,R,HD-058,19200,legiscan_id,0.4902056489489592,0.0068228337502842,0.0068228337502842,0.0070382882882882,0.0071387778412335,0.0076994148444718,6,6,5,5,5,0,0,0,0,0,6,6,5,5,5,0,0,0,0,0,6,0.8333333333333334,0.8333333333333334,,54,0.5474780499364957
2023_2024,House,j. mabrey,Javier Mabrey,D,HD-001,23954,legiscan_id,0.9982896154446568,0.0136456675005685,0.0136456675005685,0.0154842342342342,0.0157053112507138,0.0138589467200492,10,10,9,9,7,2,2,2,2,2,8,8,7,7,5,0,0,0,0,0,10,0.9,0.7,,27,0.9099923245230096
2023_2024,House,c. kipp,Cathy Kipp,D,HD-052,20159,legiscan_id,1.1916751600381537,0.0170570843757107,0.0170570843757107,0.0197072072072072,0.0171330668189605,0.0153988296889436,14,14,13,11,9,1,1,1,1,1,13,13,12,10,8,0,0,0,0,0,14,0.7857142857142857,0.6428571428571429,,15,1.228062154665079
2023_2024,House,l. frizell,Lisa Frizell,R,HD-045,23958,legiscan_id,0.3795821242530795,0.007959972708665,0.007959972708665,0.0042229729729729,0.0042832667047401,0.0030797659377887,7,7,3,3,2,0,0,0,0,0,7,7,3,3,2,0,0,0,0,0,7,0.4285714285714285,0.2857142857142857,,61,0.4220168273806812
2023_2024,House,i. jodeh,Iman Jodeh,D,HD-041,22225,legiscan_id,0.7833763347142882,0.0102342506254264,0.0102342506254264,0.0126689189189189,0.0128498001142204,0.0107791807822605,7,7,7,7,6,2,2,2,2,1,5,5,5,5,5,0,0,0,0,0,7,1.0,0.8571428571428571,,41,0.6941920082560356
2023_2024,House,m. martinez,Matthew Martinez,D,HD-062,23959,legiscan_id,0.8282680876701655,0.0125085285421878,0.0125085285421878,0.0112612612612612,0.0114220445459737,0.0123190637511549,10,10,7,7,7,1,1,1,1,1,9,9,6,6,6,0,0,0,0,0,10,0.7,0.7,,38,0.8217383562690413
2023_2024,House,w. lindstedt,William Lindstedt,D,HD-033,23969,legiscan_id,1.6305038243408032,0.0204685012508528,0.0204685012508528,0.0253378378378378,0.0256996002284408,0.0261780104712041,16,16,16,16,15,2,2,2,2,2,14,14,14,14,13,0,0,0,0,0,16,1.0,0.9375,,9,1.6174747759890369
2023_2024,House,m. soper,Matt Soper,R,HD-054,20139,legiscan_id,1.166330526391372,0.0181942233340914,0.0181942233340914,0.0154842342342342,0.0157053112507138,0.016938712657838,16,16,11,11,11,0,0,0,0,0,16,16,11,11,11,0,0,0,0,0,16,0.6875,0.6875,,16,1.3011726109866983
2023_2024,House,m. lindsay,Mandy Lindsay,D,HD-042,23046,legiscan_id,1.163939543376979,0.01591994541733,0.01591994541733,0.0168918918918918,0.0171330668189605,0.0184785956267323,12,12,10,10,10,2,2,2,2,2,10,10,8,8,8,0,0,0,0,0,12,0.8333333333333334,0.8333333333333334,,17,1.0949560998729917
2023_2024,House,m. bradfield,Mary Bradfield,R,HD-021,22222,legiscan_id,0.5607193867177473,0.007959972708665,0.007959972708665,0.0084459459459459,0.0085665334094802,0.0076994148444718,6,6,5,5,4,1,1,1,1,1,5,5,4,4,3,0,0,0,0,0,6,0.8333333333333334,0.6666666666666666,,48,0.5235612388446412
2023_2024,House,e. epps,Elisabeth Epps,D,HD-006,23951,legiscan_id,0.9480451782369996,0.0147828064589492,0.0147828064589492,0.0140765765765765,0.0142775556824671,0.0107791807822605,12,12,9,9,6,1,1,1,1,1,11,11,8,8,5,0,0,0,0,0,12,0.75,0.5,,32,0.9551618713785894
2023_2024,House,l. herod,Leslie Herod,D,HD-008,18721,legiscan_id,0.8357344037702092,0.0113713895838071,0.0113713895838071,0.0140765765765765,0.0114220445459737,0.0123190637511549,8,8,8,7,7,2,2,2,1,1,6,6,6,6,6,0,0,0,0,0,8,0.875,0.875,,37,0.774556760226369
2023_2024,House,b. bradley,Brandi Bradley,R,HD-039,23950,legiscan_id,0.5442509677757906,0.0125085285421878,0.0125085285421878,0.0056306306306306,0.0057110222729868,0.0030797659377887,11,11,4,4,2,0,0,0,0,0,11,11,4,4,2,0,0,0,0,0,11,0.3636363636363636,0.1818181818181818,,49,0.604316527402534
2023_2024,House,m. froelich,Meg Froelich,D,HD-003,20739,legiscan_id,0.8596531229214733,0.0136456675005685,0.0136456675005685,0.0112612612612612,0.0114220445459737,0.0123190637511549,11,11,7,7,7,1,1,1,1,1,10,10,6,6,6,0,0,0,0,0,11,0.6363636363636364,0.6363636363636364,,35,0.8562815352427585
2023_2024,House,t. mauro,Tisha Mauro,D,HD-046,24616,legiscan_id,1.1011694728743635,0.0136456675005685,0.0136456675005685,0.0168918918918918,0.0171330668189605,0.0184785956267323,10,10,10,10,10,2,2,2,2,2,8,8,8,8,8,0,0,0,0,0,10,1.0,1.0,,19,1.025869741925557
2023_2024,House,e. hamrick,Eliza Hamrick,D,HD-061,24384,legiscan_id,1.043181368400534,0.01591994541733,0.01591994541733,0.0140765765765765,0.0142775556824671,0.0153988296889436,13,13,9,9,9,1,1,1,1,1,12,12,8,8,8,0,0,0,0,0,13,0.6923076923076923,0.6923076923076923,,24,1.06145548362787
2023_2024,House,j. parenti,Jennifer Parenti,D,HD-019,24407,legiscan_id,0.8852751077343841,0.0125085285421878,0.0125085285421878,0.0140765765765765,0.0142775556824671,0.0107791807822605,9,9,8,8,6,2,2,2,2,1,7,7,6,6,5,0,0,0,0,0,9,0.8888888888888888,0.6666666666666666,,34,0.8074053503304539
2023_2024,House,r. english,Regina English,D,HD-017,23961,legiscan_id,0.7365039649306353,0.0113713895838071,0.0113713895838071,0.0098536036036036,0.009994288977727,0.0107791807822605,10,10,7,7,7,0,0,0,0,0,10,10,7,7,7,0,0,0,0,0,10,0.7,0.7,,42,0.8217383562690413
2023_2024,House,b. marshall,Bob Marshall,D,HD-043,23949,legiscan_id,0.6453061159104311,0.0125085285421878,0.0125085285421878,0.0084459459459459,0.0071387778412335,0.0061595318755774,11,11,6,5,4,0,0,0,0,0,11,11,6,5,4,0,0,0,0,0,11,0.4545454545454545,0.3636363636363636,,44,0.7181818956179888
2023_2024,House,b. titone,Brianna Titone,D,HD-027,20142,legiscan_id,0.9804112978979184,0.0136456675005685,0.0136456675005685,0.0140765765765765,0.0142775556824671,0.0153988296889436,11,11,9,9,9,1,1,1,1,1,10,10,8,8,8,0,0,0,0,0,11,0.8181818181818182,0.8181818181818182,,30,0.9923691256804358
2023_2024,House,d. ortiz,David Ortiz,D,HD-038,22229,legiscan_id,0.9828022809123114,0.01591994541733,0.01591994541733,0.0126689189189189,0.0128498001142204,0.0138589467200492,14,14,9,9,9,0,0,0,0,0,14,14,9,9,9,0,0,0,0,0,14,0.6428571428571429,0.6428571428571429,,29,1.095998662601587
2023_2024,House,a. hartsook,Anthony Hartsook,R,HD-044,23948,legiscan_id,0.521590684200267,0.007959972708665,0.007959972708665,0.0070382882882882,0.0071387778412335,0.0076994148444718,7,7,5,5,5,0,0,0,0,0,7,7,5,5,5,0,0,0,0,0,7,0.7142857142857143,0.7142857142857143,,52,0.5820212289102128
2023_2024,House,j. mccluskie,Julie McCluskie,D,HD-013,20025,legiscan_id,1.6517542093115454,0.0204685012508528,0.0204685012508528,0.0253378378378378,0.0256996002284408,0.0277178934400985,15,15,15,15,15,3,3,3,3,3,12,12,12,12,12,0,0,0,0,0,15,1.0,1.0,,8,1.5388046128883357
2023_2024,House,r. bockenfeld,Rod Bockenfeld,R,HD-056,20128,legiscan_id,0.219695246759154,0.007959972708665,0.007959972708665,0.0,0.0,0.0,7,7,0,0,0,0,0,0,0,0,7,7,0,0,0,0,0,0,0,0,7,0.0,0.0,,66,0.24180225281602
2023_2024,House,b. mclachlan,Barbara McLachlan,D,HD-059,18711,legiscan_id,0.8596531229214733,0.0136456675005685,0.0136456675005685,0.0112612612612612,0.0114220445459737,0.0123190637511549,12,12,8,8,8,0,0,0,0,0,12,12,8,8,8,0,0,0,0,0,12,0.6666666666666666,0.6666666666666666,,35,0.958868509435314
2023_2024,House,c. clifford,Chad Clifford,D,HD-037,25044,legiscan_id,0.3771911412386867,0.0056856947919035,0.0056856947919035,0.0056306306306306,0.0057110222729868,0.004619648906683,5,5,4,4,3,0,0,0,0,0,5,5,4,4,3,0,0,0,0,0,5,0.8,0.6,,62,0.4209742646520856
2023_2024,House,s. lieder,Sheila Lieder,D,HD-028,23967,legiscan_id,1.0586687029328792,0.0136456675005685,0.0136456675005685,0.0168918918918918,0.0171330668189605,0.0153988296889436,9,9,9,9,8,3,3,3,3,2,6,6,6,6,6,0,0,0,0,0,9,1.0,0.8888888888888888,,22,0.8993659566411469
2023_2024,House,s. vigil,Stephanie Vigil,D,HD-016,24408,legiscan_id,0.9514172456610036,0.0147828064589492,0.0147828064589492,0.0126689189189189,0.0128498001142204,0.0138589467200492,11,11,7,7,7,2,2,2,2,2,9,9,5,5,5,0,0,0,0,0,11,0.6363636363636364,0.6363636363636364,,31,0.8562815352427585
2023_2024,House,e. velasco,Elizabeth Velasco,D,HD-057,23952,legiscan_id,1.2243186308652017,0.01591994541733,0.01591994541733,0.0182995495495495,0.0185608223872073,0.0200184785956267,12,12,11,11,11,2,2,2,2,2,10,10,9,9,9,0,0,0,0,0,12,0.9166666666666666,0.9166666666666666,,14,1.16299989509183
2023_2024,House,r. dickson,Ruby Dickson,D,HD-037,24406,legiscan_id,0.3670564909581212,0.0045485558335228,0.0045485558335228,0.0056306306306306,0.0057110222729868,0.0061595318755774,3,3,3,3,3,1,1,1,1,1,2,2,2,2,2,0,0,0,0,0,3,1.0,1.0,,64,0.3077609225776671
2023_2024,House,m. lynch,Michael Lynch,R,HD-065,22227,legiscan_id,0.4032234922382146,0.0102342506254264,0.0102342506254264,0.0028153153153153,0.0028555111364934,0.0030797659377887,9,9,2,2,2,0,0,0,0,0,9,9,2,2,2,0,0,0,0,0,9,0.2222222222222222,0.2222222222222222,,59,0.4469762012011314
2023_2024,House,k. degraaf,Ken Degraaf,R,HD-022,23957,legiscan_id,0.4973785979921377,0.0136456675005685,0.0136456675005685,0.0028153153153153,0.0028555111364934,0.0030797659377887,11,11,1,1,1,1,1,1,1,1,10,10,0,0,0,0,0,0,0,0,11,0.0909090909090909,0.0909090909090909,,53,0.4480187639297273
2023_2024,House,g. evans,Gabe Evans,R,HD-048,23953,legiscan_id,0.5239816672146598,0.0102342506254264,0.0102342506254264,0.0056306306306306,0.0057110222729868,0.0061595318755774,9,9,4,4,4,0,0,0,0,0,9,9,4,4,4,0,0,0,0,0,9,0.4444444444444444,0.4444444444444444,,51,0.5830637916388085
2023_2024,House,r. taggart,Rick Taggart,R,HD-055,23962,legiscan_id,0.999836973573594,0.0136456675005685,0.0136456675005685,0.0154842342342342,0.0142775556824671,0.0153988296889436,12,12,11,10,10,0,0,0,0,0,12,12,11,10,10,0,0,0,0,0,12,0.8333333333333334,0.8333333333333334,,26,1.1168608617777531
2023_2024,House,r. holtorf,Richard Holtorf,R,HD-063,21496,legiscan_id,0.4795644212599503,0.0081874005003411,0.0081874005003411,0.0059121621621621,0.0059965733866362,0.0064675084693563,8,8,5,5,5,0,0,0,0,0,7,7,4,4,4,1,1,1,1,1,8,0.625,0.625,,55,0.61656440788393
2023_2024,House,s. gonzales-gutierrez,Serena Gonzales-Gutierrez,D,HD-004,20134,legiscan_id,0.141501982538744,0.0025017057084375,0.0025017057084375,0.0016891891891891,0.001713306681896,0.0018478595626732,3,3,2,2,2,0,0,0,0,0,2,2,1,1,1,1,1,1,1,1,3,0.6666666666666666,0.6666666666666666,,69,0.2397171273588285
2023_2024,House,m. weissman,Michael Weissman,D,HD-036,18723,legiscan_id,1.802916335129687,0.0238799181259949,0.0238799181259949,0.0281531531531531,0.0285551113649343,0.0261780104712041,21,21,20,20,17,0,0,0,0,0,21,21,20,20,17,0,0,0,0,0,21,0.9523809523809524,0.8095238095238095,,5,2.014532229549268
2023_2024,House,k. mccormick,Karen McCormick,D,HD-011,22228,legiscan_id,1.1426891584062369,0.01591994541733,0.01591994541733,0.0168918918918918,0.0171330668189605,0.016938712657838,12,12,10,10,9,2,2,2,2,2,10,10,8,8,7,0,0,0,0,0,12,0.8333333333333334,0.75,,18,1.0710392887811369
2023_2024,House,a. valdez,Alex Valdez,D,HD-005,20143,legiscan_id,0.5631103697321401,0.0102342506254264,0.0102342506254264,0.0070382882882882,0.0071387778412335,0.0061595318755774,9,9,5,5,4,0,0,0,0,0,9,9,5,5,4,0,0,0,0,0,9,0.5555555555555556,0.4444444444444444,,47,0.6271907757657925
2023_2024,House,n. ricks,Naquetta Ricks,D,HD-040,22231,legiscan_id,0.9887212388834176,0.0147828064589492,0.0147828064589492,0.0154842342342342,0.0142775556824671,0.0123190637511549,11,11,9,8,6,2,2,2,2,2,9,9,7,6,4,0,0,0,0,0,11,0.7272727272727273,0.5454545454545454,,28,0.8983964701826502
2023_2024,House,d. michaelson jenet,Dafna Michaelson Jenet,D,HD-032,18713,legiscan_id,0.6133548069397973,0.0090971116670457,0.0090971116670457,0.0084459459459459,0.0085665334094802,0.0092392978133661,7,7,5,5,5,1,1,1,1,1,6,6,4,4,4,0,0,0,0,0,7,0.7142857142857143,0.7142857142857143,,45,0.5820212289102128
2023_2024,House,j. willford,Jenny Willford,D,HD-034,23955,legiscan_id,1.0823100709180142,0.01591994541733,0.01591994541733,0.0154842342342342,0.0157053112507138,0.0153988296889436,12,12,9,9,8,2,2,2,2,2,10,10,7,7,6,0,0,0,0,0,12,0.75,0.6666666666666666,,20,1.0029954935622982
2023_2024,House,j. marvin,Julia Marvin,D,HD-031,25123,legiscan_id,0.4588206136976515,0.0056856947919035,0.0056856947919035,0.0070382882882882,0.0071387778412335,0.0076994148444718,5,5,5,5,5,0,0,0,0,0,5,5,5,5,5,0,0,0,0,0,5,1.0,1.0,,56,0.5129348709627783
2023_2024,House,r. weinberg,Ron Weinberg,R,HD-051,23963,legiscan_id,0.4346085274895222,0.0113713895838071,0.0113713895838071,0.0028153153153153,0.0028555111364934,0.0030797659377887,10,10,2,2,2,0,0,0,0,0,10,10,2,2,2,0,0,0,0,0,10,0.2,0.2,,58,0.4815193801748485
2023_2024,House,m. rutinel,Manny Rutinel,D,HD-035,24966,legiscan_id,0.4588206136976515,0.0056856947919035,0.0056856947919035,0.0070382882882882,0.0071387778412335,0.0076994148444718,4,4,4,4,4,1,1,1,1,1,3,3,3,3,3,0,0,0,0,0,4,1.0,1.0,,56,0.4103478967702228
2023_2024,House,t. story,Tammy Story,D,HD-025,20032,legiscan_id,0.6727528100184086,0.0113713895838071,0.0113713895838071,0.0098536036036036,0.009994288977727,0.0061595318755774,10,10,7,7,4,0,0,0,0,0,10,10,7,7,4,0,0,0,0,0,10,0.7,0.4,,43,0.749987922993478
2023_2024,House,s. bottoms,Scott Bottoms,R,HD-015,23996,legiscan_id,0.219695246759154,0.007959972708665,0.007959972708665,0.0,0.0,0.0,7,7,0,0,0,0,0,0,0,0,7,7,0,0,0,0,0,0,0,0,7,0.0,0.0,,66,0.24180225281602
2023_2024,House,t. winter,Ty Winter,R,HD-047,23968,legiscan_id,0.4032234922382146,0.0102342506254264,0.0102342506254264,0.0028153153153153,0.0028555111364934,0.0030797659377887,9,9,2,2,2,0,0,0,0,0,9,9,2,2,2,0,0,0,0,0,9,0.2222222222222222,0.2222222222222222,,59,0.4469762012011314
2023_2024,House,t. hernandez,Tim Hernandez,D,HD-004,24967,legiscan_id,0.1622778605083183,0.0022742779167614,0.0022742779167614,0.0028153153153153,0.0028555111364934,0.0015398829688943,2,2,2,2,1,0,0,0,0,0,2,2,2,2,1,0,0,0,0,0,2,1.0,0.5,,68,0.1812571372932569
2023_2024,House,r. pugliese,Rose Pugliese,R,HD-014,23964,legiscan_id,0.5724013951272503,0.0090971116670457,0.0090971116670457,0.0084459459459459,0.0071387778412335,0.0076994148444718,7,7,5,4,4,1,1,1,1,1,6,6,4,3,3,0,0,0,0,0,7,0.5714285714285714,0.5714285714285714,,46,0.5358821955961361
2023_2024,House,d. wilson,Don Wilson,R,HD-020,23971,legiscan_id,0.3718384569869069,0.0090971116670457,0.0090971116670457,0.0028153153153153,0.0028555111364934,0.0030797659377887,7,7,1,1,1,1,1,1,1,1,6,6,0,0,0,0,0,0,0,0,7,0.1428571428571428,0.1428571428571428,,63,0.3098460480348586
2023_2024,House,s. luck,Stephanie Luck,R,HD-060,22226,legiscan_id,0.3072436771892249,0.0068228337502842,0.0068228337502842,0.0042229729729729,0.0028555111364934,0.0015398829688943,6,6,3,2,1,0,0,0,0,0,6,6,3,2,1,0,0,0,0,0,6,0.3333333333333333,0.1666666666666666,,65,0.3413346150928874
2023_2024,House,m. young,Mary Young,D,HD-050,21455,legiscan_id,1.4078468763442622,0.0181942233340914,0.0181942233340914,0.0211148648648648,0.0214163335237007,0.0230982445334154,15,15,14,14,14,1,1,1,1,1,14,14,13,13,13,0,0,0,0,0,15,0.9333333333333332,0.9333333333333332,,11,1.470760817669497
2023_2024,House,s. sharbini,Said Sharbini,D,HD-031,23966,legiscan_id,0.5293343514664396,0.0068228337502842,0.0068228337502842,0.0084459459459459,0.0085665334094802,0.0076994148444718,5,5,5,5,4,1,1,1,1,1,4,4,4,4,3,0,0,0,0,0,5,1.0,0.8,,50,0.489018059870924
2023_2024,House,s. woodrow,Steven Woodrow,D,HD-002,21549,legiscan_id,0.9166601429856918,0.0136456675005685,0.0136456675005685,0.0140765765765765,0.0142775556824671,0.0107791807822605,9,9,7,7,5,3,3,3,3,2,6,6,4,4,3,0,0,0,0,0,9,0.7777777777777778,0.5555555555555556,,33,0.7393615551116154
2023_2024,House,c. degruy kennedy,Chris Kennedy,D,HD-030,18712,legiscan_id,1.0195400004153987,0.0136456675005685,0.0136456675005685,0.0154842342342342,0.0157053112507138,0.0153988296889436,11,11,10,10,9,1,1,1,1,1,10,10,9,9,8,0,0,0,0,0,11,0.9090909090909092,0.8181818181818182,,25,1.03649610980742
2023_2024,Senate,j. bridges,Jeff Bridges,D,SD-026,19048,legiscan_id,2.123487358663368,0.0548902195608782,0.0549816727757414,0.0597072419106317,0.0605232331120656,0.0648264324550397,32,32,30,30,30,1,1,1,1,1,31,31,29,29,29,0,0,0,0,0,32,0.9375,0.9375,,3,2.294723888172396
2023_2024,Senate,b. kirkmeyer,Barbara Kirkmeyer,R,SD-023,22456,legiscan_id,0.5022524476980766,0.0199600798403193,0.0183272242585804,0.0134822804314329,0.0117141741507223,0.0062735257214554,12,11,7,6,3,0,0,0,0,0,12,11,7,6,3,0,0,0,0,0,12,0.5,0.25,,30,0.5585360084795625
2023_2024,Senate,l. cutter,Lisa Cutter,D,SD-020,20131,legiscan_id,1.1259193942325931,0.0316034597471723,0.0316561146284571,0.0327426810477657,0.0331901600937133,0.0271852781263069,17,17,15,15,12,2,2,2,2,1,15,15,13,13,11,0,0,0,0,0,17,0.8823529411764706,0.7058823529411765,,9,1.122984717966392
2023_2024,Senate,s. fenberg,Steve Fenberg,D,SD-018,18729,legiscan_id,1.7926747648849133,0.0449101796407185,0.0449850049983338,0.0520030816640986,0.0527137836782506,0.0543705562526139,21,21,21,21,20,6,6,6,6,6,15,15,15,15,14,0,0,0,0,0,21,1.0,0.9523809523809524,,5,1.552340720641346
2023_2024,Senate,r. zenzinger,Rachel Zenzinger,D,SD-019,16096,legiscan_id,4.72355067245423,0.1180971390552228,0.1182939020326557,0.136748844375963,0.1386177274502147,0.1442910915934755,67,67,67,67,66,4,4,4,4,3,63,63,63,63,63,0,0,0,0,0,67,1.0,0.9850746268656716,,1,4.989815352410345
2023_2024,Senate,d. roberts,Dylan Roberts,D,SD-008,19512,legiscan_id,2.241147940430542,0.0582168995342648,0.0583138953682106,0.0654853620955315,0.064427957828973,0.0648264324550397,28,28,27,26,25,7,7,7,7,6,21,21,20,19,19,0,0,0,0,0,28,0.9285714285714286,0.8928571428571429,,2,1.994422630096202
2023_2024,Senate,r. fields,Rhonda Fields,D,SD-028,11607,legiscan_id,1.438900812999873,0.0382568196939454,0.0383205598133955,0.0404468412942989,0.0409996095275283,0.041823504809703,21,21,19,19,18,2,2,2,2,2,19,19,17,17,16,0,0,0,0,0,21,0.9047619047619048,0.8571428571428571,,6,1.4557779084526987
2023_2024,Senate,n. hinrichsen,Nick Hinrichsen,D,SD-003,23104,legiscan_id,1.2140697385831918,0.0316034597471723,0.0316561146284571,0.034668721109399,0.0351425224521671,0.0355499790882475,16,16,15,15,14,3,3,3,3,3,13,13,12,12,11,0,0,0,0,0,16,0.9375,0.875,,8,1.1304207676156095
2023_2024,Senate,b. gardner,Bob Gardner,R,SD-012,18726,legiscan_id,0.8105075460138998,0.0269461077844311,0.0269910029990003,0.0215716486902927,0.019914096056228,0.0171476369719782,17,17,12,11,9,0,0,0,0,0,16,16,11,10,8,1,1,1,1,1,17,0.6470588235294118,0.5294117647058824,,18,0.9623510259992109
2023_2024,Senate,j. coleman,James Coleman,D,SD-033,18939,legiscan_id,0.8793046966171907,0.0232867598137059,0.0233255581472842,0.0250385208012326,0.0253807106598984,0.0250941028858218,11,11,10,10,9,3,3,3,3,3,8,8,7,7,6,0,0,0,0,0,11,0.9090909090909092,0.8181818181818182,,15,0.7567822206841966
2023_2024,Senate,j. ginal,Joann Ginal,D,SD-014,14268,legiscan_id,0.946257705010391,0.0249500998003992,0.0249916694435188,0.0269645608628659,0.0273330730183522,0.0271852781263069,15,15,14,14,13,0,0,0,0,0,15,15,14,14,13,0,0,0,0,0,15,0.9333333333333332,0.8666666666666667,,13,1.055693058229327
2023_2024,Senate,j. marchman,Janice Marchman,D,SD-015,23970,legiscan_id,1.0651072600652982,0.0282767797737857,0.028323892035988,0.0308166409861325,0.0312377977352596,0.0292764533667921,14,14,13,13,11,3,3,3,3,3,11,11,10,10,8,0,0,0,0,0,14,0.9285714285714286,0.7857142857142857,,11,0.964024172372456
2023_2024,Senate,j. buckner,Janet Buckner,D,SD-029,18719,legiscan_id,0.7174741824061637,0.0199600798403193,0.019993335554815,0.0192604006163328,0.0195236235845372,0.0209117524048515,11,11,9,9,9,1,1,1,1,1,10,10,8,8,8,0,0,0,0,0,11,0.8181818181818182,0.8181818181818182,,23,0.7254419910604613
2023_2024,Senate,j. gonzales,Julie Gonzales,D,SD-034,20029,legiscan_id,0.8083992400364446,0.0232867598137059,0.0233255581472842,0.0211864406779661,0.021475985942991,0.0230029276453366,12,12,9,9,9,2,2,2,2,2,10,10,7,7,7,0,0,0,0,0,12,0.75,0.75,,19,0.7518882943524203
2023_2024,Senate,m. baisley,Mark Baisley,R,SD-004,20126,legiscan_id,0.5215782965446046,0.018296739853626,0.0183272242585804,0.0115562403697996,0.0117141741507223,0.0125470514429109,10,10,5,5,5,1,1,1,1,1,9,9,4,4,4,0,0,0,0,0,10,0.5,0.5,,27,0.5058700633912079
2023_2024,Senate,j. danielson,Jessie Danielson,D,SD-022,16583,legiscan_id,1.0952201835282849,0.0282767797737857,0.028323892035988,0.0308166409861325,0.0312377977352596,0.0334588038477624,15,15,14,14,14,2,2,2,2,2,13,13,12,12,12,0,0,0,0,0,15,0.9333333333333332,0.9333333333333332,,10,1.0726342346999151
2023_2024,Senate,c. hansen,Chris Hansen,D,SD-031,19205,legiscan_id,0.994201803484552,0.0282767797737857,0.028323892035988,0.0269645608628659,0.0273330730183522,0.0271852781263069,15,15,12,12,11,2,2,2,2,2,13,13,10,10,9,0,0,0,0,0,15,0.8,0.7333333333333333,,12,0.9591302460406798
2023_2024,Senate,s. jaquez lewis,Sonya Jaquez Lewis,D,SD-017,20027,legiscan_id,0.6933238510118455,0.0232867598137059,0.0233255581472842,0.0173343605546995,0.0156188988676298,0.0167294019238812,12,12,7,6,6,2,2,2,2,2,10,10,5,4,4,0,0,0,0,0,12,0.5,0.5,,24,0.6225948320089743
2023_2024,Senate,r. rodriguez,Robert Rodriguez,D,SD-032,20031,legiscan_id,1.352938894687634,0.0382568196939454,0.0383205598133955,0.0365947611710323,0.0370948848106208,0.0376411543287327,20,20,16,16,15,3,3,3,3,3,17,17,13,13,12,0,0,0,0,0,20,0.8,0.75,,7,1.284487386877769
2023_2024,Senate,k. mullica,Kyle Mullica,D,SD-024,20136,legiscan_id,0.8501912259048306,0.0232867598137059,0.0233255581472842,0.0250385208012326,0.0234283483014447,0.0230029276453366,13,13,12,11,10,1,1,1,1,1,12,12,11,10,9,0,0,0,0,0,13,0.8461538461538461,0.7692307692307693,,16,0.873506989301963
2023_2024,Senate,t. exum,Thomas Exum,D,SD-011,15133,legiscan_id,0.2248310744166813,0.0066533599467731,0.0066644451849383,0.0057781201848998,0.0058570870753611,0.0062735257214554,4,4,3,3,3,0,0,0,0,0,4,4,3,3,3,0,0,0,0,0,4,0.75,0.75,,35,0.2506294314508067
2023_2024,Senate,f. winter,Faith Winter,D,SD-025,16581,legiscan_id,1.8366664151715288,0.0499001996007984,0.0499833388870376,0.0500770416024653,0.0507614213197969,0.0543705562526139,25,25,21,21,21,5,5,5,5,5,20,20,16,16,16,0,0,0,0,0,25,0.84,0.84,,4,1.6750671102797705
2023_2024,Senate,d. michaelson jenet,Dafna Michaelson Jenet,D,SD-021,18713,legiscan_id,0.5205676054141087,0.0133067198935462,0.0133288903698767,0.0154083204930662,0.0156188988676298,0.014638226683396,8,8,8,8,7,0,0,0,0,0,8,8,8,8,7,0,0,0,0,0,8,1.0,0.875,,28,0.5808804986196725
2023_2024,Senate,p. lundeen,Paul Lundeen,R,SD-009,16509,legiscan_id,0.4736341980704433,0.0149700598802395,0.0149950016661112,0.0115562403697996,0.0117141741507223,0.0125470514429109,8,8,5,5,5,1,1,1,1,1,7,7,4,4,4,0,0,0,0,0,8,0.625,0.625,,32,0.4529774568072899
2023_2024,Senate,k. priola,Kevin Priola,D,SD-013,3323,legiscan_id,0.8830788626474987,0.0266134397870924,0.0266577807397534,0.0250385208012326,0.0234283483014447,0.0209117524048515,16,16,13,12,10,0,0,0,0,0,16,16,13,12,10,0,0,0,0,0,16,0.75,0.625,,14,0.9841861288015754
2023_2024,Senate,c. kolker,Chris Kolker,D,SD-016,22458,legiscan_id,0.6204082505499773,0.018296739853626,0.0183272242585804,0.0173343605546995,0.0175712612260835,0.014638226683396,11,11,9,9,7,0,0,0,0,0,11,11,9,9,7,0,0,0,0,0,11,0.8181818181818182,0.6363636363636364,,25,0.6915596381192848
2023_2024,Senate,d. moreno,Dominick Moreno,D,SD-021,14277,legiscan_id,0.7214266305937095,0.018296739853626,0.0183272242585804,0.0211864406779661,0.021475985942991,0.0209117524048515,10,10,10,10,9,1,1,1,1,1,9,9,9,9,8,0,0,0,0,0,10,1.0,0.9,,22,0.7303359173922377
2023_2024,Senate,j. rich,Janice Rich,R,SD-007,20137,legiscan_id,0.4736341980704433,0.0149700598802395,0.0149950016661112,0.0115562403697996,0.0117141741507223,0.0125470514429109,9,9,6,6,6,0,0,0,0,0,9,9,6,6,6,0,0,0,0,0,9,0.6666666666666666,0.6666666666666666,,32,0.5277051661935724
2023_2024,Senate,k. van winkle,Kevin Van Winkle,R,SD-030,16578,legiscan_id,0.746409370961286,0.0249500998003992,0.0249916694435188,0.0173343605546995,0.0175712612260835,0.0188205771643663,15,15,9,9,9,0,0,0,0,0,15,15,9,9,9,0,0,0,0,0,15,0.6,0.6,,21,0.8312272042282972
2023_2024,Senate,r. pelton,Rod Pelton,R,SD-035,20026,legiscan_id,0.4926431079894822,0.0133067198935462,0.0133288903698767,0.0134822804314329,0.0136665365091761,0.014638226683396,8,8,7,7,7,0,0,0,0,0,8,8,7,7,7,0,0,0,0,0,8,0.875,0.875,,31,0.5495402689959372
2023_2024,Senate,l. liston,Larry Liston,R,SD-010,3329,legiscan_id,0.2107853038156841,0.0116433799068529,0.0116627790736421,0.0019260400616332,0.0019523623584537,0.0020911752404851,7,7,1,1,1,0,0,0,0,0,7,7,1,1,1,0,0,0,0,0,7,0.1428571428571428,0.1428571428571428,,36,0.2334055291380365
2023_2024,Senate,t. sullivan,Tom Sullivan,D,SD-027,20140,legiscan_id,0.5405872064636437,0.0166333998669328,0.0166611129623458,0.0134822804314329,0.0136665365091761,0.014638226683396,8,8,5,5,5,2,2,2,2,2,6,6,3,3,3,0,0,0,0,0,8,0.625,0.625,,26,0.4529774568072899
2023_2024,Senate,b. pelton,Byron Pelton,R,SD-001,23972,legiscan_id,0.817314827542032,0.0249500998003992,0.0249916694435188,0.0211864406779661,0.021475985942991,0.0209117524048515,14,14,10,10,9,1,1,1,1,1,13,13,9,9,8,0,0,0,0,0,14,0.7142857142857143,0.6428571428571429,,17,0.8361211305600735
2023_2024,Senate,c. simpson,Cleave Simpson,R,SD-006,22457,legiscan_id,0.7972952264924972,0.0216234198270126,0.0216594468510496,0.0231124807395993,0.0234283483014447,0.0209117524048515,13,13,12,12,10,0,0,0,0,0,13,13,12,12,10,0,0,0,0,0,13,0.9230769230769232,0.7692307692307693,,20,0.8892964629861735
2023_2024,Senate,p. will,Perry Will,R,SD-005,21293,legiscan_id,0.5055111436826156,0.0133067198935462,0.0133288903698767,0.0154083204930662,0.0156188988676298,0.0125470514429109,6,6,6,6,4,2,2,2,2,2,4,4,4,4,2,0,0,0,0,0,6,1.0,0.6666666666666666,,29,0.414483903376519
2023_2024,Senate,j. smallwood,Jim Smallwood,R,SD-002,18728,legiscan_id,0.2386985628604409,0.0066533599467731,0.0066644451849383,0.0077041602465331,0.0058570870753611,0.0062735257214554,4,4,4,3,3,0,0,0,0,0,4,4,4,3,3,0,0,0,0,0,4,0.75,0.75,,34,0.2661801873903316
